0 verbose cli /usr/local/bin/node /usr/local/bin/npm
1 info using npm@10.9.2
2 info using node@v22.14.0
3 silly config load:file:/usr/local/lib/node_modules/npm/npmrc
4 silly config load:file:/workspace/wt-b19c772504/.npmrc
5 silly config load:file:/home/sandbox/.npmrc
6 silly config load:file:/usr/local/etc/npmrc
7 verbose title npm install @mermaid-js/mermaid-cli
8 verbose argv "install" "@mermaid-js/mermaid-cli"
9 verbose logfile logs-max:10 dir:/workspace/wt-b19c772504/.npm-cache/_logs/2026-08-08T06_06_07_942Z-
10 verbose logfile /workspace/wt-b19c772504/.npm-cache/_logs/2026-08-08T06_06_07_942Z-debug-0.log
11 silly logfile done cleaning log files
12 silly packumentCache heap:1098907648 maxSize:274726912 maxEntrySize:137363456
13 silly idealTree buildDeps
14 silly fetch manifest @mermaid-js/mermaid-cli@*
15 silly packumentCache full:https://registry.npmjs.org/@mermaid-js%2fmermaid-cli cache-miss
16 http fetch GET 200 https://registry.npmjs.org/@mermaid-js%2fmermaid-cli 1370ms (cache miss)
17 silly packumentCache full:https://registry.npmjs.org/@mermaid-js%2fmermaid-cli set size:undefined disposed:false
18 silly fetch manifest puppeteer@^23 || ^24 || ^25
19 silly packumentCache full:https://registry.npmjs.org/puppeteer cache-miss
20 http fetch GET 200 https://registry.npmjs.org/puppeteer 2529ms (cache miss)
21 silly packumentCache full:https://registry.npmjs.org/puppeteer set size:undefined disposed:false
22 silly placeDep ROOT @mermaid-js/mermaid-cli@11.16.0 OK for: programming-html-tutorial@1.7.6 want: *
23 silly placeDep ROOT puppeteer@25.5.0 OK for: @mermaid-js/mermaid-cli@11.16.0 want: ^23 || ^24 || ^25
24 silly fetch manifest @fortawesome/fontawesome-free@^6.0.0 || ^7.0.1
25 silly packumentCache full:https://registry.npmjs.org/@fortawesome%2ffontawesome-free cache-miss
26 http fetch GET 200 https://registry.npmjs.org/@fortawesome%2ffontawesome-free 1225ms (cache miss)
27 silly packumentCache full:https://registry.npmjs.org/@fortawesome%2ffontawesome-free set size:undefined disposed:false
28 silly fetch manifest @mermaid-js/layout-elk@^0.1.5 || ^0.2.0
29 silly packumentCache full:https://registry.npmjs.org/@mermaid-js%2flayout-elk cache-miss
30 http fetch GET 200 https://registry.npmjs.org/@mermaid-js%2flayout-elk 878ms (cache miss)
31 silly packumentCache full:https://registry.npmjs.org/@mermaid-js%2flayout-elk set size:undefined disposed:false
32 silly fetch manifest @mermaid-js/mermaid-zenuml@^0.2.0
33 silly packumentCache full:https://registry.npmjs.org/@mermaid-js%2fmermaid-zenuml cache-miss
34 http fetch GET 200 https://registry.npmjs.org/@mermaid-js%2fmermaid-zenuml 947ms (cache miss)
35 silly packumentCache full:https://registry.npmjs.org/@mermaid-js%2fmermaid-zenuml set size:undefined disposed:false
36 silly fetch manifest chalk@^5.0.1
37 silly packumentCache full:https://registry.npmjs.org/chalk cache-miss
38 http fetch GET 200 https://registry.npmjs.org/chalk 246ms (cache revalidated)
39 silly packumentCache full:https://registry.npmjs.org/chalk set size:134775 disposed:false
40 silly fetch manifest commander@^13.1.0
41 silly packumentCache full:https://registry.npmjs.org/commander cache-miss
42 http fetch GET 200 https://registry.npmjs.org/commander 891ms (cache miss)
43 silly packumentCache full:https://registry.npmjs.org/commander set size:undefined disposed:false
44 silly fetch manifest import-meta-resolve@^4.1.0
45 silly packumentCache full:https://registry.npmjs.org/import-meta-resolve cache-miss
46 http fetch GET 200 https://registry.npmjs.org/import-meta-resolve 662ms (cache miss)
47 silly packumentCache full:https://registry.npmjs.org/import-meta-resolve set size:undefined disposed:false
48 silly fetch manifest katex@^0.16.25
49 silly packumentCache full:https://registry.npmjs.org/katex cache-miss
50 http fetch GET 200 https://registry.npmjs.org/katex 1606ms (cache miss)
51 silly packumentCache full:https://registry.npmjs.org/katex set size:undefined disposed:false
52 silly fetch manifest mermaid@^11.14.0
53 silly packumentCache full:https://registry.npmjs.org/mermaid cache-miss
54 http fetch GET 200 https://registry.npmjs.org/mermaid 2746ms (cache miss)
55 silly packumentCache full:https://registry.npmjs.org/mermaid set size:undefined disposed:false
56 silly fetch manifest p-limit@^6.2.0
57 silly packumentCache full:https://registry.npmjs.org/p-limit cache-miss
58 http fetch GET 200 https://registry.npmjs.org/p-limit 227ms (cache revalidated)
59 silly packumentCache full:https://registry.npmjs.org/p-limit set size:63850 disposed:false
60 silly fetch manifest @mermaid-js/layout-tidy-tree@^0.2.1
61 silly packumentCache full:https://registry.npmjs.org/@mermaid-js%2flayout-tidy-tree cache-miss
62 http fetch GET 200 https://registry.npmjs.org/@mermaid-js%2flayout-tidy-tree 320ms (cache miss)
63 silly packumentCache full:https://registry.npmjs.org/@mermaid-js%2flayout-tidy-tree set size:undefined disposed:false
64 silly fetch manifest lilconfig@^3.1.3
65 silly packumentCache full:https://registry.npmjs.org/lilconfig cache-miss
66 http fetch GET 200 https://registry.npmjs.org/lilconfig 647ms (cache miss)
67 silly packumentCache full:https://registry.npmjs.org/lilconfig set size:undefined disposed:false
68 silly fetch manifest chromium-bidi@17.0.2
69 silly packumentCache full:https://registry.npmjs.org/chromium-bidi cache-miss
70 http fetch GET 200 https://registry.npmjs.org/chromium-bidi 1195ms (cache miss)
71 silly packumentCache full:https://registry.npmjs.org/chromium-bidi set size:undefined disposed:false
72 silly fetch manifest puppeteer-core@25.5.0
73 silly packumentCache full:https://registry.npmjs.org/puppeteer-core cache-miss
74 http fetch GET 200 https://registry.npmjs.org/puppeteer-core 1352ms (cache miss)
75 silly packumentCache full:https://registry.npmjs.org/puppeteer-core set size:undefined disposed:false
76 silly fetch manifest devtools-protocol@0.0.1653615
77 silly packumentCache full:https://registry.npmjs.org/devtools-protocol cache-miss
78 http fetch GET 200 https://registry.npmjs.org/devtools-protocol 3805ms (cache miss)
79 silly packumentCache full:https://registry.npmjs.org/devtools-protocol set size:undefined disposed:false
80 silly fetch manifest @puppeteer/browsers@3.1.0
81 silly packumentCache full:https://registry.npmjs.org/@puppeteer%2fbrowsers cache-miss
82 http fetch GET 200 https://registry.npmjs.org/@puppeteer%2fbrowsers 726ms (cache miss)
83 silly packumentCache full:https://registry.npmjs.org/@puppeteer%2fbrowsers set size:undefined disposed:false
84 silly fetch manifest typed-query-selector@^2.12.2
85 silly packumentCache full:https://registry.npmjs.org/typed-query-selector cache-miss
86 http fetch GET 200 https://registry.npmjs.org/typed-query-selector 682ms (cache miss)
87 silly packumentCache full:https://registry.npmjs.org/typed-query-selector set size:undefined disposed:false
88 silly placeDep ROOT @fortawesome/fontawesome-free@7.3.1 OK for: @mermaid-js/mermaid-cli@11.16.0 want: ^6.0.0 || ^7.0.1
89 silly placeDep ROOT @mermaid-js/layout-elk@0.2.2 OK for: @mermaid-js/mermaid-cli@11.16.0 want: ^0.1.5 || ^0.2.0
90 silly placeDep ROOT mermaid@11.16.1 OK for: @mermaid-js/layout-elk@0.2.2 want: ^11.0.2
91 silly placeDep ROOT @mermaid-js/layout-tidy-tree@0.2.2 OK for: @mermaid-js/mermaid-cli@11.16.0 want: ^0.2.1
92 silly placeDep ROOT @mermaid-js/mermaid-zenuml@0.2.3 OK for: @mermaid-js/mermaid-cli@11.16.0 want: ^0.2.0
93 silly placeDep node_modules/@mermaid-js/mermaid-cli chalk@5.6.2 OK for: @mermaid-js/mermaid-cli@11.16.0 want: ^5.0.1
94 silly placeDep ROOT commander@13.1.0 OK for: @mermaid-js/mermaid-cli@11.16.0 want: ^13.1.0
95 silly placeDep ROOT import-meta-resolve@4.2.0 OK for: @mermaid-js/mermaid-cli@11.16.0 want: ^4.1.0
96 silly placeDep ROOT katex@0.16.47 OK for: @mermaid-js/mermaid-cli@11.16.0 want: ^0.16.25
97 silly placeDep node_modules/@mermaid-js/mermaid-cli p-limit@6.2.0 OK for: @mermaid-js/mermaid-cli@11.16.0 want: ^6.2.0
98 silly fetch manifest d3@^7.9.0
99 silly packumentCache full:https://registry.npmjs.org/d3 cache-miss
100 http fetch GET 200 https://registry.npmjs.org/d3 1649ms (cache miss)
101 silly packumentCache full:https://registry.npmjs.org/d3 set size:undefined disposed:false
102 silly fetch manifest elkjs@^0.9.3
103 silly packumentCache full:https://registry.npmjs.org/elkjs cache-miss
104 http fetch GET 200 https://registry.npmjs.org/elkjs 1290ms (cache miss)
105 silly packumentCache full:https://registry.npmjs.org/elkjs set size:undefined disposed:false
106 silly fetch manifest uuid@^11.1.0 || ^12 || ^13 || ^14.0.0
107 silly packumentCache full:https://registry.npmjs.org/uuid cache-miss
108 http fetch GET 200 https://registry.npmjs.org/uuid 1167ms (cache miss)
109 silly packumentCache full:https://registry.npmjs.org/uuid set size:undefined disposed:false
110 silly fetch manifest dayjs@^1.11.20
111 silly packumentCache full:https://registry.npmjs.org/dayjs cache-miss
112 http fetch GET 200 https://registry.npmjs.org/dayjs 1414ms (cache miss)
113 silly packumentCache full:https://registry.npmjs.org/dayjs set size:undefined disposed:false
114 silly fetch manifest katex@^0.16.45
115 silly packumentCache full:https://registry.npmjs.org/katex cache-miss
116 http cache https://registry.npmjs.org/katex 3ms (cache hit)
117 silly packumentCache full:https://registry.npmjs.org/katex set size:649247 disposed:false
118 silly fetch manifest khroma@^2.1.0
119 silly packumentCache full:https://registry.npmjs.org/khroma cache-miss
120 http fetch GET 200 https://registry.npmjs.org/khroma 286ms (cache miss)
121 silly packumentCache full:https://registry.npmjs.org/khroma set size:undefined disposed:false
122 silly fetch manifest marked@^16.3.0
123 silly packumentCache full:https://registry.npmjs.org/marked cache-miss
124 http fetch GET 200 https://registry.npmjs.org/marked 1495ms (cache miss)
125 silly packumentCache full:https://registry.npmjs.org/marked set size:undefined disposed:false
126 silly fetch manifest stylis@^4.3.6
127 silly packumentCache full:https://registry.npmjs.org/stylis cache-miss
128 http fetch GET 200 https://registry.npmjs.org/stylis 1161ms (cache miss)
129 silly packumentCache full:https://registry.npmjs.org/stylis set size:undefined disposed:false
130 silly fetch manifest roughjs@^4.6.6
131 silly packumentCache full:https://registry.npmjs.org/roughjs cache-miss
132 http fetch GET 200 https://registry.npmjs.org/roughjs 1287ms (cache miss)
133 silly packumentCache full:https://registry.npmjs.org/roughjs set size:undefined disposed:false
134 silly fetch manifest @types/d3@^7.4.3
135 silly packumentCache full:https://registry.npmjs.org/@types%2fd3 cache-miss
136 http fetch GET 200 https://registry.npmjs.org/@types%2fd3 3059ms (cache miss)
137 silly packumentCache full:https://registry.npmjs.org/@types%2fd3 set size:undefined disposed:false
138 silly fetch manifest cytoscape@^3.33.3
139 silly packumentCache full:https://registry.npmjs.org/cytoscape cache-miss
140 http fetch GET 200 https://registry.npmjs.org/cytoscape 1745ms (cache miss)
141 silly packumentCache full:https://registry.npmjs.org/cytoscape set size:undefined disposed:false
142 silly fetch manifest d3-sankey@^0.12.3
143 silly packumentCache full:https://registry.npmjs.org/d3-sankey cache-miss
144 http fetch GET 200 https://registry.npmjs.org/d3-sankey 1573ms (cache miss)
145 silly packumentCache full:https://registry.npmjs.org/d3-sankey set size:undefined disposed:false
146 silly fetch manifest dompurify@^3.3.3
147 silly packumentCache full:https://registry.npmjs.org/dompurify cache-miss
148 http fetch GET 200 https://registry.npmjs.org/dompurify 1665ms (cache miss)
149 silly packumentCache full:https://registry.npmjs.org/dompurify set size:undefined disposed:false
150 silly fetch manifest ts-dedent@^2.2.0
151 silly packumentCache full:https://registry.npmjs.org/ts-dedent cache-miss
152 http fetch GET 200 https://registry.npmjs.org/ts-dedent 695ms (cache miss)
153 silly packumentCache full:https://registry.npmjs.org/ts-dedent set size:undefined disposed:false
154 silly fetch manifest es-toolkit@^1.45.1
155 silly packumentCache full:https://registry.npmjs.org/es-toolkit cache-miss
156 http fetch GET 200 https://registry.npmjs.org/es-toolkit 6251ms (cache miss)
157 silly packumentCache full:https://registry.npmjs.org/es-toolkit set size:undefined disposed:false
158 silly fetch manifest dagre-d3-es@7.0.14
159 silly packumentCache full:https://registry.npmjs.org/dagre-d3-es cache-miss
160 http fetch GET 200 https://registry.npmjs.org/dagre-d3-es 661ms (cache miss)
161 silly packumentCache full:https://registry.npmjs.org/dagre-d3-es set size:undefined disposed:false
162 silly fetch manifest @iconify/utils@^3.0.2
163 silly packumentCache full:https://registry.npmjs.org/@iconify%2futils cache-miss
164 http fetch GET 200 https://registry.npmjs.org/@iconify%2futils 1327ms (cache miss)
165 silly packumentCache full:https://registry.npmjs.org/@iconify%2futils set size:undefined disposed:false
166 silly fetch manifest cytoscape-fcose@^2.2.0
167 silly packumentCache full:https://registry.npmjs.org/cytoscape-fcose cache-miss
168 http fetch GET 200 https://registry.npmjs.org/cytoscape-fcose 687ms (cache miss)
169 silly packumentCache full:https://registry.npmjs.org/cytoscape-fcose set size:undefined disposed:false
170 silly fetch manifest @upsetjs/venn.js@^2.0.0
171 silly packumentCache full:https://registry.npmjs.org/@upsetjs%2fvenn.js cache-miss
172 http fetch GET 200 https://registry.npmjs.org/@upsetjs%2fvenn.js 655ms (cache miss)
173 silly packumentCache full:https://registry.npmjs.org/@upsetjs%2fvenn.js set size:undefined disposed:false
174 silly fetch manifest @mermaid-js/parser@^1.2.0
175 silly packumentCache full:https://registry.npmjs.org/@mermaid-js%2fparser cache-miss
176 http fetch GET 200 https://registry.npmjs.org/@mermaid-js%2fparser 689ms (cache miss)
177 silly packumentCache full:https://registry.npmjs.org/@mermaid-js%2fparser set size:undefined disposed:false
178 silly fetch manifest cytoscape-cose-bilkent@^4.1.0
179 silly packumentCache full:https://registry.npmjs.org/cytoscape-cose-bilkent cache-miss
180 http fetch GET 200 https://registry.npmjs.org/cytoscape-cose-bilkent 1381ms (cache miss)
181 silly packumentCache full:https://registry.npmjs.org/cytoscape-cose-bilkent set size:undefined disposed:false
182 silly fetch manifest @braintree/sanitize-url@^7.1.2
183 silly packumentCache full:https://registry.npmjs.org/@braintree%2fsanitize-url cache-miss
184 http fetch GET 200 https://registry.npmjs.org/@braintree%2fsanitize-url 1569ms (cache miss)
185 silly packumentCache full:https://registry.npmjs.org/@braintree%2fsanitize-url set size:undefined disposed:false
186 silly fetch manifest @zenuml/core@^3.47.0
187 silly packumentCache full:https://registry.npmjs.org/@zenuml%2fcore cache-miss
188 http fetch GET 200 https://registry.npmjs.org/@zenuml%2fcore 6006ms (cache miss)
189 silly packumentCache full:https://registry.npmjs.org/@zenuml%2fcore set size:undefined disposed:false
190 silly fetch manifest commander@^8.3.0
191 silly packumentCache full:https://registry.npmjs.org/commander cache-miss
192 http cache https://registry.npmjs.org/commander 5ms (cache hit)
193 silly packumentCache full:https://registry.npmjs.org/commander set size:353115 disposed:false
194 silly fetch manifest yocto-queue@^1.1.1
195 silly packumentCache full:https://registry.npmjs.org/yocto-queue cache-miss
196 http fetch GET 200 https://registry.npmjs.org/yocto-queue 236ms (cache revalidated)
197 silly packumentCache full:https://registry.npmjs.org/yocto-queue set size:20256 disposed:false
198 silly placeDep ROOT d3@7.9.0 OK for: @mermaid-js/layout-elk@0.2.2 want: ^7.9.0
199 silly placeDep ROOT elkjs@0.9.3 OK for: @mermaid-js/layout-elk@0.2.2 want: ^0.9.3
200 silly fetch manifest d3-dsv@3
201 silly packumentCache full:https://registry.npmjs.org/d3-dsv cache-miss
202 http fetch GET 200 https://registry.npmjs.org/d3-dsv 1714ms (cache miss)
203 silly packumentCache full:https://registry.npmjs.org/d3-dsv set size:undefined disposed:false
204 silly fetch manifest d3-geo@3
205 silly packumentCache full:https://registry.npmjs.org/d3-geo cache-miss
206 http fetch GET 200 https://registry.npmjs.org/d3-geo 2399ms (cache miss)
207 silly packumentCache full:https://registry.npmjs.org/d3-geo set size:undefined disposed:false
208 silly fetch manifest d3-axis@3
209 silly packumentCache full:https://registry.npmjs.org/d3-axis cache-miss
210 http fetch GET 200 https://registry.npmjs.org/d3-axis 877ms (cache miss)
211 silly packumentCache full:https://registry.npmjs.org/d3-axis set size:undefined disposed:false
212 silly fetch manifest d3-drag@3
213 silly packumentCache full:https://registry.npmjs.org/d3-drag cache-miss
214 http fetch GET 200 https://registry.npmjs.org/d3-drag 763ms (cache miss)
215 silly packumentCache full:https://registry.npmjs.org/d3-drag set size:undefined disposed:false
216 silly fetch manifest d3-ease@3
217 silly packumentCache full:https://registry.npmjs.org/d3-ease cache-miss
218 http fetch GET 200 https://registry.npmjs.org/d3-ease 972ms (cache miss)
219 silly packumentCache full:https://registry.npmjs.org/d3-ease set size:undefined disposed:false
220 silly fetch manifest d3-path@3
221 silly packumentCache full:https://registry.npmjs.org/d3-path cache-miss
222 http fetch GET 200 https://registry.npmjs.org/d3-path 1368ms (cache miss)
223 silly packumentCache full:https://registry.npmjs.org/d3-path set size:undefined disposed:false
224 silly fetch manifest d3-time@3
225 silly packumentCache full:https://registry.npmjs.org/d3-time cache-miss
226 http fetch GET 200 https://registry.npmjs.org/d3-time 2413ms (cache miss)
227 silly packumentCache full:https://registry.npmjs.org/d3-time set size:undefined disposed:false
228 silly fetch manifest d3-zoom@3
229 silly packumentCache full:https://registry.npmjs.org/d3-zoom cache-miss
230 http fetch GET 200 https://registry.npmjs.org/d3-zoom 1224ms (cache miss)
231 silly packumentCache full:https://registry.npmjs.org/d3-zoom set size:undefined disposed:false
232 silly fetch manifest d3-array@3
233 silly packumentCache full:https://registry.npmjs.org/d3-array cache-miss
234 http fetch GET 200 https://registry.npmjs.org/d3-array 1505ms (cache miss)
235 silly packumentCache full:https://registry.npmjs.org/d3-array set size:undefined disposed:false
236 silly fetch manifest d3-brush@3
237 silly packumentCache full:https://registry.npmjs.org/d3-brush cache-miss
238 http fetch GET 200 https://registry.npmjs.org/d3-brush 1082ms (cache miss)
239 silly packumentCache full:https://registry.npmjs.org/d3-brush set size:undefined disposed:false
240 silly fetch manifest d3-chord@3
241 silly packumentCache full:https://registry.npmjs.org/d3-chord cache-miss
242 http fetch GET 200 https://registry.npmjs.org/d3-chord 774ms (cache miss)
243 silly packumentCache full:https://registry.npmjs.org/d3-chord set size:undefined disposed:false
244 silly fetch manifest d3-color@3
245 silly packumentCache full:https://registry.npmjs.org/d3-color cache-miss
246 http fetch GET 200 https://registry.npmjs.org/d3-color 1100ms (cache miss)
247 silly packumentCache full:https://registry.npmjs.org/d3-color set size:undefined disposed:false
248 silly fetch manifest d3-fetch@3
249 silly packumentCache full:https://registry.npmjs.org/d3-fetch cache-miss
250 http fetch GET 200 https://registry.npmjs.org/d3-fetch 1105ms (cache miss)
251 silly packumentCache full:https://registry.npmjs.org/d3-fetch set size:undefined disposed:false
252 silly fetch manifest d3-force@3
253 silly packumentCache full:https://registry.npmjs.org/d3-force cache-miss
254 http fetch GET 200 https://registry.npmjs.org/d3-force 2125ms (cache miss)
255 silly packumentCache full:https://registry.npmjs.org/d3-force set size:undefined disposed:false
256 silly fetch manifest d3-scale@4
257 silly packumentCache full:https://registry.npmjs.org/d3-scale cache-miss
258 http fetch GET 200 https://registry.npmjs.org/d3-scale 3296ms (cache miss)
259 silly packumentCache full:https://registry.npmjs.org/d3-scale set size:undefined disposed:false
260 silly fetch manifest d3-shape@3
261 silly packumentCache full:https://registry.npmjs.org/d3-shape cache-miss
262 http fetch GET 200 https://registry.npmjs.org/d3-shape 1316ms (cache miss)
263 silly packumentCache full:https://registry.npmjs.org/d3-shape set size:undefined disposed:false
264 silly fetch manifest d3-timer@3
265 silly packumentCache full:https://registry.npmjs.org/d3-timer cache-miss
266 http fetch GET 200 https://registry.npmjs.org/d3-timer 782ms (cache miss)
267 silly packumentCache full:https://registry.npmjs.org/d3-timer set size:undefined disposed:false
268 silly fetch manifest d3-format@3
269 silly packumentCache full:https://registry.npmjs.org/d3-format cache-miss
270 http fetch GET 200 https://registry.npmjs.org/d3-format 1280ms (cache miss)
271 silly packumentCache full:https://registry.npmjs.org/d3-format set size:undefined disposed:false
272 silly fetch manifest d3-random@3
273 silly packumentCache full:https://registry.npmjs.org/d3-random cache-miss
274 http fetch GET 200 https://registry.npmjs.org/d3-random 735ms (cache miss)
275 silly packumentCache full:https://registry.npmjs.org/d3-random set size:undefined disposed:false
276 silly fetch manifest d3-contour@4
277 silly packumentCache full:https://registry.npmjs.org/d3-contour cache-miss
278 http fetch GET 200 https://registry.npmjs.org/d3-contour 1173ms (cache miss)
279 silly packumentCache full:https://registry.npmjs.org/d3-contour set size:undefined disposed:false
280 silly fetch manifest d3-polygon@3
281 silly packumentCache full:https://registry.npmjs.org/d3-polygon cache-miss
282 http fetch GET 200 https://registry.npmjs.org/d3-polygon 576ms (cache miss)
283 silly packumentCache full:https://registry.npmjs.org/d3-polygon set size:undefined disposed:false
284 silly fetch manifest d3-delaunay@6
285 silly packumentCache full:https://registry.npmjs.org/d3-delaunay cache-miss
286 http fetch GET 200 https://registry.npmjs.org/d3-delaunay 1055ms (cache miss)
287 silly packumentCache full:https://registry.npmjs.org/d3-delaunay set size:undefined disposed:false
288 silly fetch manifest d3-dispatch@3
289 silly packumentCache full:https://registry.npmjs.org/d3-dispatch cache-miss
290 http fetch GET 200 https://registry.npmjs.org/d3-dispatch 639ms (cache miss)
291 silly packumentCache full:https://registry.npmjs.org/d3-dispatch set size:undefined disposed:false
292 silly fetch manifest d3-quadtree@3
293 silly packumentCache full:https://registry.npmjs.org/d3-quadtree cache-miss
294 http fetch GET 200 https://registry.npmjs.org/d3-quadtree 770ms (cache miss)
295 silly packumentCache full:https://registry.npmjs.org/d3-quadtree set size:undefined disposed:false
296 silly fetch manifest d3-hierarchy@3
297 silly packumentCache full:https://registry.npmjs.org/d3-hierarchy cache-miss
298 http fetch GET 200 https://registry.npmjs.org/d3-hierarchy 1873ms (cache miss)
299 silly packumentCache full:https://registry.npmjs.org/d3-hierarchy set size:undefined disposed:false
300 silly fetch manifest d3-selection@3
301 silly packumentCache full:https://registry.npmjs.org/d3-selection cache-miss
302 http fetch GET 200 https://registry.npmjs.org/d3-selection 1826ms (cache miss)
303 silly packumentCache full:https://registry.npmjs.org/d3-selection set size:undefined disposed:false
304 silly fetch manifest d3-transition@3
305 silly packumentCache full:https://registry.npmjs.org/d3-transition cache-miss
306 http fetch GET 200 https://registry.npmjs.org/d3-transition 2167ms (cache miss)
307 silly packumentCache full:https://registry.npmjs.org/d3-transition set size:undefined disposed:false
308 silly fetch manifest d3-interpolate@3
309 silly packumentCache full:https://registry.npmjs.org/d3-interpolate cache-miss
310 http fetch GET 200 https://registry.npmjs.org/d3-interpolate 1221ms (cache miss)
311 silly packumentCache full:https://registry.npmjs.org/d3-interpolate set size:undefined disposed:false
312 silly fetch manifest d3-time-format@4
313 silly packumentCache full:https://registry.npmjs.org/d3-time-format cache-miss
314 http fetch GET 200 https://registry.npmjs.org/d3-time-format 775ms (cache miss)
315 silly packumentCache full:https://registry.npmjs.org/d3-time-format set size:undefined disposed:false
316 silly fetch manifest d3-scale-chromatic@3
317 silly packumentCache full:https://registry.npmjs.org/d3-scale-chromatic cache-miss
318 http fetch GET 200 https://registry.npmjs.org/d3-scale-chromatic 597ms (cache miss)
319 silly packumentCache full:https://registry.npmjs.org/d3-scale-chromatic set size:undefined disposed:false
320 silly fetch manifest playwright-core@1.57.0
321 silly packumentCache full:https://registry.npmjs.org/playwright-core cache-miss
322 http fetch GET 200 https://registry.npmjs.org/playwright-core 44142ms (cache miss)
323 silly packumentCache full:https://registry.npmjs.org/playwright-core set size:undefined disposed:false
324 silly placeDep ROOT @zenuml/core@3.50.1 OK for: @mermaid-js/mermaid-zenuml@0.2.3 want: ^3.47.0
325 silly fetch manifest clsx@^2.1.1
326 silly packumentCache full:https://registry.npmjs.org/clsx cache-miss
327 http fetch GET 200 https://registry.npmjs.org/clsx 655ms (cache miss)
328 silly packumentCache full:https://registry.npmjs.org/clsx set size:undefined disposed:false
329 silly fetch manifest jotai@^2.16.1
330 silly packumentCache full:https://registry.npmjs.org/jotai cache-miss
331 http fetch GET 200 https://registry.npmjs.org/jotai 2341ms (cache miss)
332 silly packumentCache full:https://registry.npmjs.org/jotai set size:undefined disposed:false
333 silly fetch manifest react@^19.2.3
334 silly packumentCache full:https://registry.npmjs.org/react cache-miss
335 http fetch GET 200 https://registry.npmjs.org/react 11851ms (cache miss)
336 silly packumentCache full:https://registry.npmjs.org/react set size:undefined disposed:false
337 silly fetch manifest antlr4@~4.11.0
338 silly packumentCache full:https://registry.npmjs.org/antlr4 cache-miss
339 http fetch GET 200 https://registry.npmjs.org/antlr4 785ms (cache miss)
340 silly packumentCache full:https://registry.npmjs.org/antlr4 set size:undefined disposed:false
341 silly fetch manifest marked@^4.3.0
342 silly packumentCache full:https://registry.npmjs.org/marked cache-miss
343 http cache https://registry.npmjs.org/marked 4ms (cache hit)
344 silly packumentCache full:https://registry.npmjs.org/marked set size:766208 disposed:false
345 silly fetch manifest dompurify@^3.3.1
346 silly packumentCache full:https://registry.npmjs.org/dompurify cache-miss
347 http cache https://registry.npmjs.org/dompurify 4ms (cache hit)
348 silly packumentCache full:https://registry.npmjs.org/dompurify set size:737620 disposed:false
349 silly fetch manifest react-dom@^19.2.3
350 silly packumentCache full:https://registry.npmjs.org/react-dom cache-miss
351 http fetch GET 200 https://registry.npmjs.org/react-dom 12461ms (cache miss)
352 silly packumentCache full:https://registry.npmjs.org/react-dom set size:undefined disposed:false
353 silly fetch manifest color-string@^2.1.4
354 silly packumentCache full:https://registry.npmjs.org/color-string cache-miss
355 http fetch GET 200 https://registry.npmjs.org/color-string 835ms (cache miss)
356 silly packumentCache full:https://registry.npmjs.org/color-string set size:undefined disposed:false
357 silly fetch manifest highlight.js@^11.10.0
358 silly packumentCache full:https://registry.npmjs.org/highlight.js cache-miss
359 http fetch GET 200 https://registry.npmjs.org/highlight.js 1726ms (cache miss)
360 silly packumentCache full:https://registry.npmjs.org/highlight.js set size:undefined disposed:false
361 silly fetch manifest html-to-image@^1.11.13
362 silly packumentCache full:https://registry.npmjs.org/html-to-image cache-miss
363 http fetch GET 200 https://registry.npmjs.org/html-to-image 1345ms (cache miss)
364 silly packumentCache full:https://registry.npmjs.org/html-to-image set size:undefined disposed:false
365 silly fetch manifest tailwind-merge@^3.4.0
366 silly packumentCache full:https://registry.npmjs.org/tailwind-merge cache-miss
367 http fetch GET 200 https://registry.npmjs.org/tailwind-merge 2533ms (cache miss)
368 silly packumentCache full:https://registry.npmjs.org/tailwind-merge set size:undefined disposed:false
369 silly fetch manifest @headlessui/react@^2.2.9
370 silly packumentCache full:https://registry.npmjs.org/@headlessui%2freact cache-miss
371 http fetch GET 200 https://registry.npmjs.org/@headlessui%2freact 5015ms (cache miss)
372 silly packumentCache full:https://registry.npmjs.org/@headlessui%2freact set size:undefined disposed:false
373 silly fetch manifest @floating-ui/react@^0.27.16
374 silly packumentCache full:https://registry.npmjs.org/@floating-ui%2freact cache-miss
375 http fetch GET 200 https://registry.npmjs.org/@floating-ui%2freact 1393ms (cache miss)
376 silly packumentCache full:https://registry.npmjs.org/@floating-ui%2freact set size:undefined disposed:false
377 silly fetch manifest @headlessui/tailwindcss@^0.2.2
378 silly packumentCache full:https://registry.npmjs.org/@headlessui%2ftailwindcss cache-miss
379 http fetch GET 200 https://registry.npmjs.org/@headlessui%2ftailwindcss 2992ms (cache miss)
380 silly packumentCache full:https://registry.npmjs.org/@headlessui%2ftailwindcss set size:undefined disposed:false
381 silly fetch manifest class-variance-authority@^0.7.1
382 silly packumentCache full:https://registry.npmjs.org/class-variance-authority cache-miss
383 http fetch GET 200 https://registry.npmjs.org/class-variance-authority 639ms (cache miss)
384 silly packumentCache full:https://registry.npmjs.org/class-variance-authority set size:undefined disposed:false
385 silly fetch manifest @napi-rs/canvas@^0.1.97
386 silly packumentCache full:https://registry.npmjs.org/@napi-rs%2fcanvas cache-miss
387 http fetch GET 200 https://registry.npmjs.org/@napi-rs%2fcanvas 1209ms (cache miss)
388 silly packumentCache full:https://registry.npmjs.org/@napi-rs%2fcanvas set size:undefined disposed:false
389 silly fetch manifest @babel/core@>=7.0.0
390 silly packumentCache full:https://registry.npmjs.org/@babel%2fcore cache-miss
391 http fetch GET 200 https://registry.npmjs.org/@babel%2fcore 241ms (cache revalidated)
392 silly packumentCache full:https://registry.npmjs.org/@babel%2fcore set size:788273 disposed:false
393 silly fetch manifest @babel/template@>=7.0.0
394 silly packumentCache full:https://registry.npmjs.org/@babel%2ftemplate cache-miss
395 http fetch GET 200 https://registry.npmjs.org/@babel%2ftemplate 240ms (cache revalidated)
396 silly packumentCache full:https://registry.npmjs.org/@babel%2ftemplate set size:237074 disposed:false
397 silly fetch manifest @types/react@>=17.0.0
398 silly packumentCache full:https://registry.npmjs.org/@types%2freact cache-miss
399 http fetch GET 200 https://registry.npmjs.org/@types%2freact 4393ms (cache miss)
400 silly packumentCache full:https://registry.npmjs.org/@types%2freact set size:undefined disposed:false
401 silly fetch manifest tailwindcss@^3.0 || ^4.0
402 silly packumentCache full:https://registry.npmjs.org/tailwindcss cache-miss
403 http fetch GET 200 https://registry.npmjs.org/tailwindcss 13864ms (cache miss)
404 silly packumentCache full:https://registry.npmjs.org/tailwindcss set size:undefined disposed:false
405 silly placeDep ROOT @floating-ui/react@0.27.20 OK for: @zenuml/core@3.50.1 want: ^0.27.16
406 silly placeDep ROOT react@19.2.8 OK for: @floating-ui/react@0.27.20 want: >=17.0.0
407 silly placeDep ROOT react-dom@19.2.8 OK for: @floating-ui/react@0.27.20 want: >=17.0.0
408 silly placeDep ROOT @headlessui/react@2.2.10 OK for: @zenuml/core@3.50.1 want: ^2.2.9
409 silly placeDep ROOT @headlessui/tailwindcss@0.2.2 OK for: @zenuml/core@3.50.1 want: ^0.2.2
410 silly placeDep ROOT tailwindcss@4.3.3 OK for: @headlessui/tailwindcss@0.2.2 want: ^3.0 || ^4.0
411 silly placeDep ROOT @napi-rs/canvas@0.1.100 OK for: @zenuml/core@3.50.1 want: ^0.1.97
412 silly placeDep ROOT antlr4@4.11.0 OK for: @zenuml/core@3.50.1 want: ~4.11.0
413 silly placeDep ROOT class-variance-authority@0.7.1 OK for: @zenuml/core@3.50.1 want: ^0.7.1
414 silly placeDep ROOT clsx@2.1.1 OK for: @zenuml/core@3.50.1 want: ^2.1.1
415 silly placeDep ROOT color-string@2.1.4 OK for: @zenuml/core@3.50.1 want: ^2.1.4
416 silly placeDep ROOT dompurify@3.4.13 OK for: @zenuml/core@3.50.1 want: ^3.3.1
417 silly placeDep ROOT highlight.js@11.11.1 OK for: @zenuml/core@3.50.1 want: ^11.10.0
418 silly placeDep ROOT html-to-image@1.11.13 OK for: @zenuml/core@3.50.1 want: ^1.11.13
419 silly placeDep ROOT jotai@2.20.2 OK for: @zenuml/core@3.50.1 want: ^2.16.1
420 silly placeDep ROOT marked@4.3.0 OK for: @zenuml/core@3.50.1 want: ^4.3.0
421 silly placeDep ROOT tailwind-merge@3.6.0 OK for: @zenuml/core@3.50.1 want: ^3.4.0
422 silly fetch manifest tabbable@^6.0.0
423 silly packumentCache full:https://registry.npmjs.org/tabbable cache-miss
424 http fetch GET 200 https://registry.npmjs.org/tabbable 743ms (cache miss)
425 silly packumentCache full:https://registry.npmjs.org/tabbable set size:undefined disposed:false
426 silly fetch manifest @floating-ui/react-dom@^2.1.9
427 silly packumentCache full:https://registry.npmjs.org/@floating-ui%2freact-dom cache-miss
428 http fetch GET 200 https://registry.npmjs.org/@floating-ui%2freact-dom 1296ms (cache miss)
429 silly packumentCache full:https://registry.npmjs.org/@floating-ui%2freact-dom set size:undefined disposed:false
430 silly fetch manifest @floating-ui/utils@^0.2.12
431 silly packumentCache full:https://registry.npmjs.org/@floating-ui%2futils cache-miss
432 http fetch GET 200 https://registry.npmjs.org/@floating-ui%2futils 910ms (cache miss)
433 silly packumentCache full:https://registry.npmjs.org/@floating-ui%2futils set size:undefined disposed:false
434 silly fetch manifest scheduler@^0.27.0
435 silly packumentCache full:https://registry.npmjs.org/scheduler cache-miss
436 http fetch GET 200 https://registry.npmjs.org/scheduler 13121ms (cache miss)
437 silly packumentCache full:https://registry.npmjs.org/scheduler set size:undefined disposed:false
438 silly fetch manifest @react-aria/focus@^3.20.2
439 silly packumentCache full:https://registry.npmjs.org/@react-aria%2ffocus cache-miss
440 http fetch GET 200 https://registry.npmjs.org/@react-aria%2ffocus 6752ms (cache miss)
441 silly packumentCache full:https://registry.npmjs.org/@react-aria%2ffocus set size:undefined disposed:false
442 silly fetch manifest @floating-ui/react@^0.26.16
443 silly packumentCache full:https://registry.npmjs.org/@floating-ui%2freact cache-miss
444 http cache https://registry.npmjs.org/@floating-ui%2freact 4ms (cache hit)
445 silly packumentCache full:https://registry.npmjs.org/@floating-ui%2freact set size:282771 disposed:false
446 silly fetch manifest @tanstack/react-virtual@^3.13.9
447 silly packumentCache full:https://registry.npmjs.org/@tanstack%2freact-virtual cache-miss
448 http fetch GET 200 https://registry.npmjs.org/@tanstack%2freact-virtual 1534ms (cache miss)
449 silly packumentCache full:https://registry.npmjs.org/@tanstack%2freact-virtual set size:undefined disposed:false
450 silly fetch manifest use-sync-external-store@^1.5.0
451 silly packumentCache full:https://registry.npmjs.org/use-sync-external-store cache-miss
452 http fetch GET 200 https://registry.npmjs.org/use-sync-external-store 10090ms (cache miss)
453 silly packumentCache full:https://registry.npmjs.org/use-sync-external-store set size:undefined disposed:false
454 silly fetch manifest @react-aria/interactions@^3.25.0
455 silly packumentCache full:https://registry.npmjs.org/@react-aria%2finteractions cache-miss
456 http fetch GET 200 https://registry.npmjs.org/@react-aria%2finteractions 7887ms (cache miss)
457 silly packumentCache full:https://registry.npmjs.org/@react-aria%2finteractions set size:undefined disposed:false
458 silly fetch manifest @napi-rs/canvas-darwin-x64@0.1.100
459 silly packumentCache full:https://registry.npmjs.org/@napi-rs%2fcanvas-darwin-x64 cache-miss
460 http fetch GET 200 https://registry.npmjs.org/@napi-rs%2fcanvas-darwin-x64 1005ms (cache miss)
461 silly packumentCache full:https://registry.npmjs.org/@napi-rs%2fcanvas-darwin-x64 set size:undefined disposed:false
462 silly fetch manifest @napi-rs/canvas-darwin-arm64@0.1.100
463 silly packumentCache full:https://registry.npmjs.org/@napi-rs%2fcanvas-darwin-arm64 cache-miss
464 http fetch GET 200 https://registry.npmjs.org/@napi-rs%2fcanvas-darwin-arm64 988ms (cache miss)
465 silly packumentCache full:https://registry.npmjs.org/@napi-rs%2fcanvas-darwin-arm64 set size:undefined disposed:false
466 silly fetch manifest @napi-rs/canvas-android-arm64@0.1.100
467 silly packumentCache full:https://registry.npmjs.org/@napi-rs%2fcanvas-android-arm64 cache-miss
468 http fetch GET 200 https://registry.npmjs.org/@napi-rs%2fcanvas-android-arm64 1617ms (cache miss)
469 silly packumentCache full:https://registry.npmjs.org/@napi-rs%2fcanvas-android-arm64 set size:undefined disposed:false
470 silly fetch manifest @napi-rs/canvas-linux-x64-gnu@0.1.100
471 silly packumentCache full:https://registry.npmjs.org/@napi-rs%2fcanvas-linux-x64-gnu cache-miss
472 http fetch GET 200 https://registry.npmjs.org/@napi-rs%2fcanvas-linux-x64-gnu 739ms (cache miss)
473 silly packumentCache full:https://registry.npmjs.org/@napi-rs%2fcanvas-linux-x64-gnu set size:undefined disposed:false
474 silly fetch manifest @napi-rs/canvas-linux-x64-musl@0.1.100
475 silly packumentCache full:https://registry.npmjs.org/@napi-rs%2fcanvas-linux-x64-musl cache-miss
476 http fetch GET 200 https://registry.npmjs.org/@napi-rs%2fcanvas-linux-x64-musl 871ms (cache miss)
477 silly packumentCache full:https://registry.npmjs.org/@napi-rs%2fcanvas-linux-x64-musl set size:undefined disposed:false
478 silly fetch manifest @napi-rs/canvas-win32-x64-msvc@0.1.100
479 silly packumentCache full:https://registry.npmjs.org/@napi-rs%2fcanvas-win32-x64-msvc cache-miss
480 http fetch GET 200 https://registry.npmjs.org/@napi-rs%2fcanvas-win32-x64-msvc 1374ms (cache miss)
481 silly packumentCache full:https://registry.npmjs.org/@napi-rs%2fcanvas-win32-x64-msvc set size:undefined disposed:false
482 silly fetch manifest @napi-rs/canvas-linux-arm64-gnu@0.1.100
483 silly packumentCache full:https://registry.npmjs.org/@napi-rs%2fcanvas-linux-arm64-gnu cache-miss
484 http fetch GET 200 https://registry.npmjs.org/@napi-rs%2fcanvas-linux-arm64-gnu 1196ms (cache miss)
485 silly packumentCache full:https://registry.npmjs.org/@napi-rs%2fcanvas-linux-arm64-gnu set size:undefined disposed:false
486 silly fetch manifest @napi-rs/canvas-linux-arm64-musl@0.1.100
487 silly packumentCache full:https://registry.npmjs.org/@napi-rs%2fcanvas-linux-arm64-musl cache-miss
488 http fetch GET 200 https://registry.npmjs.org/@napi-rs%2fcanvas-linux-arm64-musl 1401ms (cache miss)
489 silly packumentCache full:https://registry.npmjs.org/@napi-rs%2fcanvas-linux-arm64-musl set size:undefined disposed:false
490 silly fetch manifest @napi-rs/canvas-win32-arm64-msvc@0.1.100
491 silly packumentCache full:https://registry.npmjs.org/@napi-rs%2fcanvas-win32-arm64-msvc cache-miss
492 http fetch GET 200 https://registry.npmjs.org/@napi-rs%2fcanvas-win32-arm64-msvc 292ms (cache miss)
493 silly packumentCache full:https://registry.npmjs.org/@napi-rs%2fcanvas-win32-arm64-msvc set size:undefined disposed:false
494 silly fetch manifest @napi-rs/canvas-linux-riscv64-gnu@0.1.100
495 silly packumentCache full:https://registry.npmjs.org/@napi-rs%2fcanvas-linux-riscv64-gnu cache-miss
496 http fetch GET 200 https://registry.npmjs.org/@napi-rs%2fcanvas-linux-riscv64-gnu 1209ms (cache miss)
497 silly packumentCache full:https://registry.npmjs.org/@napi-rs%2fcanvas-linux-riscv64-gnu set size:undefined disposed:false
498 silly fetch manifest @napi-rs/canvas-linux-arm-gnueabihf@0.1.100
499 silly packumentCache full:https://registry.npmjs.org/@napi-rs%2fcanvas-linux-arm-gnueabihf cache-miss
500 http fetch GET 200 https://registry.npmjs.org/@napi-rs%2fcanvas-linux-arm-gnueabihf 2134ms (cache miss)
501 silly packumentCache full:https://registry.npmjs.org/@napi-rs%2fcanvas-linux-arm-gnueabihf set size:undefined disposed:false
502 silly fetch manifest color-name@^2.0.0
503 silly packumentCache full:https://registry.npmjs.org/color-name cache-miss
504 http fetch GET 200 https://registry.npmjs.org/color-name 237ms (cache revalidated)
505 silly packumentCache full:https://registry.npmjs.org/color-name set size:20968 disposed:false
506 silly fetch manifest @types/trusted-types@^2.0.7
507 silly packumentCache full:https://registry.npmjs.org/@types%2ftrusted-types cache-miss
508 http fetch GET 200 https://registry.npmjs.org/@types%2ftrusted-types 325ms (cache miss)
509 silly packumentCache full:https://registry.npmjs.org/@types%2ftrusted-types set size:undefined disposed:false
510 silly fetch manifest react@>=17.0.0
511 silly packumentCache full:https://registry.npmjs.org/react cache-miss
512 http cache https://registry.npmjs.org/react 13ms (cache hit)
513 silly packumentCache full:https://registry.npmjs.org/react set size:6873639 disposed:false
514 silly fetch manifest react-dom@>=17.0.0
515 silly packumentCache full:https://registry.npmjs.org/react-dom cache-miss
516 http cache https://registry.npmjs.org/react-dom 20ms (cache hit)
517 silly packumentCache full:https://registry.npmjs.org/react-dom set size:9229396 disposed:false
518 silly placeDep ROOT @floating-ui/react-dom@2.1.9 OK for: @floating-ui/react@0.27.20 want: ^2.1.9
519 silly placeDep ROOT @floating-ui/utils@0.2.12 OK for: @floating-ui/react@0.27.20 want: ^0.2.12
520 silly placeDep ROOT tabbable@6.5.0 OK for: @floating-ui/react@0.27.20 want: ^6.0.0
521 silly fetch manifest @floating-ui/dom@^1.8.0
522 silly packumentCache full:https://registry.npmjs.org/@floating-ui%2fdom cache-miss
523 http fetch GET 200 https://registry.npmjs.org/@floating-ui%2fdom 1259ms (cache miss)
524 silly packumentCache full:https://registry.npmjs.org/@floating-ui%2fdom set size:undefined disposed:false
525 silly placeDep ROOT @floating-ui/dom@1.8.0 OK for: @floating-ui/react-dom@2.1.9 want: ^1.8.0
526 silly fetch manifest @floating-ui/core@^1.8.0
527 silly packumentCache full:https://registry.npmjs.org/@floating-ui%2fcore cache-miss
528 http fetch GET 200 https://registry.npmjs.org/@floating-ui%2fcore 958ms (cache miss)
529 silly packumentCache full:https://registry.npmjs.org/@floating-ui%2fcore set size:undefined disposed:false
530 silly placeDep ROOT @floating-ui/core@1.8.0 OK for: @floating-ui/dom@1.8.0 want: ^1.8.0
531 silly fetch manifest react@^18 || ^19 || ^19.0.0-rc
532 silly packumentCache full:https://registry.npmjs.org/react cache-miss
533 http cache https://registry.npmjs.org/react 12ms (cache hit)
534 silly packumentCache full:https://registry.npmjs.org/react set size:6873639 disposed:false
535 silly fetch manifest react-dom@^18 || ^19 || ^19.0.0-rc
536 silly packumentCache full:https://registry.npmjs.org/react-dom cache-miss
537 http cache https://registry.npmjs.org/react-dom 22ms (cache hit)
538 silly packumentCache full:https://registry.npmjs.org/react-dom set size:9229396 disposed:false
539 silly placeDep node_modules/@headlessui/react @floating-ui/react@0.26.28 OK for: @headlessui/react@2.2.10 want: ^0.26.16
540 silly placeDep ROOT @react-aria/focus@3.22.1 OK for: @headlessui/react@2.2.10 want: ^3.20.2
541 silly placeDep ROOT @react-aria/interactions@3.28.1 OK for: @headlessui/react@2.2.10 want: ^3.25.0
542 silly placeDep ROOT @tanstack/react-virtual@3.14.9 OK for: @headlessui/react@2.2.10 want: ^3.13.9
543 silly placeDep ROOT use-sync-external-store@1.6.0 OK for: @headlessui/react@2.2.10 want: ^1.5.0
544 silly fetch manifest react-aria@^3.48.0
545 silly packumentCache full:https://registry.npmjs.org/react-aria cache-miss
546 http fetch GET 200 https://registry.npmjs.org/react-aria 8387ms (cache miss)
547 silly packumentCache full:https://registry.npmjs.org/react-aria set size:undefined disposed:false
548 silly fetch manifest @swc/helpers@^0.5.0
549 silly packumentCache full:https://registry.npmjs.org/@swc%2fhelpers cache-miss
550 http fetch GET 200 https://registry.npmjs.org/@swc%2fhelpers 258ms (cache revalidated)
551 silly packumentCache full:https://registry.npmjs.org/@swc%2fhelpers set size:775458 disposed:false
552 silly fetch manifest @react-types/shared@^3.34.0
553 silly packumentCache full:https://registry.npmjs.org/@react-types%2fshared cache-miss
554 http fetch GET 200 https://registry.npmjs.org/@react-types%2fshared 6967ms (cache miss)
555 silly packumentCache full:https://registry.npmjs.org/@react-types%2fshared set size:undefined disposed:false
556 silly fetch manifest @tanstack/virtual-core@3.17.7
557 silly packumentCache full:https://registry.npmjs.org/@tanstack%2fvirtual-core cache-miss
558 http fetch GET 200 https://registry.npmjs.org/@tanstack%2fvirtual-core 1048ms (cache miss)
559 silly packumentCache full:https://registry.npmjs.org/@tanstack%2fvirtual-core set size:undefined disposed:false
560 silly placeDep ROOT @napi-rs/canvas-android-arm64@0.1.100 OK for: @napi-rs/canvas@0.1.100 want: 0.1.100
561 silly placeDep ROOT @napi-rs/canvas-darwin-arm64@0.1.100 OK for: @napi-rs/canvas@0.1.100 want: 0.1.100
562 silly placeDep ROOT @napi-rs/canvas-darwin-x64@0.1.100 OK for: @napi-rs/canvas@0.1.100 want: 0.1.100
563 silly placeDep ROOT @napi-rs/canvas-linux-arm-gnueabihf@0.1.100 OK for: @napi-rs/canvas@0.1.100 want: 0.1.100
564 silly placeDep ROOT @napi-rs/canvas-linux-arm64-gnu@0.1.100 OK for: @napi-rs/canvas@0.1.100 want: 0.1.100
565 silly placeDep ROOT @napi-rs/canvas-linux-arm64-musl@0.1.100 OK for: @napi-rs/canvas@0.1.100 want: 0.1.100
566 silly placeDep ROOT @napi-rs/canvas-linux-riscv64-gnu@0.1.100 OK for: @napi-rs/canvas@0.1.100 want: 0.1.100
567 silly placeDep ROOT @napi-rs/canvas-linux-x64-gnu@0.1.100 OK for: @napi-rs/canvas@0.1.100 want: 0.1.100
568 silly placeDep ROOT @napi-rs/canvas-linux-x64-musl@0.1.100 OK for: @napi-rs/canvas@0.1.100 want: 0.1.100
569 silly placeDep ROOT @napi-rs/canvas-win32-arm64-msvc@0.1.100 OK for: @napi-rs/canvas@0.1.100 want: 0.1.100
570 silly placeDep ROOT @napi-rs/canvas-win32-x64-msvc@0.1.100 OK for: @napi-rs/canvas@0.1.100 want: 0.1.100
571 silly fetch manifest react@^16.8.0 || ^17.0.0-rc.1 || ^18.0.0 || ^19.0.0-rc.1
572 silly packumentCache full:https://registry.npmjs.org/react cache-miss
573 http cache https://registry.npmjs.org/react 12ms (cache hit)
574 silly packumentCache full:https://registry.npmjs.org/react set size:6873639 disposed:false
575 silly fetch manifest react-dom@^16.8.0 || ^17.0.0-rc.1 || ^18.0.0 || ^19.0.0-rc.1
576 silly packumentCache full:https://registry.npmjs.org/react-dom cache-miss
577 http cache https://registry.npmjs.org/react-dom 19ms (cache hit)
578 silly packumentCache full:https://registry.npmjs.org/react-dom set size:9229396 disposed:false
579 silly placeDep ROOT @swc/helpers@0.5.23 OK for: @react-aria/focus@3.22.1 want: ^0.5.0
580 silly placeDep ROOT react-aria@3.51.0 OK for: @react-aria/focus@3.22.1 want: ^3.48.0
581 silly fetch manifest tslib@^2.8.0
582 silly packumentCache full:https://registry.npmjs.org/tslib cache-miss
583 http fetch GET 200 https://registry.npmjs.org/tslib 673ms (cache miss)
584 silly packumentCache full:https://registry.npmjs.org/tslib set size:undefined disposed:false
585 silly fetch manifest aria-hidden@^1.2.3
586 silly packumentCache full:https://registry.npmjs.org/aria-hidden cache-miss
587 http fetch GET 200 https://registry.npmjs.org/aria-hidden 554ms (cache miss)
588 silly packumentCache full:https://registry.npmjs.org/aria-hidden set size:undefined disposed:false
589 silly fetch manifest react-stately@3.49.0
590 silly packumentCache full:https://registry.npmjs.org/react-stately cache-miss
591 http fetch GET 200 https://registry.npmjs.org/react-stately 7617ms (cache miss)
592 silly packumentCache full:https://registry.npmjs.org/react-stately set size:undefined disposed:false
593 silly fetch manifest @react-types/shared@^3.36.1
594 silly packumentCache full:https://registry.npmjs.org/@react-types%2fshared cache-miss
595 http cache https://registry.npmjs.org/@react-types%2fshared 10ms (cache hit)
596 silly packumentCache full:https://registry.npmjs.org/@react-types%2fshared set size:2532008 disposed:false
597 silly fetch manifest @internationalized/date@^3.12.3
598 silly packumentCache full:https://registry.npmjs.org/@internationalized%2fdate cache-miss
599 http fetch GET 200 https://registry.npmjs.org/@internationalized%2fdate 4370ms (cache miss)
600 silly packumentCache full:https://registry.npmjs.org/@internationalized%2fdate set size:undefined disposed:false
601 silly fetch manifest @internationalized/number@^3.6.7
602 silly packumentCache full:https://registry.npmjs.org/@internationalized%2fnumber cache-miss
603 http fetch GET 200 https://registry.npmjs.org/@internationalized%2fnumber 6457ms (cache miss)
604 silly packumentCache full:https://registry.npmjs.org/@internationalized%2fnumber set size:undefined disposed:false
605 silly fetch manifest @internationalized/string@^3.2.10
606 silly packumentCache full:https://registry.npmjs.org/@internationalized%2fstring cache-miss
607 http fetch GET 200 https://registry.npmjs.org/@internationalized%2fstring 4409ms (cache miss)
608 silly packumentCache full:https://registry.npmjs.org/@internationalized%2fstring set size:undefined disposed:false
609 silly placeDep ROOT @react-types/shared@3.36.1 OK for: @react-aria/interactions@3.28.1 want: ^3.34.0
610 silly placeDep ROOT tslib@2.8.1 OK for: @swc/helpers@0.5.23 want: ^2.8.0
611 silly placeDep ROOT @tanstack/virtual-core@3.17.7 OK for: @tanstack/react-virtual@3.14.9 want: 3.17.7
612 silly placeDep node_modules/color-string color-name@2.1.1 OK for: color-string@2.1.4 want: ^2.0.0
613 silly placeDep ROOT d3-array@3.2.4 OK for: d3@7.9.0 want: 3
614 silly placeDep ROOT d3-axis@3.0.0 OK for: d3@7.9.0 want: 3
615 silly placeDep ROOT d3-brush@3.0.0 OK for: d3@7.9.0 want: 3
616 silly placeDep ROOT d3-chord@3.0.1 OK for: d3@7.9.0 want: 3
617 silly placeDep ROOT d3-color@3.1.0 OK for: d3@7.9.0 want: 3
618 silly placeDep ROOT d3-contour@4.0.2 OK for: d3@7.9.0 want: 4
619 silly placeDep ROOT d3-delaunay@6.0.4 OK for: d3@7.9.0 want: 6
620 silly placeDep ROOT d3-dispatch@3.0.1 OK for: d3@7.9.0 want: 3
621 silly placeDep ROOT d3-drag@3.0.0 OK for: d3@7.9.0 want: 3
622 silly placeDep ROOT d3-dsv@3.0.1 OK for: d3@7.9.0 want: 3
623 silly placeDep ROOT d3-ease@3.0.1 OK for: d3@7.9.0 want: 3
624 silly placeDep ROOT d3-fetch@3.0.1 OK for: d3@7.9.0 want: 3
625 silly placeDep ROOT d3-force@3.0.0 OK for: d3@7.9.0 want: 3
626 silly placeDep ROOT d3-format@3.1.2 OK for: d3@7.9.0 want: 3
627 silly placeDep ROOT d3-geo@3.1.1 OK for: d3@7.9.0 want: 3
628 silly placeDep ROOT d3-hierarchy@3.1.2 OK for: d3@7.9.0 want: 3
629 silly placeDep ROOT d3-interpolate@3.0.1 OK for: d3@7.9.0 want: 3
630 silly placeDep ROOT d3-path@3.1.0 OK for: d3@7.9.0 want: 3
631 silly placeDep ROOT d3-polygon@3.0.1 OK for: d3@7.9.0 want: 3
632 silly placeDep ROOT d3-quadtree@3.0.1 OK for: d3@7.9.0 want: 3
633 silly placeDep ROOT d3-random@3.0.1 OK for: d3@7.9.0 want: 3
634 silly placeDep ROOT d3-scale@4.0.2 OK for: d3@7.9.0 want: 4
635 silly placeDep ROOT d3-scale-chromatic@3.1.0 OK for: d3@7.9.0 want: 3
636 silly placeDep ROOT d3-selection@3.0.0 OK for: d3@7.9.0 want: 3
637 silly placeDep ROOT d3-shape@3.2.0 OK for: d3@7.9.0 want: 3
638 silly placeDep ROOT d3-time@3.1.0 OK for: d3@7.9.0 want: 3
639 silly placeDep ROOT d3-time-format@4.1.0 OK for: d3@7.9.0 want: 4
640 silly placeDep ROOT d3-timer@3.0.1 OK for: d3@7.9.0 want: 3
641 silly placeDep ROOT d3-transition@3.0.1 OK for: d3@7.9.0 want: 3
642 silly placeDep ROOT d3-zoom@3.0.0 OK for: d3@7.9.0 want: 3
643 silly fetch manifest internmap@1 - 2
644 silly packumentCache full:https://registry.npmjs.org/internmap cache-miss
645 http fetch GET 200 https://registry.npmjs.org/internmap 1268ms (cache miss)
646 silly packumentCache full:https://registry.npmjs.org/internmap set size:undefined disposed:false
647 silly fetch manifest d3-dispatch@1 - 3
648 silly packumentCache full:https://registry.npmjs.org/d3-dispatch cache-miss
649 http cache https://registry.npmjs.org/d3-dispatch 2ms (cache hit)
650 silly packumentCache full:https://registry.npmjs.org/d3-dispatch set size:82955 disposed:false
651 silly fetch manifest d3-drag@2 - 3
652 silly packumentCache full:https://registry.npmjs.org/d3-drag cache-miss
653 http cache https://registry.npmjs.org/d3-drag 1ms (cache hit)
654 silly packumentCache full:https://registry.npmjs.org/d3-drag set size:116130 disposed:false
655 silly fetch manifest d3-interpolate@1 - 3
656 silly packumentCache full:https://registry.npmjs.org/d3-interpolate cache-miss
657 http cache https://registry.npmjs.org/d3-interpolate 2ms (cache hit)
658 silly packumentCache full:https://registry.npmjs.org/d3-interpolate set size:162337 disposed:false
659 silly fetch manifest d3-path@1 - 3
660 silly packumentCache full:https://registry.npmjs.org/d3-path cache-miss
661 http cache https://registry.npmjs.org/d3-path 2ms (cache hit)
662 silly packumentCache full:https://registry.npmjs.org/d3-path set size:77883 disposed:false
663 silly fetch manifest delaunator@5
664 silly packumentCache full:https://registry.npmjs.org/delaunator cache-miss
665 http fetch GET 200 https://registry.npmjs.org/delaunator 415ms (cache miss)
666 silly packumentCache full:https://registry.npmjs.org/delaunator set size:undefined disposed:false
667 silly fetch manifest commander@7
668 silly packumentCache full:https://registry.npmjs.org/commander cache-hit
669 silly fetch manifest iconv-lite@0.6
670 silly packumentCache full:https://registry.npmjs.org/iconv-lite cache-miss
671 http fetch GET 200 https://registry.npmjs.org/iconv-lite 778ms (cache miss)
672 silly packumentCache full:https://registry.npmjs.org/iconv-lite set size:undefined disposed:false
673 silly fetch manifest rw@1
674 silly packumentCache full:https://registry.npmjs.org/rw cache-miss
675 http fetch GET 200 https://registry.npmjs.org/rw 306ms (cache miss)
676 silly packumentCache full:https://registry.npmjs.org/rw set size:undefined disposed:false
677 silly fetch manifest d3-quadtree@1 - 3
678 silly packumentCache full:https://registry.npmjs.org/d3-quadtree cache-miss
679 http cache https://registry.npmjs.org/d3-quadtree 1ms (cache hit)
680 silly packumentCache full:https://registry.npmjs.org/d3-quadtree set size:98011 disposed:false
681 silly fetch manifest d3-timer@1 - 3
682 silly packumentCache full:https://registry.npmjs.org/d3-timer cache-miss
683 http cache https://registry.npmjs.org/d3-timer 2ms (cache hit)
684 silly packumentCache full:https://registry.npmjs.org/d3-timer set size:101516 disposed:false
685 silly fetch manifest d3-time@2.1.1 - 3
686 silly packumentCache full:https://registry.npmjs.org/d3-time cache-miss
687 http cache https://registry.npmjs.org/d3-time 1ms (cache hit)
688 silly packumentCache full:https://registry.npmjs.org/d3-time set size:150406 disposed:false
689 silly fetch manifest d3-time-format@2 - 4
690 silly packumentCache full:https://registry.npmjs.org/d3-time-format cache-miss
691 http cache https://registry.npmjs.org/d3-time-format 3ms (cache hit)
692 silly packumentCache full:https://registry.npmjs.org/d3-time-format set size:124514 disposed:false
693 silly placeDep ROOT internmap@2.0.3 OK for: d3-array@3.2.4 want: 1 - 2
694 silly placeDep ROOT delaunator@5.1.0 OK for: d3-delaunay@6.0.4 want: 5
695 silly fetch manifest robust-predicates@^3.0.2
696 silly packumentCache full:https://registry.npmjs.org/robust-predicates cache-miss
697 http fetch GET 200 https://registry.npmjs.org/robust-predicates 716ms (cache miss)
698 silly packumentCache full:https://registry.npmjs.org/robust-predicates set size:undefined disposed:false
699 silly placeDep node_modules/d3-dsv commander@7.2.0 OK for: d3-dsv@3.0.1 want: 7
700 silly placeDep ROOT iconv-lite@0.6.3 OK for: d3-dsv@3.0.1 want: 0.6
701 silly placeDep ROOT rw@1.3.3 OK for: d3-dsv@3.0.1 want: 1
702 silly fetch manifest safer-buffer@>= 2.1.2 < 3.0.0
703 silly packumentCache full:https://registry.npmjs.org/safer-buffer cache-miss
704 http fetch GET 200 https://registry.npmjs.org/safer-buffer 757ms (cache miss)
705 silly packumentCache full:https://registry.npmjs.org/safer-buffer set size:undefined disposed:false
706 silly placeDep ROOT robust-predicates@3.0.3 OK for: delaunator@5.1.0 want: ^3.0.2
707 silly placeDep ROOT @types/trusted-types@2.0.7 OK for: dompurify@3.4.13 want: ^2.0.7
708 silly placeDep ROOT safer-buffer@2.1.2 OK for: iconv-lite@0.6.3 want: >= 2.1.2 < 3.0.0
709 silly placeDep node_modules/katex commander@8.3.0 OK for: katex@0.16.47 want: ^8.3.0
710 silly placeDep ROOT @braintree/sanitize-url@7.1.2 OK for: mermaid@11.16.1 want: ^7.1.2
711 silly placeDep ROOT @iconify/utils@3.1.4 OK for: mermaid@11.16.1 want: ^3.0.2
712 silly placeDep ROOT @mermaid-js/parser@1.2.0 OK for: mermaid@11.16.1 want: ^1.2.0
713 silly placeDep ROOT @types/d3@7.4.3 OK for: mermaid@11.16.1 want: ^7.4.3
714 silly placeDep ROOT @upsetjs/venn.js@2.0.0 OK for: mermaid@11.16.1 want: ^2.0.0
715 silly placeDep ROOT cytoscape@3.34.0 OK for: mermaid@11.16.1 want: ^3.33.3
716 silly placeDep ROOT cytoscape-cose-bilkent@4.1.0 OK for: mermaid@11.16.1 want: ^4.1.0
717 silly placeDep ROOT cytoscape-fcose@2.2.0 OK for: mermaid@11.16.1 want: ^2.2.0
718 silly placeDep ROOT d3-sankey@0.12.3 OK for: mermaid@11.16.1 want: ^0.12.3
719 silly placeDep ROOT dagre-d3-es@7.0.14 OK for: mermaid@11.16.1 want: 7.0.14
720 silly placeDep ROOT dayjs@1.11.21 OK for: mermaid@11.16.1 want: ^1.11.20
721 silly placeDep ROOT es-toolkit@1.50.0 OK for: mermaid@11.16.1 want: ^1.45.1
722 silly placeDep ROOT khroma@2.1.0 OK for: mermaid@11.16.1 want: ^2.1.0
723 silly placeDep node_modules/mermaid marked@16.4.2 OK for: mermaid@11.16.1 want: ^16.3.0
724 silly placeDep ROOT roughjs@4.6.6 OK for: mermaid@11.16.1 want: ^4.6.6
725 silly placeDep ROOT stylis@4.4.0 OK for: mermaid@11.16.1 want: ^4.3.6
726 silly placeDep ROOT ts-dedent@2.3.0 OK for: mermaid@11.16.1 want: ^2.2.0
727 silly placeDep ROOT uuid@14.0.1 OK for: mermaid@11.16.1 want: ^11.1.0 || ^12 || ^13 || ^14.0.0
728 silly fetch manifest @antfu/install-pkg@^1.1.0
729 silly packumentCache full:https://registry.npmjs.org/@antfu%2finstall-pkg cache-miss
730 http fetch GET 200 https://registry.npmjs.org/@antfu%2finstall-pkg 780ms (cache miss)
731 silly packumentCache full:https://registry.npmjs.org/@antfu%2finstall-pkg set size:undefined disposed:false
732 silly fetch manifest @iconify/types@^2.0.0
733 silly packumentCache full:https://registry.npmjs.org/@iconify%2ftypes cache-miss
734 http fetch GET 200 https://registry.npmjs.org/@iconify%2ftypes 1446ms (cache miss)
735 silly packumentCache full:https://registry.npmjs.org/@iconify%2ftypes set size:undefined disposed:false
736 silly fetch manifest @chevrotain/types@~11.1.2
737 silly packumentCache full:https://registry.npmjs.org/@chevrotain%2ftypes cache-miss
738 http fetch GET 200 https://registry.npmjs.org/@chevrotain%2ftypes 1283ms (cache miss)
739 silly packumentCache full:https://registry.npmjs.org/@chevrotain%2ftypes set size:undefined disposed:false
740 silly fetch manifest @types/d3-dsv@*
741 silly packumentCache full:https://registry.npmjs.org/@types%2fd3-dsv cache-miss
742 http fetch GET 200 https://registry.npmjs.org/@types%2fd3-dsv 1581ms (cache miss)
743 silly packumentCache full:https://registry.npmjs.org/@types%2fd3-dsv set size:undefined disposed:false
744 silly fetch manifest @types/d3-geo@*
745 silly packumentCache full:https://registry.npmjs.org/@types%2fd3-geo cache-miss
746 http fetch GET 200 https://registry.npmjs.org/@types%2fd3-geo 1454ms (cache miss)
747 silly packumentCache full:https://registry.npmjs.org/@types%2fd3-geo set size:undefined disposed:false
748 silly fetch manifest @types/d3-axis@*
749 silly packumentCache full:https://registry.npmjs.org/@types%2fd3-axis cache-miss
750 http fetch GET 200 https://registry.npmjs.org/@types%2fd3-axis 893ms (cache miss)
751 silly packumentCache full:https://registry.npmjs.org/@types%2fd3-axis set size:undefined disposed:false
752 silly fetch manifest @types/d3-drag@*
753 silly packumentCache full:https://registry.npmjs.org/@types%2fd3-drag cache-miss
754 http fetch GET 200 https://registry.npmjs.org/@types%2fd3-drag 684ms (cache miss)
755 silly packumentCache full:https://registry.npmjs.org/@types%2fd3-drag set size:undefined disposed:false
756 silly fetch manifest @types/d3-ease@*
757 silly packumentCache full:https://registry.npmjs.org/@types%2fd3-ease cache-miss
758 http fetch GET 200 https://registry.npmjs.org/@types%2fd3-ease 1106ms (cache miss)
759 silly packumentCache full:https://registry.npmjs.org/@types%2fd3-ease set size:undefined disposed:false
760 silly fetch manifest @types/d3-path@*
761 silly packumentCache full:https://registry.npmjs.org/@types%2fd3-path cache-miss
762 http fetch GET 200 https://registry.npmjs.org/@types%2fd3-path 932ms (cache miss)
763 silly packumentCache full:https://registry.npmjs.org/@types%2fd3-path set size:undefined disposed:false
764 silly fetch manifest @types/d3-time@*
765 silly packumentCache full:https://registry.npmjs.org/@types%2fd3-time cache-miss
766 http fetch GET 200 https://registry.npmjs.org/@types%2fd3-time 693ms (cache miss)
767 silly packumentCache full:https://registry.npmjs.org/@types%2fd3-time set size:undefined disposed:false
768 silly fetch manifest @types/d3-zoom@*
769 silly packumentCache full:https://registry.npmjs.org/@types%2fd3-zoom cache-miss
770 http fetch GET 200 https://registry.npmjs.org/@types%2fd3-zoom 1931ms (cache miss)
771 silly packumentCache full:https://registry.npmjs.org/@types%2fd3-zoom set size:undefined disposed:false
772 silly fetch manifest @types/d3-array@*
773 silly packumentCache full:https://registry.npmjs.org/@types%2fd3-array cache-miss
774 http fetch GET 200 https://registry.npmjs.org/@types%2fd3-array 1685ms (cache miss)
775 silly packumentCache full:https://registry.npmjs.org/@types%2fd3-array set size:undefined disposed:false
776 silly fetch manifest @types/d3-brush@*
777 silly packumentCache full:https://registry.npmjs.org/@types%2fd3-brush cache-miss
778 http fetch GET 200 https://registry.npmjs.org/@types%2fd3-brush 787ms (cache miss)
779 silly packumentCache full:https://registry.npmjs.org/@types%2fd3-brush set size:undefined disposed:false
780 silly fetch manifest @types/d3-chord@*
781 silly packumentCache full:https://registry.npmjs.org/@types%2fd3-chord cache-miss
782 http fetch GET 200 https://registry.npmjs.org/@types%2fd3-chord 1181ms (cache miss)
783 silly packumentCache full:https://registry.npmjs.org/@types%2fd3-chord set size:undefined disposed:false
784 silly fetch manifest @types/d3-color@*
785 silly packumentCache full:https://registry.npmjs.org/@types%2fd3-color cache-miss
786 http fetch GET 200 https://registry.npmjs.org/@types%2fd3-color 1014ms (cache miss)
787 silly packumentCache full:https://registry.npmjs.org/@types%2fd3-color set size:undefined disposed:false
788 silly fetch manifest @types/d3-fetch@*
789 silly packumentCache full:https://registry.npmjs.org/@types%2fd3-fetch cache-miss
790 http fetch GET 200 https://registry.npmjs.org/@types%2fd3-fetch 791ms (cache miss)
791 silly packumentCache full:https://registry.npmjs.org/@types%2fd3-fetch set size:undefined disposed:false
792 silly fetch manifest @types/d3-force@*
793 silly packumentCache full:https://registry.npmjs.org/@types%2fd3-force cache-miss
794 http fetch GET 200 https://registry.npmjs.org/@types%2fd3-force 992ms (cache miss)
795 silly packumentCache full:https://registry.npmjs.org/@types%2fd3-force set size:undefined disposed:false
796 silly fetch manifest @types/d3-scale@*
797 silly packumentCache full:https://registry.npmjs.org/@types%2fd3-scale cache-miss
798 http fetch GET 200 https://registry.npmjs.org/@types%2fd3-scale 962ms (cache miss)
799 silly packumentCache full:https://registry.npmjs.org/@types%2fd3-scale set size:undefined disposed:false
800 silly fetch manifest @types/d3-shape@*
801 silly packumentCache full:https://registry.npmjs.org/@types%2fd3-shape cache-miss
802 http fetch GET 200 https://registry.npmjs.org/@types%2fd3-shape 908ms (cache miss)
803 silly packumentCache full:https://registry.npmjs.org/@types%2fd3-shape set size:undefined disposed:false
804 silly fetch manifest @types/d3-timer@*
805 silly packumentCache full:https://registry.npmjs.org/@types%2fd3-timer cache-miss
806 http fetch GET 200 https://registry.npmjs.org/@types%2fd3-timer 513ms (cache miss)
807 silly packumentCache full:https://registry.npmjs.org/@types%2fd3-timer set size:undefined disposed:false
808 silly fetch manifest @types/d3-format@*
809 silly packumentCache full:https://registry.npmjs.org/@types%2fd3-format cache-miss
810 http fetch GET 200 https://registry.npmjs.org/@types%2fd3-format 1686ms (cache miss)
811 silly packumentCache full:https://registry.npmjs.org/@types%2fd3-format set size:undefined disposed:false
812 silly fetch manifest @types/d3-random@*
813 silly packumentCache full:https://registry.npmjs.org/@types%2fd3-random cache-miss
814 http fetch GET 200 https://registry.npmjs.org/@types%2fd3-random 1021ms (cache miss)
815 silly packumentCache full:https://registry.npmjs.org/@types%2fd3-random set size:undefined disposed:false
816 silly fetch manifest @types/d3-contour@*
817 silly packumentCache full:https://registry.npmjs.org/@types%2fd3-contour cache-miss
818 http fetch GET 200 https://registry.npmjs.org/@types%2fd3-contour 670ms (cache miss)
819 silly packumentCache full:https://registry.npmjs.org/@types%2fd3-contour set size:undefined disposed:false
820 silly fetch manifest @types/d3-polygon@*
821 silly packumentCache full:https://registry.npmjs.org/@types%2fd3-polygon cache-miss
822 http fetch GET 200 https://registry.npmjs.org/@types%2fd3-polygon 490ms (cache miss)
823 silly packumentCache full:https://registry.npmjs.org/@types%2fd3-polygon set size:undefined disposed:false
824 silly fetch manifest @types/d3-delaunay@*
825 silly packumentCache full:https://registry.npmjs.org/@types%2fd3-delaunay cache-miss
826 http fetch GET 200 https://registry.npmjs.org/@types%2fd3-delaunay 512ms (cache miss)
827 silly packumentCache full:https://registry.npmjs.org/@types%2fd3-delaunay set size:undefined disposed:false
828 silly fetch manifest @types/d3-dispatch@*
829 silly packumentCache full:https://registry.npmjs.org/@types%2fd3-dispatch cache-miss
830 http fetch GET 200 https://registry.npmjs.org/@types%2fd3-dispatch 575ms (cache miss)
831 silly packumentCache full:https://registry.npmjs.org/@types%2fd3-dispatch set size:undefined disposed:false
832 silly fetch manifest @types/d3-quadtree@*
833 silly packumentCache full:https://registry.npmjs.org/@types%2fd3-quadtree cache-miss
834 http fetch GET 200 https://registry.npmjs.org/@types%2fd3-quadtree 612ms (cache miss)
835 silly packumentCache full:https://registry.npmjs.org/@types%2fd3-quadtree set size:undefined disposed:false
836 silly fetch manifest @types/d3-hierarchy@*
837 silly packumentCache full:https://registry.npmjs.org/@types%2fd3-hierarchy cache-miss
838 http fetch GET 200 https://registry.npmjs.org/@types%2fd3-hierarchy 922ms (cache miss)
839 silly packumentCache full:https://registry.npmjs.org/@types%2fd3-hierarchy set size:undefined disposed:false
840 silly fetch manifest @types/d3-selection@*
841 silly packumentCache full:https://registry.npmjs.org/@types%2fd3-selection cache-miss
842 http fetch GET 200 https://registry.npmjs.org/@types%2fd3-selection 1109ms (cache miss)
843 silly packumentCache full:https://registry.npmjs.org/@types%2fd3-selection set size:undefined disposed:false
844 silly fetch manifest @types/d3-transition@*
845 silly packumentCache full:https://registry.npmjs.org/@types%2fd3-transition cache-miss
846 http fetch GET 200 https://registry.npmjs.org/@types%2fd3-transition 1049ms (cache miss)
847 silly packumentCache full:https://registry.npmjs.org/@types%2fd3-transition set size:undefined disposed:false
848 silly fetch manifest @types/d3-interpolate@*
849 silly packumentCache full:https://registry.npmjs.org/@types%2fd3-interpolate cache-miss
850 http fetch GET 200 https://registry.npmjs.org/@types%2fd3-interpolate 621ms (cache miss)
851 silly packumentCache full:https://registry.npmjs.org/@types%2fd3-interpolate set size:undefined disposed:false
852 silly fetch manifest @types/d3-time-format@*
853 silly packumentCache full:https://registry.npmjs.org/@types%2fd3-time-format cache-miss
854 http fetch GET 200 https://registry.npmjs.org/@types%2fd3-time-format 1094ms (cache miss)
855 silly packumentCache full:https://registry.npmjs.org/@types%2fd3-time-format set size:undefined disposed:false
856 silly fetch manifest @types/d3-scale-chromatic@*
857 silly packumentCache full:https://registry.npmjs.org/@types%2fd3-scale-chromatic cache-miss
858 http fetch GET 200 https://registry.npmjs.org/@types%2fd3-scale-chromatic 1215ms (cache miss)
859 silly packumentCache full:https://registry.npmjs.org/@types%2fd3-scale-chromatic set size:undefined disposed:false
860 silly fetch manifest cose-base@^1.0.0
861 silly packumentCache full:https://registry.npmjs.org/cose-base cache-miss
862 http fetch GET 200 https://registry.npmjs.org/cose-base 503ms (cache miss)
863 silly packumentCache full:https://registry.npmjs.org/cose-base set size:undefined disposed:false
864 silly fetch manifest cose-base@^2.2.0
865 silly packumentCache full:https://registry.npmjs.org/cose-base cache-miss
866 http cache https://registry.npmjs.org/cose-base 2ms (cache hit)
867 silly packumentCache full:https://registry.npmjs.org/cose-base set size:20550 disposed:false
868 silly fetch manifest d3-array@1 - 2
869 silly packumentCache full:https://registry.npmjs.org/d3-array cache-miss
870 http cache https://registry.npmjs.org/d3-array 4ms (cache hit)
871 silly packumentCache full:https://registry.npmjs.org/d3-array set size:246308 disposed:false
872 silly fetch manifest d3-shape@^1.2.0
873 silly packumentCache full:https://registry.npmjs.org/d3-shape cache-miss
874 http cache https://registry.npmjs.org/d3-shape 9ms (cache hit)
875 silly packumentCache full:https://registry.npmjs.org/d3-shape set size:275657 disposed:false
876 silly fetch manifest lodash-es@^4.17.21
877 silly packumentCache full:https://registry.npmjs.org/lodash-es cache-miss
878 http fetch GET 200 https://registry.npmjs.org/lodash-es 883ms (cache miss)
879 silly packumentCache full:https://registry.npmjs.org/lodash-es set size:undefined disposed:false
880 silly fetch manifest hachure-fill@^0.5.2
881 silly packumentCache full:https://registry.npmjs.org/hachure-fill cache-miss
882 http fetch GET 200 https://registry.npmjs.org/hachure-fill 553ms (cache miss)
883 silly packumentCache full:https://registry.npmjs.org/hachure-fill set size:undefined disposed:false
884 silly fetch manifest path-data-parser@^0.1.0
885 silly packumentCache full:https://registry.npmjs.org/path-data-parser cache-miss
886 http fetch GET 200 https://registry.npmjs.org/path-data-parser 299ms (cache miss)
887 silly packumentCache full:https://registry.npmjs.org/path-data-parser set size:undefined disposed:false
888 silly fetch manifest points-on-curve@^0.2.0
889 silly packumentCache full:https://registry.npmjs.org/points-on-curve cache-miss
890 http fetch GET 200 https://registry.npmjs.org/points-on-curve 555ms (cache miss)
891 silly packumentCache full:https://registry.npmjs.org/points-on-curve set size:undefined disposed:false
892 silly fetch manifest points-on-path@^0.2.1
893 silly packumentCache full:https://registry.npmjs.org/points-on-path cache-miss
894 http fetch GET 200 https://registry.npmjs.org/points-on-path 986ms (cache miss)
895 silly packumentCache full:https://registry.npmjs.org/points-on-path set size:undefined disposed:false
896 silly placeDep ROOT @antfu/install-pkg@1.1.0 OK for: @iconify/utils@3.1.4 want: ^1.1.0
897 silly placeDep ROOT @iconify/types@2.0.0 OK for: @iconify/utils@3.1.4 want: ^2.0.0
898 silly fetch manifest tinyexec@^1.0.1
899 silly packumentCache full:https://registry.npmjs.org/tinyexec cache-miss
900 http fetch GET 200 https://registry.npmjs.org/tinyexec 627ms (cache miss)
901 silly packumentCache full:https://registry.npmjs.org/tinyexec set size:undefined disposed:false
902 silly fetch manifest package-manager-detector@^1.3.0
903 silly packumentCache full:https://registry.npmjs.org/package-manager-detector cache-miss
904 http fetch GET 200 https://registry.npmjs.org/package-manager-detector 566ms (cache miss)
905 silly packumentCache full:https://registry.npmjs.org/package-manager-detector set size:undefined disposed:false
906 silly placeDep ROOT package-manager-detector@1.8.0 OK for: @antfu/install-pkg@1.1.0 want: ^1.3.0
907 silly placeDep ROOT tinyexec@1.3.0 OK for: @antfu/install-pkg@1.1.0 want: ^1.0.1
908 silly placeDep ROOT @chevrotain/types@11.1.2 OK for: @mermaid-js/parser@1.2.0 want: ~11.1.2
909 silly placeDep ROOT @types/d3-array@3.2.2 OK for: @types/d3@7.4.3 want: *
910 silly placeDep ROOT @types/d3-axis@3.0.6 OK for: @types/d3@7.4.3 want: *
911 silly placeDep ROOT @types/d3-brush@3.0.6 OK for: @types/d3@7.4.3 want: *
912 silly placeDep ROOT @types/d3-chord@3.0.6 OK for: @types/d3@7.4.3 want: *
913 silly placeDep ROOT @types/d3-color@3.1.3 OK for: @types/d3@7.4.3 want: *
914 silly placeDep ROOT @types/d3-contour@3.0.6 OK for: @types/d3@7.4.3 want: *
915 silly placeDep ROOT @types/d3-delaunay@6.0.4 OK for: @types/d3@7.4.3 want: *
916 silly placeDep ROOT @types/d3-dispatch@3.0.7 OK for: @types/d3@7.4.3 want: *
917 silly placeDep ROOT @types/d3-drag@3.0.7 OK for: @types/d3@7.4.3 want: *
918 silly placeDep ROOT @types/d3-dsv@3.0.7 OK for: @types/d3@7.4.3 want: *
919 silly placeDep ROOT @types/d3-ease@3.0.2 OK for: @types/d3@7.4.3 want: *
920 silly placeDep ROOT @types/d3-fetch@3.0.7 OK for: @types/d3@7.4.3 want: *
921 silly placeDep ROOT @types/d3-force@3.0.10 OK for: @types/d3@7.4.3 want: *
922 silly placeDep ROOT @types/d3-format@3.0.4 OK for: @types/d3@7.4.3 want: *
923 silly placeDep ROOT @types/d3-geo@3.1.1 OK for: @types/d3@7.4.3 want: *
924 silly placeDep ROOT @types/d3-hierarchy@3.1.7 OK for: @types/d3@7.4.3 want: *
925 silly placeDep ROOT @types/d3-interpolate@3.0.4 OK for: @types/d3@7.4.3 want: *
926 silly placeDep ROOT @types/d3-path@3.1.1 OK for: @types/d3@7.4.3 want: *
927 silly placeDep ROOT @types/d3-polygon@3.0.2 OK for: @types/d3@7.4.3 want: *
928 silly placeDep ROOT @types/d3-quadtree@3.0.6 OK for: @types/d3@7.4.3 want: *
929 silly placeDep ROOT @types/d3-random@3.0.4 OK for: @types/d3@7.4.3 want: *
930 silly placeDep ROOT @types/d3-scale@4.0.9 OK for: @types/d3@7.4.3 want: *
931 silly placeDep ROOT @types/d3-scale-chromatic@3.1.0 OK for: @types/d3@7.4.3 want: *
932 silly placeDep ROOT @types/d3-selection@3.0.11 OK for: @types/d3@7.4.3 want: *
933 silly placeDep ROOT @types/d3-shape@3.1.8 OK for: @types/d3@7.4.3 want: *
934 silly placeDep ROOT @types/d3-time@3.0.4 OK for: @types/d3@7.4.3 want: *
935 silly placeDep ROOT @types/d3-time-format@4.0.3 OK for: @types/d3@7.4.3 want: *
936 silly placeDep ROOT @types/d3-timer@3.0.2 OK for: @types/d3@7.4.3 want: *
937 silly placeDep ROOT @types/d3-transition@3.0.9 OK for: @types/d3@7.4.3 want: *
938 silly placeDep ROOT @types/d3-zoom@3.0.8 OK for: @types/d3@7.4.3 want: *
939 silly fetch manifest @types/geojson@*
940 silly packumentCache full:https://registry.npmjs.org/@types%2fgeojson cache-miss
941 http fetch GET 200 https://registry.npmjs.org/@types%2fgeojson 1292ms (cache miss)
942 silly packumentCache full:https://registry.npmjs.org/@types%2fgeojson set size:undefined disposed:false
943 silly placeDep ROOT @types/geojson@7946.0.16 OK for: @types/d3-contour@3.0.6 want: *
944 silly placeDep ROOT cose-base@1.0.3 OK for: cytoscape-cose-bilkent@4.1.0 want: ^1.0.0
945 silly fetch manifest layout-base@^1.0.0
946 silly packumentCache full:https://registry.npmjs.org/layout-base cache-miss
947 http fetch GET 200 https://registry.npmjs.org/layout-base 850ms (cache miss)
948 silly packumentCache full:https://registry.npmjs.org/layout-base set size:undefined disposed:false
949 silly placeDep ROOT layout-base@1.0.2 OK for: cose-base@1.0.3 want: ^1.0.0
950 silly placeDep node_modules/cytoscape-fcose cose-base@2.2.0 OK for: cytoscape-fcose@2.2.0 want: ^2.2.0
951 silly fetch manifest layout-base@^2.0.0
952 silly packumentCache full:https://registry.npmjs.org/layout-base cache-miss
953 http cache https://registry.npmjs.org/layout-base 2ms (cache hit)
954 silly packumentCache full:https://registry.npmjs.org/layout-base set size:16403 disposed:false
955 silly placeDep node_modules/d3-sankey d3-array@2.12.1 OK for: d3-sankey@0.12.3 want: 1 - 2
956 silly placeDep node_modules/d3-sankey d3-shape@1.3.7 OK for: d3-sankey@0.12.3 want: ^1.2.0
957 silly fetch manifest internmap@^1.0.0
958 silly packumentCache full:https://registry.npmjs.org/internmap cache-miss
959 http cache https://registry.npmjs.org/internmap 2ms (cache hit)
960 silly packumentCache full:https://registry.npmjs.org/internmap set size:19637 disposed:false
961 silly fetch manifest d3-path@1
962 silly packumentCache full:https://registry.npmjs.org/d3-path cache-hit
963 silly placeDep ROOT lodash-es@4.18.1 OK for: dagre-d3-es@7.0.14 want: ^4.17.21
964 silly fetch manifest proxy-agent@>=8.0.1
965 silly packumentCache full:https://registry.npmjs.org/proxy-agent cache-miss
966 http fetch GET 200 https://registry.npmjs.org/proxy-agent 714ms (cache miss)
967 silly packumentCache full:https://registry.npmjs.org/proxy-agent set size:undefined disposed:false
968 silly fetch manifest yauzl@^2.10.0 || ^3.4.0
969 silly packumentCache full:https://registry.npmjs.org/yauzl cache-miss
970 http fetch GET 200 https://registry.npmjs.org/yauzl 1060ms (cache miss)
971 silly packumentCache full:https://registry.npmjs.org/yauzl set size:undefined disposed:false
972 silly placeDep ROOT @puppeteer/browsers@3.1.0 OK for: puppeteer@25.5.0 want: 3.1.0
973 silly placeDep ROOT chromium-bidi@17.0.2 OK for: puppeteer@25.5.0 want: 17.0.2
974 silly placeDep ROOT devtools-protocol@0.0.1653615 OK for: chromium-bidi@17.0.2 want: *
975 silly placeDep ROOT lilconfig@3.1.3 OK for: puppeteer@25.5.0 want: ^3.1.3
976 silly placeDep ROOT puppeteer-core@25.5.0 OK for: puppeteer@25.5.0 want: 25.5.0
977 silly placeDep ROOT typed-query-selector@2.12.2 OK for: puppeteer@25.5.0 want: ^2.12.2
978 silly fetch manifest yargs@^18.0.0
979 silly packumentCache full:https://registry.npmjs.org/yargs cache-miss
980 http fetch GET 200 https://registry.npmjs.org/yargs 246ms (cache revalidated)
981 silly packumentCache full:https://registry.npmjs.org/yargs set size:759965 disposed:false
982 silly fetch manifest modern-tar@^0.7.6
983 silly packumentCache full:https://registry.npmjs.org/modern-tar cache-miss
984 http fetch GET 200 https://registry.npmjs.org/modern-tar 982ms (cache miss)
985 silly packumentCache full:https://registry.npmjs.org/modern-tar set size:undefined disposed:false
986 silly fetch manifest mitt@^3.0.1
987 silly packumentCache full:https://registry.npmjs.org/mitt cache-miss
988 http fetch GET 200 https://registry.npmjs.org/mitt 902ms (cache miss)
989 silly packumentCache full:https://registry.npmjs.org/mitt set size:undefined disposed:false
990 silly fetch manifest zod@^3.24.1
991 silly packumentCache full:https://registry.npmjs.org/zod cache-miss
992 http fetch GET 200 https://registry.npmjs.org/zod 7730ms (cache miss)
993 silly packumentCache full:https://registry.npmjs.org/zod set size:undefined disposed:false
994 silly fetch manifest ws@^8.21.1
995 silly packumentCache full:https://registry.npmjs.org/ws cache-miss
996 http fetch GET 200 https://registry.npmjs.org/ws 1604ms (cache miss)
997 silly packumentCache full:https://registry.npmjs.org/ws set size:undefined disposed:false
998 silly fetch manifest webdriver-bidi-protocol@0.4.2
999 silly packumentCache full:https://registry.npmjs.org/webdriver-bidi-protocol cache-miss
1000 http fetch GET 200 https://registry.npmjs.org/webdriver-bidi-protocol 1052ms (cache miss)
1001 silly packumentCache full:https://registry.npmjs.org/webdriver-bidi-protocol set size:undefined disposed:false
1002 silly placeDep ROOT modern-tar@0.7.7 OK for: @puppeteer/browsers@3.1.0 want: ^0.7.6
1003 silly placeDep node_modules/@puppeteer/browsers yargs@18.1.0 OK for: @puppeteer/browsers@3.1.0 want: ^18.0.0
1004 silly fetch manifest cliui@^9.0.1
1005 silly packumentCache full:https://registry.npmjs.org/cliui cache-miss
1006 http fetch GET 200 https://registry.npmjs.org/cliui 642ms (cache revalidated)
1007 silly packumentCache full:https://registry.npmjs.org/cliui set size:69089 disposed:false
1008 silly fetch manifest string-width@^8.2.1
1009 silly packumentCache full:https://registry.npmjs.org/string-width cache-miss
1010 http fetch GET 200 https://registry.npmjs.org/string-width 220ms (cache revalidated)
1011 silly packumentCache full:https://registry.npmjs.org/string-width set size:72458 disposed:false
1012 silly fetch manifest yargs-parser@^22.0.0
1013 silly packumentCache full:https://registry.npmjs.org/yargs-parser cache-miss
1014 http fetch GET 200 https://registry.npmjs.org/yargs-parser 221ms (cache revalidated)
1015 silly packumentCache full:https://registry.npmjs.org/yargs-parser set size:238630 disposed:false
1016 silly placeDep ROOT mitt@3.0.1 OK for: chromium-bidi@17.0.2 want: ^3.0.1
1017 silly placeDep ROOT zod@3.25.76 OK for: chromium-bidi@17.0.2 want: ^3.24.1
1018 silly fetch manifest bufferutil@^4.0.1
1019 silly packumentCache full:https://registry.npmjs.org/bufferutil cache-miss
1020 http fetch GET 200 https://registry.npmjs.org/bufferutil 3856ms (cache miss)
1021 silly packumentCache full:https://registry.npmjs.org/bufferutil set size:undefined disposed:false
1022 silly fetch manifest utf-8-validate@>=5.0.2
1023 silly packumentCache full:https://registry.npmjs.org/utf-8-validate cache-miss
1024 http fetch GET 200 https://registry.npmjs.org/utf-8-validate 1631ms (cache miss)
1025 silly packumentCache full:https://registry.npmjs.org/utf-8-validate set size:undefined disposed:false
1026 silly placeDep ROOT webdriver-bidi-protocol@0.4.2 OK for: puppeteer-core@25.5.0 want: 0.4.2
1027 silly placeDep ROOT ws@8.21.3 OK for: puppeteer-core@25.5.0 want: ^8.21.1
1028 silly placeDep ROOT @internationalized/date@3.12.3 OK for: react-aria@3.51.0 want: ^3.12.3
1029 silly placeDep ROOT @internationalized/number@3.6.7 OK for: react-aria@3.51.0 want: ^3.6.7
1030 silly placeDep ROOT @internationalized/string@3.2.10 OK for: react-aria@3.51.0 want: ^3.2.10
1031 silly placeDep ROOT aria-hidden@1.2.6 OK for: react-aria@3.51.0 want: ^1.2.3
1032 silly placeDep ROOT react-stately@3.49.0 OK for: react-aria@3.51.0 want: 3.49.0
1033 silly placeDep ROOT scheduler@0.27.0 OK for: react-dom@19.2.8 want: ^0.27.0
1034 silly placeDep ROOT hachure-fill@0.5.2 OK for: roughjs@4.6.6 want: ^0.5.2
1035 silly placeDep ROOT path-data-parser@0.1.0 OK for: roughjs@4.6.6 want: ^0.1.0
1036 silly placeDep ROOT points-on-curve@0.2.0 OK for: roughjs@4.6.6 want: ^0.2.0
1037 silly placeDep ROOT points-on-path@0.2.1 OK for: roughjs@4.6.6 want: ^0.2.1
1038 silly placeDep node_modules/@mermaid-js/mermaid-cli yocto-queue@1.2.2 OK for: p-limit@6.2.0 want: ^1.1.1
1039 silly placeDep node_modules/@puppeteer/browsers cliui@9.0.1 OK for: yargs@18.1.0 want: ^9.0.1
1040 silly placeDep node_modules/@puppeteer/browsers string-width@8.2.2 OK for: yargs@18.1.0 want: ^8.2.1
1041 silly placeDep node_modules/@puppeteer/browsers yargs-parser@22.0.0 OK for: yargs@18.1.0 want: ^22.0.0
1042 silly fetch manifest string-width@^7.2.0
1043 silly packumentCache full:https://registry.npmjs.org/string-width cache-hit
1044 silly fetch manifest strip-ansi@^7.1.0
1045 silly packumentCache full:https://registry.npmjs.org/strip-ansi cache-miss
1046 http fetch GET 200 https://registry.npmjs.org/strip-ansi 223ms (cache revalidated)
1047 silly packumentCache full:https://registry.npmjs.org/strip-ansi set size:44998 disposed:false
1048 silly fetch manifest wrap-ansi@^9.0.0
1049 silly packumentCache full:https://registry.npmjs.org/wrap-ansi cache-miss
1050 http fetch GET 200 https://registry.npmjs.org/wrap-ansi 234ms (cache revalidated)
1051 silly packumentCache full:https://registry.npmjs.org/wrap-ansi set size:55299 disposed:false
1052 silly fetch manifest get-east-asian-width@^1.5.0
1053 silly packumentCache full:https://registry.npmjs.org/get-east-asian-width cache-miss
1054 http fetch GET 200 https://registry.npmjs.org/get-east-asian-width 579ms (cache miss)
1055 silly packumentCache full:https://registry.npmjs.org/get-east-asian-width set size:undefined disposed:false
1056 silly fetch manifest strip-ansi@^7.1.2
1057 silly packumentCache full:https://registry.npmjs.org/strip-ansi cache-hit
1058 silly placeDep node_modules/@puppeteer/browsers/node_modules/cliui string-width@7.2.0 OK for: cliui@9.0.1 want: ^7.2.0
1059 silly placeDep node_modules/@puppeteer/browsers strip-ansi@7.2.0 OK for: cliui@9.0.1 want: ^7.1.0
1060 silly placeDep node_modules/@puppeteer/browsers wrap-ansi@9.0.2 OK for: cliui@9.0.1 want: ^9.0.0
1061 silly fetch manifest emoji-regex@^10.3.0
1062 silly packumentCache full:https://registry.npmjs.org/emoji-regex cache-miss
1063 http fetch GET 200 https://registry.npmjs.org/emoji-regex 221ms (cache revalidated)
1064 silly packumentCache full:https://registry.npmjs.org/emoji-regex set size:89064 disposed:false
1065 silly fetch manifest get-east-asian-width@^1.0.0
1066 silly packumentCache full:https://registry.npmjs.org/get-east-asian-width cache-miss
1067 http cache https://registry.npmjs.org/get-east-asian-width 1ms (cache hit)
1068 silly packumentCache full:https://registry.npmjs.org/get-east-asian-width set size:20538 disposed:false
1069 silly fetch manifest ansi-regex@^6.2.2
1070 silly packumentCache full:https://registry.npmjs.org/ansi-regex cache-miss
1071 http fetch GET 200 https://registry.npmjs.org/ansi-regex 668ms (cache revalidated)
1072 silly packumentCache full:https://registry.npmjs.org/ansi-regex set size:43572 disposed:false
1073 silly fetch manifest ansi-styles@^6.2.1
1074 silly packumentCache full:https://registry.npmjs.org/ansi-styles cache-miss
1075 http fetch GET 200 https://registry.npmjs.org/ansi-styles 225ms (cache revalidated)
1076 silly packumentCache full:https://registry.npmjs.org/ansi-styles set size:71772 disposed:false
1077 silly fetch manifest string-width@^7.0.0
1078 silly packumentCache full:https://registry.npmjs.org/string-width cache-hit
1079 silly placeDep ROOT get-east-asian-width@1.6.0 OK for: string-width@8.2.2 want: ^1.5.0
1080 silly placeDep node_modules/@puppeteer/browsers ansi-regex@6.2.2 OK for: strip-ansi@7.2.0 want: ^6.2.2
1081 silly placeDep node_modules/@puppeteer/browsers ansi-styles@6.2.3 OK for: wrap-ansi@9.0.2 want: ^6.2.1
1082 silly placeDep node_modules/@puppeteer/browsers/node_modules/wrap-ansi string-width@7.2.0 OK for: wrap-ansi@9.0.2 want: ^7.0.0
1083 silly placeDep node_modules/cytoscape-fcose layout-base@2.0.1 OK for: cose-base@2.2.0 want: ^2.0.0
1084 silly placeDep node_modules/d3-sankey internmap@1.0.1 OK for: d3-array@2.12.1 want: ^1.0.0
1085 silly placeDep node_modules/d3-sankey d3-path@1.0.9 OK for: d3-shape@1.3.7 want: 1
1086 silly placeDep node_modules/@puppeteer/browsers emoji-regex@10.6.0 OK for: string-width@7.2.0 want: ^10.3.0
1087 silly reify mark retired [ '/workspace/wt-b19c772504/node_modules/@babel/helper-plugin-utils' ]
1088 silly reify mark retired [
1088 silly reify   '/workspace/wt-b19c772504/node_modules/@babel/plugin-syntax-async-generators'
1088 silly reify ]
1089 silly reify mark retired [ '/workspace/wt-b19c772504/node_modules/@babel/plugin-syntax-bigint' ]
1090 silly reify mark retired [
1090 silly reify   '/workspace/wt-b19c772504/node_modules/@babel/plugin-syntax-class-properties'
1090 silly reify ]
1091 silly reify mark retired [
1091 silly reify   '/workspace/wt-b19c772504/node_modules/@babel/plugin-syntax-class-static-block'
1091 silly reify ]
1092 silly reify mark retired [
1092 silly reify   '/workspace/wt-b19c772504/node_modules/@babel/plugin-syntax-import-attributes'
1092 silly reify ]
1093 silly reify mark retired [
1093 silly reify   '/workspace/wt-b19c772504/node_modules/@babel/plugin-syntax-import-meta'
1093 silly reify ]
1094 silly reify mark retired [
1094 silly reify   '/workspace/wt-b19c772504/node_modules/@babel/plugin-syntax-json-strings'
1094 silly reify ]
1095 silly reify mark retired [ '/workspace/wt-b19c772504/node_modules/@babel/plugin-syntax-jsx' ]
1096 silly reify mark retired [
1096 silly reify   '/workspace/wt-b19c772504/node_modules/@babel/plugin-syntax-logical-assignment-operators'
1096 silly reify ]
1097 silly reify mark retired [
1097 silly reify   '/workspace/wt-b19c772504/node_modules/@babel/plugin-syntax-nullish-coalescing-operator'
1097 silly reify ]
1098 silly reify mark retired [
1098 silly reify   '/workspace/wt-b19c772504/node_modules/@babel/plugin-syntax-numeric-separator'
1098 silly reify ]
1099 silly reify mark retired [
1099 silly reify   '/workspace/wt-b19c772504/node_modules/@babel/plugin-syntax-object-rest-spread'
1099 silly reify ]
1100 silly reify mark retired [
1100 silly reify   '/workspace/wt-b19c772504/node_modules/@babel/plugin-syntax-optional-catch-binding'
1100 silly reify ]
1101 silly reify mark retired [
1101 silly reify   '/workspace/wt-b19c772504/node_modules/@babel/plugin-syntax-optional-chaining'
1101 silly reify ]
1102 silly reify mark retired [
1102 silly reify   '/workspace/wt-b19c772504/node_modules/@babel/plugin-syntax-private-property-in-object'
1102 silly reify ]
1103 silly reify mark retired [
1103 silly reify   '/workspace/wt-b19c772504/node_modules/@babel/plugin-syntax-top-level-await'
1103 silly reify ]
1104 silly reify mark retired [
1104 silly reify   '/workspace/wt-b19c772504/node_modules/@babel/plugin-syntax-typescript'
1104 silly reify ]
1105 silly reify mark retired [ '/workspace/wt-b19c772504/node_modules/@bcoe/v8-coverage' ]
1106 silly reify mark retired [ '/workspace/wt-b19c772504/node_modules/@istanbuljs/load-nyc-config' ]
1107 silly reify mark retired [ '/workspace/wt-b19c772504/node_modules/@istanbuljs/schema' ]
1108 silly reify mark retired [ '/workspace/wt-b19c772504/node_modules/@jest/console' ]
1109 silly reify mark retired [ '/workspace/wt-b19c772504/node_modules/@jest/core' ]
1110 silly reify mark retired [ '/workspace/wt-b19c772504/node_modules/@jest/environment' ]
1111 silly reify mark retired [ '/workspace/wt-b19c772504/node_modules/@jest/expect' ]
1112 silly reify mark retired [ '/workspace/wt-b19c772504/node_modules/@jest/expect-utils' ]
1113 silly reify mark retired [ '/workspace/wt-b19c772504/node_modules/@jest/fake-timers' ]
1114 silly reify mark retired [ '/workspace/wt-b19c772504/node_modules/@jest/globals' ]
1115 silly reify mark retired [ '/workspace/wt-b19c772504/node_modules/@jest/reporters' ]
1116 silly reify mark retired [ '/workspace/wt-b19c772504/node_modules/@jest/schemas' ]
1117 silly reify mark retired [ '/workspace/wt-b19c772504/node_modules/@jest/source-map' ]
1118 silly reify mark retired [ '/workspace/wt-b19c772504/node_modules/@jest/test-result' ]
1119 silly reify mark retired [ '/workspace/wt-b19c772504/node_modules/@jest/test-sequencer' ]
1120 silly reify mark retired [ '/workspace/wt-b19c772504/node_modules/@jest/transform' ]
1121 silly reify mark retired [ '/workspace/wt-b19c772504/node_modules/@jest/types' ]
1122 silly reify mark retired [ '/workspace/wt-b19c772504/node_modules/@sinclair/typebox' ]
1123 silly reify mark retired [ '/workspace/wt-b19c772504/node_modules/@sinonjs/commons' ]
1124 silly reify mark retired [ '/workspace/wt-b19c772504/node_modules/@sinonjs/fake-timers' ]
1125 silly reify mark retired [ '/workspace/wt-b19c772504/node_modules/@types/babel__core' ]
1126 silly reify mark retired [ '/workspace/wt-b19c772504/node_modules/@types/babel__generator' ]
1127 silly reify mark retired [ '/workspace/wt-b19c772504/node_modules/@types/babel__template' ]
1128 silly reify mark retired [ '/workspace/wt-b19c772504/node_modules/@types/babel__traverse' ]
1129 silly reify mark retired [ '/workspace/wt-b19c772504/node_modules/@types/graceful-fs' ]
1130 silly reify mark retired [
1130 silly reify   '/workspace/wt-b19c772504/node_modules/@types/istanbul-lib-coverage'
1130 silly reify ]
1131 silly reify mark retired [ '/workspace/wt-b19c772504/node_modules/@types/istanbul-lib-report' ]
1132 silly reify mark retired [ '/workspace/wt-b19c772504/node_modules/@types/istanbul-reports' ]
1133 silly reify mark retired [ '/workspace/wt-b19c772504/node_modules/@types/node' ]
1134 silly reify mark retired [ '/workspace/wt-b19c772504/node_modules/@types/stack-utils' ]
1135 silly reify mark retired [ '/workspace/wt-b19c772504/node_modules/@types/yargs' ]
1136 silly reify mark retired [ '/workspace/wt-b19c772504/node_modules/@types/yargs-parser' ]
1137 silly reify mark retired [ '/workspace/wt-b19c772504/node_modules/ansi-escapes' ]
1138 silly reify mark retired [ '/workspace/wt-b19c772504/node_modules/ansi-regex' ]
1139 silly reify mark retired [ '/workspace/wt-b19c772504/node_modules/ansi-styles' ]
1140 silly reify mark retired [ '/workspace/wt-b19c772504/node_modules/anymatch' ]
1141 silly reify mark retired [ '/workspace/wt-b19c772504/node_modules/argparse' ]
1142 silly reify mark retired [ '/workspace/wt-b19c772504/node_modules/babel-jest' ]
1143 silly reify mark retired [ '/workspace/wt-b19c772504/node_modules/babel-plugin-istanbul' ]
1144 silly reify mark retired [ '/workspace/wt-b19c772504/node_modules/babel-plugin-jest-hoist' ]
1145 silly reify mark retired [
1145 silly reify   '/workspace/wt-b19c772504/node_modules/babel-preset-current-node-syntax'
1145 silly reify ]
1146 silly reify mark retired [ '/workspace/wt-b19c772504/node_modules/babel-preset-jest' ]
1147 silly reify mark retired [ '/workspace/wt-b19c772504/node_modules/balanced-match' ]
1148 silly reify mark retired [ '/workspace/wt-b19c772504/node_modules/brace-expansion' ]
1149 silly reify mark retired [ '/workspace/wt-b19c772504/node_modules/braces' ]
1150 silly reify mark retired [ '/workspace/wt-b19c772504/node_modules/bser' ]
1151 silly reify mark retired [ '/workspace/wt-b19c772504/node_modules/buffer-from' ]
1152 silly reify mark retired [ '/workspace/wt-b19c772504/node_modules/callsites' ]
1153 silly reify mark retired [ '/workspace/wt-b19c772504/node_modules/camelcase' ]
1154 silly reify mark retired [ '/workspace/wt-b19c772504/node_modules/chalk' ]
1155 silly reify mark retired [ '/workspace/wt-b19c772504/node_modules/char-regex' ]
1156 silly reify mark retired [ '/workspace/wt-b19c772504/node_modules/ci-info' ]
1157 silly reify mark retired [ '/workspace/wt-b19c772504/node_modules/cjs-module-lexer' ]
1158 silly reify mark retired [ '/workspace/wt-b19c772504/node_modules/cliui' ]
1159 silly reify mark retired [ '/workspace/wt-b19c772504/node_modules/co' ]
1160 silly reify mark retired [ '/workspace/wt-b19c772504/node_modules/collect-v8-coverage' ]
1161 silly reify mark retired [ '/workspace/wt-b19c772504/node_modules/color-convert' ]
1162 silly reify mark retired [ '/workspace/wt-b19c772504/node_modules/color-name' ]
1163 silly reify mark retired [ '/workspace/wt-b19c772504/node_modules/concat-map' ]
1164 silly reify mark retired [
1164 silly reify   '/workspace/wt-b19c772504/node_modules/create-jest',
1164 silly reify   '/workspace/wt-b19c772504/node_modules/.bin/create-jest'
1164 silly reify ]
1165 silly reify mark retired [ '/workspace/wt-b19c772504/node_modules/cross-spawn' ]
1166 silly reify mark retired [ '/workspace/wt-b19c772504/node_modules/dedent' ]
1167 silly reify mark retired [ '/workspace/wt-b19c772504/node_modules/deepmerge' ]
1168 silly reify mark retired [ '/workspace/wt-b19c772504/node_modules/detect-newline' ]
1169 silly reify mark retired [ '/workspace/wt-b19c772504/node_modules/diff-sequences' ]
1170 silly reify mark retired [ '/workspace/wt-b19c772504/node_modules/emittery' ]
1171 silly reify mark retired [ '/workspace/wt-b19c772504/node_modules/emoji-regex' ]
1172 silly reify mark retired [ '/workspace/wt-b19c772504/node_modules/error-ex' ]
1173 silly reify mark retired [ '/workspace/wt-b19c772504/node_modules/es-errors' ]
1174 silly reify mark retired [ '/workspace/wt-b19c772504/node_modules/escape-string-regexp' ]
1175 silly reify mark retired [
1175 silly reify   '/workspace/wt-b19c772504/node_modules/esprima',
1175 silly reify   '/workspace/wt-b19c772504/node_modules/.bin/esparse',
1175 silly reify   '/workspace/wt-b19c772504/node_modules/.bin/esvalidate'
1175 silly reify ]
1176 silly reify mark retired [ '/workspace/wt-b19c772504/node_modules/execa' ]
1177 silly reify mark retired [ '/workspace/wt-b19c772504/node_modules/exit' ]
1178 silly reify mark retired [ '/workspace/wt-b19c772504/node_modules/expect' ]
1179 silly reify mark retired [ '/workspace/wt-b19c772504/node_modules/fast-json-stable-stringify' ]
1180 silly reify mark retired [ '/workspace/wt-b19c772504/node_modules/fb-watchman' ]
1181 silly reify mark retired [ '/workspace/wt-b19c772504/node_modules/fill-range' ]
1182 silly reify mark retired [ '/workspace/wt-b19c772504/node_modules/find-up' ]
1183 silly reify mark retired [ '/workspace/wt-b19c772504/node_modules/fs.realpath' ]
1184 silly reify mark retired [ '/workspace/wt-b19c772504/node_modules/function-bind' ]
1185 silly reify mark retired [ '/workspace/wt-b19c772504/node_modules/get-package-type' ]
1186 silly reify mark retired [ '/workspace/wt-b19c772504/node_modules/get-stream' ]
1187 silly reify mark retired [ '/workspace/wt-b19c772504/node_modules/glob' ]
1188 silly reify mark retired [ '/workspace/wt-b19c772504/node_modules/graceful-fs' ]
1189 silly reify mark retired [ '/workspace/wt-b19c772504/node_modules/has-flag' ]
1190 silly reify mark retired [ '/workspace/wt-b19c772504/node_modules/hasown' ]
1191 silly reify mark retired [ '/workspace/wt-b19c772504/node_modules/html-escaper' ]
1192 silly reify mark retired [ '/workspace/wt-b19c772504/node_modules/human-signals' ]
1193 silly reify mark retired [
1193 silly reify   '/workspace/wt-b19c772504/node_modules/import-local',
1193 silly reify   '/workspace/wt-b19c772504/node_modules/.bin/import-local-fixture'
1193 silly reify ]
1194 silly reify mark retired [ '/workspace/wt-b19c772504/node_modules/imurmurhash' ]
1195 silly reify mark retired [ '/workspace/wt-b19c772504/node_modules/inflight' ]
1196 silly reify mark retired [ '/workspace/wt-b19c772504/node_modules/inherits' ]
1197 silly reify mark retired [ '/workspace/wt-b19c772504/node_modules/is-arrayish' ]
1198 silly reify mark retired [ '/workspace/wt-b19c772504/node_modules/is-core-module' ]
1199 silly reify mark retired [ '/workspace/wt-b19c772504/node_modules/is-fullwidth-code-point' ]
1200 silly reify mark retired [ '/workspace/wt-b19c772504/node_modules/is-generator-fn' ]
1201 silly reify mark retired [ '/workspace/wt-b19c772504/node_modules/is-number' ]
1202 silly reify mark retired [ '/workspace/wt-b19c772504/node_modules/is-stream' ]
1203 silly reify mark retired [ '/workspace/wt-b19c772504/node_modules/isexe' ]
1204 silly reify mark retired [ '/workspace/wt-b19c772504/node_modules/istanbul-lib-coverage' ]
1205 silly reify mark retired [ '/workspace/wt-b19c772504/node_modules/istanbul-lib-instrument' ]
1206 silly reify mark retired [ '/workspace/wt-b19c772504/node_modules/istanbul-lib-report' ]
1207 silly reify mark retired [ '/workspace/wt-b19c772504/node_modules/istanbul-lib-source-maps' ]
1208 silly reify mark retired [ '/workspace/wt-b19c772504/node_modules/istanbul-reports' ]
1209 silly reify mark retired [
1209 silly reify   '/workspace/wt-b19c772504/node_modules/jest',
1209 silly reify   '/workspace/wt-b19c772504/node_modules/.bin/jest'
1209 silly reify ]
1210 silly reify mark retired [ '/workspace/wt-b19c772504/node_modules/jest-changed-files' ]
1211 silly reify mark retired [ '/workspace/wt-b19c772504/node_modules/jest-circus' ]
1212 silly reify mark retired [
1212 silly reify   '/workspace/wt-b19c772504/node_modules/jest-cli',
1212 silly reify   '/workspace/wt-b19c772504/node_modules/.bin/jest'
1212 silly reify ]
1213 silly reify mark retired [ '/workspace/wt-b19c772504/node_modules/jest-config' ]
1214 silly reify mark retired [ '/workspace/wt-b19c772504/node_modules/jest-diff' ]
1215 silly reify mark retired [ '/workspace/wt-b19c772504/node_modules/jest-docblock' ]
1216 silly reify mark retired [ '/workspace/wt-b19c772504/node_modules/jest-each' ]
1217 silly reify mark retired [ '/workspace/wt-b19c772504/node_modules/jest-environment-node' ]
1218 silly reify mark retired [ '/workspace/wt-b19c772504/node_modules/jest-get-type' ]
1219 silly reify mark retired [ '/workspace/wt-b19c772504/node_modules/jest-haste-map' ]
1220 silly reify mark retired [ '/workspace/wt-b19c772504/node_modules/jest-leak-detector' ]
1221 silly reify mark retired [ '/workspace/wt-b19c772504/node_modules/jest-matcher-utils' ]
1222 silly reify mark retired [ '/workspace/wt-b19c772504/node_modules/jest-message-util' ]
1223 silly reify mark retired [ '/workspace/wt-b19c772504/node_modules/jest-mock' ]
1224 silly reify mark retired [ '/workspace/wt-b19c772504/node_modules/jest-pnp-resolver' ]
1225 silly reify mark retired [ '/workspace/wt-b19c772504/node_modules/jest-regex-util' ]
1226 silly reify mark retired [ '/workspace/wt-b19c772504/node_modules/jest-resolve' ]
1227 silly reify mark retired [ '/workspace/wt-b19c772504/node_modules/jest-resolve-dependencies' ]
1228 silly reify mark retired [ '/workspace/wt-b19c772504/node_modules/jest-runner' ]
1229 silly reify mark retired [ '/workspace/wt-b19c772504/node_modules/jest-runtime' ]
1230 silly reify mark retired [ '/workspace/wt-b19c772504/node_modules/jest-snapshot' ]
1231 silly reify mark retired [ '/workspace/wt-b19c772504/node_modules/jest-util' ]
1232 silly reify mark retired [ '/workspace/wt-b19c772504/node_modules/jest-validate' ]
1233 silly reify mark retired [ '/workspace/wt-b19c772504/node_modules/jest-watcher' ]
1234 silly reify mark retired [ '/workspace/wt-b19c772504/node_modules/jest-worker' ]
1235 silly reify mark retired [
1235 silly reify   '/workspace/wt-b19c772504/node_modules/js-yaml',
1235 silly reify   '/workspace/wt-b19c772504/node_modules/.bin/js-yaml'
1235 silly reify ]
1236 silly reify mark retired [
1236 silly reify   '/workspace/wt-b19c772504/node_modules/json-parse-even-better-errors'
1236 silly reify ]
1237 silly reify mark retired [ '/workspace/wt-b19c772504/node_modules/kleur' ]
1238 silly reify mark retired [ '/workspace/wt-b19c772504/node_modules/leven' ]
1239 silly reify mark retired [ '/workspace/wt-b19c772504/node_modules/lines-and-columns' ]
1240 silly reify mark retired [ '/workspace/wt-b19c772504/node_modules/locate-path' ]
1241 silly reify mark retired [ '/workspace/wt-b19c772504/node_modules/make-dir' ]
1242 silly reify mark retired [ '/workspace/wt-b19c772504/node_modules/makeerror' ]
1243 silly reify mark retired [ '/workspace/wt-b19c772504/node_modules/merge-stream' ]
1244 silly reify mark retired [ '/workspace/wt-b19c772504/node_modules/micromatch' ]
1245 silly reify mark retired [ '/workspace/wt-b19c772504/node_modules/mimic-fn' ]
1246 silly reify mark retired [ '/workspace/wt-b19c772504/node_modules/minimatch' ]
1247 silly reify mark retired [ '/workspace/wt-b19c772504/node_modules/natural-compare' ]
1248 silly reify mark retired [ '/workspace/wt-b19c772504/node_modules/node-int64' ]
1249 silly reify mark retired [ '/workspace/wt-b19c772504/node_modules/normalize-path' ]
1250 silly reify mark retired [ '/workspace/wt-b19c772504/node_modules/npm-run-path' ]
1251 silly reify mark retired [ '/workspace/wt-b19c772504/node_modules/once' ]
1252 silly reify mark retired [ '/workspace/wt-b19c772504/node_modules/onetime' ]
1253 silly reify mark retired [ '/workspace/wt-b19c772504/node_modules/p-limit' ]
1254 silly reify mark retired [ '/workspace/wt-b19c772504/node_modules/p-locate' ]
1255 silly reify mark retired [ '/workspace/wt-b19c772504/node_modules/p-try' ]
1256 silly reify mark retired [ '/workspace/wt-b19c772504/node_modules/parse-json' ]
1257 silly reify mark retired [ '/workspace/wt-b19c772504/node_modules/path-exists' ]
1258 silly reify mark retired [ '/workspace/wt-b19c772504/node_modules/path-is-absolute' ]
1259 silly reify mark retired [ '/workspace/wt-b19c772504/node_modules/path-key' ]
1260 silly reify mark retired [ '/workspace/wt-b19c772504/node_modules/path-parse' ]
1261 silly reify mark retired [ '/workspace/wt-b19c772504/node_modules/picomatch' ]
1262 silly reify mark retired [ '/workspace/wt-b19c772504/node_modules/pirates' ]
1263 silly reify mark retired [ '/workspace/wt-b19c772504/node_modules/pkg-dir' ]
1264 silly reify mark retired [ '/workspace/wt-b19c772504/node_modules/pretty-format' ]
1265 silly reify mark retired [ '/workspace/wt-b19c772504/node_modules/prompts' ]
1266 silly reify mark retired [ '/workspace/wt-b19c772504/node_modules/pure-rand' ]
1267 silly reify mark retired [ '/workspace/wt-b19c772504/node_modules/react-is' ]
1268 silly reify mark retired [ '/workspace/wt-b19c772504/node_modules/require-directory' ]
1269 silly reify mark retired [
1269 silly reify   '/workspace/wt-b19c772504/node_modules/resolve',
1269 silly reify   '/workspace/wt-b19c772504/node_modules/.bin/resolve'
1269 silly reify ]
1270 silly reify mark retired [ '/workspace/wt-b19c772504/node_modules/resolve-cwd' ]
1271 silly reify mark retired [ '/workspace/wt-b19c772504/node_modules/resolve-from' ]
1272 silly reify mark retired [ '/workspace/wt-b19c772504/node_modules/resolve.exports' ]
1273 silly reify mark retired [ '/workspace/wt-b19c772504/node_modules/shebang-command' ]
1274 silly reify mark retired [ '/workspace/wt-b19c772504/node_modules/shebang-regex' ]
1275 silly reify mark retired [ '/workspace/wt-b19c772504/node_modules/signal-exit' ]
1276 silly reify mark retired [ '/workspace/wt-b19c772504/node_modules/sisteransi' ]
1277 silly reify mark retired [ '/workspace/wt-b19c772504/node_modules/slash' ]
1278 silly reify mark retired [ '/workspace/wt-b19c772504/node_modules/source-map' ]
1279 silly reify mark retired [ '/workspace/wt-b19c772504/node_modules/source-map-support' ]
1280 silly reify mark retired [ '/workspace/wt-b19c772504/node_modules/sprintf-js' ]
1281 silly reify mark retired [ '/workspace/wt-b19c772504/node_modules/stack-utils' ]
1282 silly reify mark retired [ '/workspace/wt-b19c772504/node_modules/string-length' ]
1283 silly reify mark retired [ '/workspace/wt-b19c772504/node_modules/string-width' ]
1284 silly reify mark retired [ '/workspace/wt-b19c772504/node_modules/strip-ansi' ]
1285 silly reify mark retired [ '/workspace/wt-b19c772504/node_modules/strip-bom' ]
1286 silly reify mark retired [ '/workspace/wt-b19c772504/node_modules/strip-final-newline' ]
1287 silly reify mark retired [ '/workspace/wt-b19c772504/node_modules/strip-json-comments' ]
1288 silly reify mark retired [ '/workspace/wt-b19c772504/node_modules/supports-color' ]
1289 silly reify mark retired [
1289 silly reify   '/workspace/wt-b19c772504/node_modules/supports-preserve-symlinks-flag'
1289 silly reify ]
1290 silly reify mark retired [ '/workspace/wt-b19c772504/node_modules/test-exclude' ]
1291 silly reify mark retired [ '/workspace/wt-b19c772504/node_modules/tmpl' ]
1292 silly reify mark retired [ '/workspace/wt-b19c772504/node_modules/to-regex-range' ]
1293 silly reify mark retired [ '/workspace/wt-b19c772504/node_modules/type-detect' ]
1294 silly reify mark retired [ '/workspace/wt-b19c772504/node_modules/type-fest' ]
1295 silly reify mark retired [ '/workspace/wt-b19c772504/node_modules/undici-types' ]
1296 silly reify mark retired [ '/workspace/wt-b19c772504/node_modules/v8-to-istanbul' ]
1297 silly reify mark retired [ '/workspace/wt-b19c772504/node_modules/walker' ]
1298 silly reify mark retired [
1298 silly reify   '/workspace/wt-b19c772504/node_modules/which',
1298 silly reify   '/workspace/wt-b19c772504/node_modules/.bin/node-which'
1298 silly reify ]
1299 silly reify mark retired [ '/workspace/wt-b19c772504/node_modules/wrap-ansi' ]
1300 silly reify mark retired [ '/workspace/wt-b19c772504/node_modules/wrappy' ]
1301 silly reify mark retired [ '/workspace/wt-b19c772504/node_modules/write-file-atomic' ]
1302 silly reify mark retired [ '/workspace/wt-b19c772504/node_modules/yargs' ]
1303 silly reify mark retired [ '/workspace/wt-b19c772504/node_modules/yargs-parser' ]
1304 silly reify mark retired [ '/workspace/wt-b19c772504/node_modules/yocto-queue' ]
1305 silly reify moves {
1305 silly reify   '/workspace/wt-b19c772504/node_modules/@babel/helper-plugin-utils': '/workspace/wt-b19c772504/node_modules/@babel/.helper-plugin-utils-onOrSqVu',
1305 silly reify   '/workspace/wt-b19c772504/node_modules/@babel/plugin-syntax-async-generators': '/workspace/wt-b19c772504/node_modules/@babel/.plugin-syntax-async-generators-N8YNHeaH',
1305 silly reify   '/workspace/wt-b19c772504/node_modules/@babel/plugin-syntax-bigint': '/workspace/wt-b19c772504/node_modules/@babel/.plugin-syntax-bigint-sNl2aHgk',
1305 silly reify   '/workspace/wt-b19c772504/node_modules/@babel/plugin-syntax-class-properties': '/workspace/wt-b19c772504/node_modules/@babel/.plugin-syntax-class-properties-qu9LFtIC',
1305 silly reify   '/workspace/wt-b19c772504/node_modules/@babel/plugin-syntax-class-static-block': '/workspace/wt-b19c772504/node_modules/@babel/.plugin-syntax-class-static-block-liZW9e24',
1305 silly reify   '/workspace/wt-b19c772504/node_modules/@babel/plugin-syntax-import-attributes': '/workspace/wt-b19c772504/node_modules/@babel/.plugin-syntax-import-attributes-Rlths260',
1305 silly reify   '/workspace/wt-b19c772504/node_modules/@babel/plugin-syntax-import-meta': '/workspace/wt-b19c772504/node_modules/@babel/.plugin-syntax-import-meta-xF0wTTJ9',
1305 silly reify   '/workspace/wt-b19c772504/node_modules/@babel/plugin-syntax-json-strings': '/workspace/wt-b19c772504/node_modules/@babel/.plugin-syntax-json-strings-olEytjwT',
1305 silly reify   '/workspace/wt-b19c772504/node_modules/@babel/plugin-syntax-jsx': '/workspace/wt-b19c772504/node_modules/@babel/.plugin-syntax-jsx-BwwaL9A8',
1305 silly reify   '/workspace/wt-b19c772504/node_modules/@babel/plugin-syntax-logical-assignment-operators': '/workspace/wt-b19c772504/node_modules/@babel/.plugin-syntax-logical-assignment-operators-R7kpjFF2',
1305 silly reify   '/workspace/wt-b19c772504/node_modules/@babel/plugin-syntax-nullish-coalescing-operator': '/workspace/wt-b19c772504/node_modules/@babel/.plugin-syntax-nullish-coalescing-operator-NMdjTYb3',
1305 silly reify   '/workspace/wt-b19c772504/node_modules/@babel/plugin-syntax-numeric-separator': '/workspace/wt-b19c772504/node_modules/@babel/.plugin-syntax-numeric-separator-lZNXXkvW',
1305 silly reify   '/workspace/wt-b19c772504/node_modules/@babel/plugin-syntax-object-rest-spread': '/workspace/wt-b19c772504/node_modules/@babel/.plugin-syntax-object-rest-spread-LRiBpplz',
1305 silly reify   '/workspace/wt-b19c772504/node_modules/@babel/plugin-syntax-optional-catch-binding': '/workspace/wt-b19c772504/node_modules/@babel/.plugin-syntax-optional-catch-binding-4yVvXmKQ',
1305 silly reify   '/workspace/wt-b19c772504/node_modules/@babel/plugin-syntax-optional-chaining': '/workspace/wt-b19c772504/node_modules/@babel/.plugin-syntax-optional-chaining-DWloZ87G',
1305 silly reify   '/workspace/wt-b19c772504/node_modules/@babel/plugin-syntax-private-property-in-object': '/workspace/wt-b19c772504/node_modules/@babel/.plugin-syntax-private-property-in-object-bLnDJ31F',
1305 silly reify   '/workspace/wt-b19c772504/node_modules/@babel/plugin-syntax-top-level-await': '/workspace/wt-b19c772504/node_modules/@babel/.plugin-syntax-top-level-await-sVqrw06O',
1305 silly reify   '/workspace/wt-b19c772504/node_modules/@babel/plugin-syntax-typescript': '/workspace/wt-b19c772504/node_modules/@babel/.plugin-syntax-typescript-ddPqVXOe',
1305 silly reify   '/workspace/wt-b19c772504/node_modules/@bcoe/v8-coverage': '/workspace/wt-b19c772504/node_modules/@bcoe/.v8-coverage-fIgYP4Jg',
1305 silly reify   '/workspace/wt-b19c772504/node_modules/@istanbuljs/load-nyc-config': '/workspace/wt-b19c772504/node_modules/@istanbuljs/.load-nyc-config-I0W2SIuO',
1305 silly reify   '/workspace/wt-b19c772504/node_modules/@istanbuljs/schema': '/workspace/wt-b19c772504/node_modules/@istanbuljs/.schema-Fu6WGikR',
1305 silly reify   '/workspace/wt-b19c772504/node_modules/@jest/console': '/workspace/wt-b19c772504/node_modules/@jest/.console-vd25UeO5',
1305 silly reify   '/workspace/wt-b19c772504/node_modules/@jest/core': '/workspace/wt-b19c772504/node_modules/@jest/.core-iuW1XoVK',
1305 silly reify   '/workspace/wt-b19c772504/node_modules/@jest/environment': '/workspace/wt-b19c772504/node_modules/@jest/.environment-dOunCPwy',
1305 silly reify   '/workspace/wt-b19c772504/node_modules/@jest/expect': '/workspace/wt-b19c772504/node_modules/@jest/.expect-dcxwkOWL',
1305 silly reify   '/workspace/wt-b19c772504/node_modules/@jest/expect-utils': '/workspace/wt-b19c772504/node_modules/@jest/.expect-utils-3zTVJ4FG',
1305 silly reify   '/workspace/wt-b19c772504/node_modules/@jest/fake-timers': '/workspace/wt-b19c772504/node_modules/@jest/.fake-timers-daSCnRvY',
1305 silly reify   '/workspace/wt-b19c772504/node_modules/@jest/globals': '/workspace/wt-b19c772504/node_modules/@jest/.globals-Iij1zjRZ',
1305 silly reify   '/workspace/wt-b19c772504/node_modules/@jest/reporters': '/workspace/wt-b19c772504/node_modules/@jest/.reporters-ScebUD5P',
1305 silly reify   '/workspace/wt-b19c772504/node_modules/@jest/schemas': '/workspace/wt-b19c772504/node_modules/@jest/.schemas-UGYJ5hsu',
1305 silly reify   '/workspace/wt-b19c772504/node_modules/@jest/source-map': '/workspace/wt-b19c772504/node_modules/@jest/.source-map-F2aXoAHw',
1305 silly reify   '/workspace/wt-b19c772504/node_modules/@jest/test-result': '/workspace/wt-b19c772504/node_modules/@jest/.test-result-RqZYjwC7',
1305 silly reify   '/workspace/wt-b19c772504/node_modules/@jest/test-sequencer': '/workspace/wt-b19c772504/node_modules/@jest/.test-sequencer-0nZymzZP',
1305 silly reify   '/workspace/wt-b19c772504/node_modules/@jest/transform': '/workspace/wt-b19c772504/node_modules/@jest/.transform-ox7QjEPV',
1305 silly reify   '/workspace/wt-b19c772504/node_modules/@jest/types': '/workspace/wt-b19c772504/node_modules/@jest/.types-HyjUJdB5',
1305 silly reify   '/workspace/wt-b19c772504/node_modules/@sinclair/typebox': '/workspace/wt-b19c772504/node_modules/@sinclair/.typebox-6VvIpzOw',
1305 silly reify   '/workspace/wt-b19c772504/node_modules/@sinonjs/commons': '/workspace/wt-b19c772504/node_modules/@sinonjs/.commons-GTCYjVDa',
1305 silly reify   '/workspace/wt-b19c772504/node_modules/@sinonjs/fake-timers': '/workspace/wt-b19c772504/node_modules/@sinonjs/.fake-timers-MXrPSYbR',
1305 silly reify   '/workspace/wt-b19c772504/node_modules/@types/babel__core': '/workspace/wt-b19c772504/node_modules/@types/.babel__core-ydVuQghb',
1305 silly reify   '/workspace/wt-b19c772504/node_modules/@types/babel__generator': '/workspace/wt-b19c772504/node_modules/@types/.babel__generator-cSm7ak36',
1305 silly reify   '/workspace/wt-b19c772504/node_modules/@types/babel__template': '/workspace/wt-b19c772504/node_modules/@types/.babel__template-PmHmboEZ',
1305 silly reify   '/workspace/wt-b19c772504/node_modules/@types/babel__traverse': '/workspace/wt-b19c772504/node_modules/@types/.babel__traverse-qDpQ8f4J',
1305 silly reify   '/workspace/wt-b19c772504/node_modules/@types/graceful-fs': '/workspace/wt-b19c772504/node_modules/@types/.graceful-fs-KJs0NeRU',
1305 silly reify   '/workspace/wt-b19c772504/node_modules/@types/istanbul-lib-coverage': '/workspace/wt-b19c772504/node_modules/@types/.istanbul-lib-coverage-KbVkUzd0',
1305 silly reify   '/workspace/wt-b19c772504/node_modules/@types/istanbul-lib-report': '/workspace/wt-b19c772504/node_modules/@types/.istanbul-lib-report-HDYaDp5w',
1305 silly reify   '/workspace/wt-b19c772504/node_modules/@types/istanbul-reports': '/workspace/wt-b19c772504/node_modules/@types/.istanbul-reports-y4poE1oJ',
1305 silly reify   '/workspace/wt-b19c772504/node_modules/@types/node': '/workspace/wt-b19c772504/node_modules/@types/.node-tAYNQQxV',
1305 silly reify   '/workspace/wt-b19c772504/node_modules/@types/stack-utils': '/workspace/wt-b19c772504/node_modules/@types/.stack-utils-nM8M8GcM',
1305 silly reify   '/workspace/wt-b19c772504/node_modules/@types/yargs': '/workspace/wt-b19c772504/node_modules/@types/.yargs-z25QMrYl',
1305 silly reify   '/workspace/wt-b19c772504/node_modules/@types/yargs-parser': '/workspace/wt-b19c772504/node_modules/@types/.yargs-parser-k4HiNiMD',
1305 silly reify   '/workspace/wt-b19c772504/node_modules/ansi-escapes': '/workspace/wt-b19c772504/node_modules/.ansi-escapes-Gz28zkIq',
1305 silly reify   '/workspace/wt-b19c772504/node_modules/ansi-regex': '/workspace/wt-b19c772504/node_modules/.ansi-regex-lgcpTNw8',
1305 silly reify   '/workspace/wt-b19c772504/node_modules/ansi-styles': '/workspace/wt-b19c772504/node_modules/.ansi-styles-Khs0rZxk',
1305 silly reify   '/workspace/wt-b19c772504/node_modules/anymatch': '/workspace/wt-b19c772504/node_modules/.anymatch-KzQbsjVO',
1305 silly reify   '/workspace/wt-b19c772504/node_modules/argparse': '/workspace/wt-b19c772504/node_modules/.argparse-B2pfJc4x',
1305 silly reify   '/workspace/wt-b19c772504/node_modules/babel-jest': '/workspace/wt-b19c772504/node_modules/.babel-jest-4WyV88vm',
1305 silly reify   '/workspace/wt-b19c772504/node_modules/babel-plugin-istanbul': '/workspace/wt-b19c772504/node_modules/.babel-plugin-istanbul-w4ZGCEPO',
1305 silly reify   '/workspace/wt-b19c772504/node_modules/babel-plugin-jest-hoist': '/workspace/wt-b19c772504/node_modules/.babel-plugin-jest-hoist-ljfcvBYS',
1305 silly reify   '/workspace/wt-b19c772504/node_modules/babel-preset-current-node-syntax': '/workspace/wt-b19c772504/node_modules/.babel-preset-current-node-syntax-Ru9Wf5zh',
1305 silly reify   '/workspace/wt-b19c772504/node_modules/babel-preset-jest': '/workspace/wt-b19c772504/node_modules/.babel-preset-jest-Ma8pIttZ',
1305 silly reify   '/workspace/wt-b19c772504/node_modules/balanced-match': '/workspace/wt-b19c772504/node_modules/.balanced-match-miFV3sJc',
1305 silly reify   '/workspace/wt-b19c772504/node_modules/brace-expansion': '/workspace/wt-b19c772504/node_modules/.brace-expansion-IGNXAEGS',
1305 silly reify   '/workspace/wt-b19c772504/node_modules/braces': '/workspace/wt-b19c772504/node_modules/.braces-UHhT5GAN',
1305 silly reify   '/workspace/wt-b19c772504/node_modules/bser': '/workspace/wt-b19c772504/node_modules/.bser-bXnM3GHo',
1305 silly reify   '/workspace/wt-b19c772504/node_modules/buffer-from': '/workspace/wt-b19c772504/node_modules/.buffer-from-ZttmvJ17',
1305 silly reify   '/workspace/wt-b19c772504/node_modules/callsites': '/workspace/wt-b19c772504/node_modules/.callsites-wgcvXARG',
1305 silly reify   '/workspace/wt-b19c772504/node_modules/camelcase': '/workspace/wt-b19c772504/node_modules/.camelcase-LqkVKQUC',
1305 silly reify   '/workspace/wt-b19c772504/node_modules/chalk': '/workspace/wt-b19c772504/node_modules/.chalk-me5mumoj',
1305 silly reify   '/workspace/wt-b19c772504/node_modules/char-regex': '/workspace/wt-b19c772504/node_modules/.char-regex-zp3DYlca',
1305 silly reify   '/workspace/wt-b19c772504/node_modules/ci-info': '/workspace/wt-b19c772504/node_modules/.ci-info-eTiJcMyf',
1305 silly reify   '/workspace/wt-b19c772504/node_modules/cjs-module-lexer': '/workspace/wt-b19c772504/node_modules/.cjs-module-lexer-j8PTDQG0',
1305 silly reify   '/workspace/wt-b19c772504/node_modules/cliui': '/workspace/wt-b19c772504/node_modules/.cliui-KQ6swV3s',
1305 silly reify   '/workspace/wt-b19c772504/node_modules/co': '/workspace/wt-b19c772504/node_modules/.co-hVxFKvwi',
1305 silly reify   '/workspace/wt-b19c772504/node_modules/collect-v8-coverage': '/workspace/wt-b19c772504/node_modules/.collect-v8-coverage-ekMVFipo',
1305 silly reify   '/workspace/wt-b19c772504/node_modules/color-convert': '/workspace/wt-b19c772504/node_modules/.color-convert-znMIKtrR',
1305 silly reify   '/workspace/wt-b19c772504/node_modules/color-name': '/workspace/wt-b19c772504/node_modules/.color-name-nVhBttqG',
1305 silly reify   '/workspace/wt-b19c772504/node_modules/concat-map': '/workspace/wt-b19c772504/node_modules/.concat-map-siOLLU8D',
1305 silly reify   '/workspace/wt-b19c772504/node_modules/create-jest': '/workspace/wt-b19c772504/node_modules/.create-jest-AnR6AKuA',
1305 silly reify   '/workspace/wt-b19c772504/node_modules/.bin/create-jest': '/workspace/wt-b19c772504/node_modules/.bin/.create-jest-b1t8tDpz',
1305 silly reify   '/workspace/wt-b19c772504/node_modules/cross-spawn': '/workspace/wt-b19c772504/node_modules/.cross-spawn-nwJUB7jN',
1305 silly reify   '/workspace/wt-b19c772504/node_modules/dedent': '/workspace/wt-b19c772504/node_modules/.dedent-zpKBmyy7',
1305 silly reify   '/workspace/wt-b19c772504/node_modules/deepmerge': '/workspace/wt-b19c772504/node_modules/.deepmerge-yvG6nFZm',
1305 silly reify   '/workspace/wt-b19c772504/node_modules/detect-newline': '/workspace/wt-b19c772504/node_modules/.detect-newline-s3GMaIsL',
1305 silly reify   '/workspace/wt-b19c772504/node_modules/diff-sequences': '/workspace/wt-b19c772504/node_modules/.diff-sequences-QAbEzmZ8',
1305 silly reify   '/workspace/wt-b19c772504/node_modules/emittery': '/workspace/wt-b19c772504/node_modules/.emittery-GmtbcGF6',
1305 silly reify   '/workspace/wt-b19c772504/node_modules/emoji-regex': '/workspace/wt-b19c772504/node_modules/.emoji-regex-S0iGLjkL',
1305 silly reify   '/workspace/wt-b19c772504/node_modules/error-ex': '/workspace/wt-b19c772504/node_modules/.error-ex-3GkmEqdO',
1305 silly reify   '/workspace/wt-b19c772504/node_modules/es-errors': '/workspace/wt-b19c772504/node_modules/.es-errors-Pktkc4z9',
1305 silly reify   '/workspace/wt-b19c772504/node_modules/escape-string-regexp': '/workspace/wt-b19c772504/node_modules/.escape-string-regexp-F0ezyQDQ',
1305 silly reify   '/workspace/wt-b19c772504/node_modules/esprima': '/workspace/wt-b19c772504/node_modules/.esprima-DVZOSb0N',
1305 silly reify   '/workspace/wt-b19c772504/node_modules/.bin/esparse': '/workspace/wt-b19c772504/node_modules/.bin/.esparse-5bK6cD5n',
1305 silly reify   '/workspace/wt-b19c772504/node_modules/.bin/esvalidate': '/workspace/wt-b19c772504/node_modules/.bin/.esvalidate-OoBah9P8',
1305 silly reify   '/workspace/wt-b19c772504/node_modules/execa': '/workspace/wt-b19c772504/node_modules/.execa-2unYzmuh',
1305 silly reify   '/workspace/wt-b19c772504/node_modules/exit': '/workspace/wt-b19c772504/node_modules/.exit-AvVcNEq1',
1305 silly reify   '/workspace/wt-b19c772504/node_modules/expect': '/workspace/wt-b19c772504/node_modules/.expect-uvwJ3t9l',
1305 silly reify   '/workspace/wt-b19c772504/node_modules/fast-json-stable-stringify': '/workspace/wt-b19c772504/node_modules/.fast-json-stable-stringify-qzKlmfI6',
1305 silly reify   '/workspace/wt-b19c772504/node_modules/fb-watchman': '/workspace/wt-b19c772504/node_modules/.fb-watchman-trUyC82C',
1305 silly reify   '/workspace/wt-b19c772504/node_modules/fill-range': '/workspace/wt-b19c772504/node_modules/.fill-range-sWknCGVa',
1305 silly reify   '/workspace/wt-b19c772504/node_modules/find-up': '/workspace/wt-b19c772504/node_modules/.find-up-ebmjH1HL',
1305 silly reify   '/workspace/wt-b19c772504/node_modules/fs.realpath': '/workspace/wt-b19c772504/node_modules/.fs.realpath-8A6gymuZ',
1305 silly reify   '/workspace/wt-b19c772504/node_modules/function-bind': '/workspace/wt-b19c772504/node_modules/.function-bind-YBDc9MNq',
1305 silly reify   '/workspace/wt-b19c772504/node_modules/get-package-type': '/workspace/wt-b19c772504/node_modules/.get-package-type-gVe2ngwr',
1305 silly reify   '/workspace/wt-b19c772504/node_modules/get-stream': '/workspace/wt-b19c772504/node_modules/.get-stream-Hei2SFMH',
1305 silly reify   '/workspace/wt-b19c772504/node_modules/glob': '/workspace/wt-b19c772504/node_modules/.glob-Kb1ZjVBh',
1305 silly reify   '/workspace/wt-b19c772504/node_modules/graceful-fs': '/workspace/wt-b19c772504/node_modules/.graceful-fs-jWYbfzYp',
1305 silly reify   '/workspace/wt-b19c772504/node_modules/has-flag': '/workspace/wt-b19c772504/node_modules/.has-flag-5QkKB6KF',
1305 silly reify   '/workspace/wt-b19c772504/node_modules/hasown': '/workspace/wt-b19c772504/node_modules/.hasown-y0GcSBHQ',
1305 silly reify   '/workspace/wt-b19c772504/node_modules/html-escaper': '/workspace/wt-b19c772504/node_modules/.html-escaper-RMThdlnY',
1305 silly reify   '/workspace/wt-b19c772504/node_modules/human-signals': '/workspace/wt-b19c772504/node_modules/.human-signals-QjxbzJc5',
1305 silly reify   '/workspace/wt-b19c772504/node_modules/import-local': '/workspace/wt-b19c772504/node_modules/.import-local-JU7pxSGy',
1305 silly reify   '/workspace/wt-b19c772504/node_modules/.bin/import-local-fixture': '/workspace/wt-b19c772504/node_modules/.bin/.import-local-fixture-LLOBPo69',
1305 silly reify   '/workspace/wt-b19c772504/node_modules/imurmurhash': '/workspace/wt-b19c772504/node_modules/.imurmurhash-TTIy60sn',
1305 silly reify   '/workspace/wt-b19c772504/node_modules/inflight': '/workspace/wt-b19c772504/node_modules/.inflight-GVFrh1ih',
1305 silly reify   '/workspace/wt-b19c772504/node_modules/inherits': '/workspace/wt-b19c772504/node_modules/.inherits-eHpoQjSP',
1305 silly reify   '/workspace/wt-b19c772504/node_modules/is-arrayish': '/workspace/wt-b19c772504/node_modules/.is-arrayish-m4WaHp9g',
1305 silly reify   '/workspace/wt-b19c772504/node_modules/is-core-module': '/workspace/wt-b19c772504/node_modules/.is-core-module-EDfBIGNC',
1305 silly reify   '/workspace/wt-b19c772504/node_modules/is-fullwidth-code-point': '/workspace/wt-b19c772504/node_modules/.is-fullwidth-code-point-kOump4hi',
1305 silly reify   '/workspace/wt-b19c772504/node_modules/is-generator-fn': '/workspace/wt-b19c772504/node_modules/.is-generator-fn-JJDHGePe',
1305 silly reify   '/workspace/wt-b19c772504/node_modules/is-number': '/workspace/wt-b19c772504/node_modules/.is-number-JlYBQFIO',
1305 silly reify   '/workspace/wt-b19c772504/node_modules/is-stream': '/workspace/wt-b19c772504/node_modules/.is-stream-KLiaBi6v',
1305 silly reify   '/workspace/wt-b19c772504/node_modules/isexe': '/workspace/wt-b19c772504/node_modules/.isexe-dqrA471B',
1305 silly reify   '/workspace/wt-b19c772504/node_modules/istanbul-lib-coverage': '/workspace/wt-b19c772504/node_modules/.istanbul-lib-coverage-npuqASZo',
1305 silly reify   '/workspace/wt-b19c772504/node_modules/istanbul-lib-instrument': '/workspace/wt-b19c772504/node_modules/.istanbul-lib-instrument-zhiBkEkB',
1305 silly reify   '/workspace/wt-b19c772504/node_modules/istanbul-lib-report': '/workspace/wt-b19c772504/node_modules/.istanbul-lib-report-3Nrqx3Wj',
1305 silly reify   '/workspace/wt-b19c772504/node_modules/istanbul-lib-source-maps': '/workspace/wt-b19c772504/node_modules/.istanbul-lib-source-maps-GUtMPD1G',
1305 silly reify   '/workspace/wt-b19c772504/node_modules/istanbul-reports': '/workspace/wt-b19c772504/node_modules/.istanbul-reports-D0bhB8Yl',
1305 silly reify   '/workspace/wt-b19c772504/node_modules/jest': '/workspace/wt-b19c772504/node_modules/.jest-JwedkobZ',
1305 silly reify   '/workspace/wt-b19c772504/node_modules/.bin/jest': '/workspace/wt-b19c772504/node_modules/.bin/.jest-rhcEcJKz',
1305 silly reify   '/workspace/wt-b19c772504/node_modules/jest-changed-files': '/workspace/wt-b19c772504/node_modules/.jest-changed-files-DPZ4x9sz',
1305 silly reify   '/workspace/wt-b19c772504/node_modules/jest-circus': '/workspace/wt-b19c772504/node_modules/.jest-circus-kFGwYJUL',
1305 silly reify   '/workspace/wt-b19c772504/node_modules/jest-cli': '/workspace/wt-b19c772504/node_modules/.jest-cli-OeDQAkXc',
1305 silly reify   '/workspace/wt-b19c772504/node_modules/jest-config': '/workspace/wt-b19c772504/node_modules/.jest-config-zfAN31OW',
1305 silly reify   '/workspace/wt-b19c772504/node_modules/jest-diff': '/workspace/wt-b19c772504/node_modules/.jest-diff-JFbhf4c5',
1305 silly reify   '/workspace/wt-b19c772504/node_modules/jest-docblock': '/workspace/wt-b19c772504/node_modules/.jest-docblock-CGXX5eRt',
1305 silly reify   '/workspace/wt-b19c772504/node_modules/jest-each': '/workspace/wt-b19c772504/node_modules/.jest-each-uIjudN3X',
1305 silly reify   '/workspace/wt-b19c772504/node_modules/jest-environment-node': '/workspace/wt-b19c772504/node_modules/.jest-environment-node-FXh0wzxc',
1305 silly reify   '/workspace/wt-b19c772504/node_modules/jest-get-type': '/workspace/wt-b19c772504/node_modules/.jest-get-type-c4Up80LC',
1305 silly reify   '/workspace/wt-b19c772504/node_modules/jest-haste-map': '/workspace/wt-b19c772504/node_modules/.jest-haste-map-IzAnoyyx',
1305 silly reify   '/workspace/wt-b19c772504/node_modules/jest-leak-detector': '/workspace/wt-b19c772504/node_modules/.jest-leak-detector-FCotVpj4',
1305 silly reify   '/workspace/wt-b19c772504/node_modules/jest-matcher-utils': '/workspace/wt-b19c772504/node_modules/.jest-matcher-utils-tefv7TNN',
1305 silly reify   '/workspace/wt-b19c772504/node_modules/jest-message-util': '/workspace/wt-b19c772504/node_modules/.jest-message-util-iHxU88FE',
1305 silly reify   '/workspace/wt-b19c772504/node_modules/jest-mock': '/workspace/wt-b19c772504/node_modules/.jest-mock-i9X7aFk6',
1305 silly reify   '/workspace/wt-b19c772504/node_modules/jest-pnp-resolver': '/workspace/wt-b19c772504/node_modules/.jest-pnp-resolver-VIJJcNAo',
1305 silly reify   '/workspace/wt-b19c772504/node_modules/jest-regex-util': '/workspace/wt-b19c772504/node_modules/.jest-regex-util-61ry17fN',
1305 silly reify   '/workspace/wt-b19c772504/node_modules/jest-resolve': '/workspace/wt-b19c772504/node_modules/.jest-resolve-sivoD83g',
1305 silly reify   '/workspace/wt-b19c772504/node_modules/jest-resolve-dependencies': '/workspace/wt-b19c772504/node_modules/.jest-resolve-dependencies-xaOUbjCt',
1305 silly reify   '/workspace/wt-b19c772504/node_modules/jest-runner': '/workspace/wt-b19c772504/node_modules/.jest-runner-HD2ZfU5K',
1305 silly reify   '/workspace/wt-b19c772504/node_modules/jest-runtime': '/workspace/wt-b19c772504/node_modules/.jest-runtime-o4FUiHCQ',
1305 silly reify   '/workspace/wt-b19c772504/node_modules/jest-snapshot': '/workspace/wt-b19c772504/node_modules/.jest-snapshot-fS1NyjjK',
1305 silly reify   '/workspace/wt-b19c772504/node_modules/jest-util': '/workspace/wt-b19c772504/node_modules/.jest-util-nIK4UzJk',
1305 silly reify   '/workspace/wt-b19c772504/node_modules/jest-validate': '/workspace/wt-b19c772504/node_modules/.jest-validate-87vmycex',
1305 silly reify   '/workspace/wt-b19c772504/node_modules/jest-watcher': '/workspace/wt-b19c772504/node_modules/.jest-watcher-AslIkaym',
1305 silly reify   '/workspace/wt-b19c772504/node_modules/jest-worker': '/workspace/wt-b19c772504/node_modules/.jest-worker-irFDTslc',
1305 silly reify   '/workspace/wt-b19c772504/node_modules/js-yaml': '/workspace/wt-b19c772504/node_modules/.js-yaml-b8in3Qdv',
1305 silly reify   '/workspace/wt-b19c772504/node_modules/.bin/js-yaml': '/workspace/wt-b19c772504/node_modules/.bin/.js-yaml-ITAaScbm',
1305 silly reify   '/workspace/wt-b19c772504/node_modules/json-parse-even-better-errors': '/workspace/wt-b19c772504/node_modules/.json-parse-even-better-errors-V5b1xuTs',
1305 silly reify   '/workspace/wt-b19c772504/node_modules/kleur': '/workspace/wt-b19c772504/node_modules/.kleur-tw3w5JRG',
1305 silly reify   '/workspace/wt-b19c772504/node_modules/leven': '/workspace/wt-b19c772504/node_modules/.leven-QLLSFVVx',
1305 silly reify   '/workspace/wt-b19c772504/node_modules/lines-and-columns': '/workspace/wt-b19c772504/node_modules/.lines-and-columns-7vtr0IQ0',
1305 silly reify   '/workspace/wt-b19c772504/node_modules/locate-path': '/workspace/wt-b19c772504/node_modules/.locate-path-ljk4PQgn',
1305 silly reify   '/workspace/wt-b19c772504/node_modules/make-dir': '/workspace/wt-b19c772504/node_modules/.make-dir-kK8JUlRO',
1305 silly reify   '/workspace/wt-b19c772504/node_modules/makeerror': '/workspace/wt-b19c772504/node_modules/.makeerror-WUTtdK39',
1305 silly reify   '/workspace/wt-b19c772504/node_modules/merge-stream': '/workspace/wt-b19c772504/node_modules/.merge-stream-9acNmrbU',
1305 silly reify   '/workspace/wt-b19c772504/node_modules/micromatch': '/workspace/wt-b19c772504/node_modules/.micromatch-JlPpd9wu',
1305 silly reify   '/workspace/wt-b19c772504/node_modules/mimic-fn': '/workspace/wt-b19c772504/node_modules/.mimic-fn-0Yv8fb2w',
1305 silly reify   '/workspace/wt-b19c772504/node_modules/minimatch': '/workspace/wt-b19c772504/node_modules/.minimatch-yYOqQxqY',
1305 silly reify   '/workspace/wt-b19c772504/node_modules/natural-compare': '/workspace/wt-b19c772504/node_modules/.natural-compare-QOJpK8h2',
1305 silly reify   '/workspace/wt-b19c772504/node_modules/node-int64': '/workspace/wt-b19c772504/node_modules/.node-int64-vOXM5ylx',
1305 silly reify   '/workspace/wt-b19c772504/node_modules/normalize-path': '/workspace/wt-b19c772504/node_modules/.normalize-path-nFLhM9ro',
1305 silly reify   '/workspace/wt-b19c772504/node_modules/npm-run-path': '/workspace/wt-b19c772504/node_modules/.npm-run-path-esAhM2gI',
1305 silly reify   '/workspace/wt-b19c772504/node_modules/once': '/workspace/wt-b19c772504/node_modules/.once-LAXhyZWX',
1305 silly reify   '/workspace/wt-b19c772504/node_modules/onetime': '/workspace/wt-b19c772504/node_modules/.onetime-gPfAPf2N',
1305 silly reify   '/workspace/wt-b19c772504/node_modules/p-limit': '/workspace/wt-b19c772504/node_modules/.p-limit-2T8fTtvM',
1305 silly reify   '/workspace/wt-b19c772504/node_modules/p-locate': '/workspace/wt-b19c772504/node_modules/.p-locate-T3Tuihle',
1305 silly reify   '/workspace/wt-b19c772504/node_modules/p-try': '/workspace/wt-b19c772504/node_modules/.p-try-KeDe9dus',
1305 silly reify   '/workspace/wt-b19c772504/node_modules/parse-json': '/workspace/wt-b19c772504/node_modules/.parse-json-CzfAQtk0',
1305 silly reify   '/workspace/wt-b19c772504/node_modules/path-exists': '/workspace/wt-b19c772504/node_modules/.path-exists-Kt0oCMUF',
1305 silly reify   '/workspace/wt-b19c772504/node_modules/path-is-absolute': '/workspace/wt-b19c772504/node_modules/.path-is-absolute-cNoqD633',
1305 silly reify   '/workspace/wt-b19c772504/node_modules/path-key': '/workspace/wt-b19c772504/node_modules/.path-key-Dl3fMFve',
1305 silly reify   '/workspace/wt-b19c772504/node_modules/path-parse': '/workspace/wt-b19c772504/node_modules/.path-parse-5CiW5kGd',
1305 silly reify   '/workspace/wt-b19c772504/node_modules/picomatch': '/workspace/wt-b19c772504/node_modules/.picomatch-fTkg4hV8',
1305 silly reify   '/workspace/wt-b19c772504/node_modules/pirates': '/workspace/wt-b19c772504/node_modules/.pirates-ZOy1r2Td',
1305 silly reify   '/workspace/wt-b19c772504/node_modules/pkg-dir': '/workspace/wt-b19c772504/node_modules/.pkg-dir-UYZBUq9W',
1305 silly reify   '/workspace/wt-b19c772504/node_modules/pretty-format': '/workspace/wt-b19c772504/node_modules/.pretty-format-K3TUHTTG',
1305 silly reify   '/workspace/wt-b19c772504/node_modules/prompts': '/workspace/wt-b19c772504/node_modules/.prompts-Cf1PHi4w',
1305 silly reify   '/workspace/wt-b19c772504/node_modules/pure-rand': '/workspace/wt-b19c772504/node_modules/.pure-rand-MfEm71Jj',
1305 silly reify   '/workspace/wt-b19c772504/node_modules/react-is': '/workspace/wt-b19c772504/node_modules/.react-is-a3ETEXbs',
1305 silly reify   '/workspace/wt-b19c772504/node_modules/require-directory': '/workspace/wt-b19c772504/node_modules/.require-directory-Erf2xthW',
1305 silly reify   '/workspace/wt-b19c772504/node_modules/resolve': '/workspace/wt-b19c772504/node_modules/.resolve-mtEt1aYf',
1305 silly reify   '/workspace/wt-b19c772504/node_modules/.bin/resolve': '/workspace/wt-b19c772504/node_modules/.bin/.resolve-IKRXFldX',
1305 silly reify   '/workspace/wt-b19c772504/node_modules/resolve-cwd': '/workspace/wt-b19c772504/node_modules/.resolve-cwd-CSxX3Am3',
1305 silly reify   '/workspace/wt-b19c772504/node_modules/resolve-from': '/workspace/wt-b19c772504/node_modules/.resolve-from-5N29CTzn',
1305 silly reify   '/workspace/wt-b19c772504/node_modules/resolve.exports': '/workspace/wt-b19c772504/node_modules/.resolve.exports-RnXHVF3I',
1305 silly reify   '/workspace/wt-b19c772504/node_modules/shebang-command': '/workspace/wt-b19c772504/node_modules/.shebang-command-PsaGY0Tn',
1305 silly reify   '/workspace/wt-b19c772504/node_modules/shebang-regex': '/workspace/wt-b19c772504/node_modules/.shebang-regex-PIISlt4k',
1305 silly reify   '/workspace/wt-b19c772504/node_modules/signal-exit': '/workspace/wt-b19c772504/node_modules/.signal-exit-7ONM1W5t',
1305 silly reify   '/workspace/wt-b19c772504/node_modules/sisteransi': '/workspace/wt-b19c772504/node_modules/.sisteransi-lsW9KbVR',
1305 silly reify   '/workspace/wt-b19c772504/node_modules/slash': '/workspace/wt-b19c772504/node_modules/.slash-jXkBJILX',
1305 silly reify   '/workspace/wt-b19c772504/node_modules/source-map': '/workspace/wt-b19c772504/node_modules/.source-map-pPrTZP60',
1305 silly reify   '/workspace/wt-b19c772504/node_modules/source-map-support': '/workspace/wt-b19c772504/node_modules/.source-map-support-cRui3vsY',
1305 silly reify   '/workspace/wt-b19c772504/node_modules/sprintf-js': '/workspace/wt-b19c772504/node_modules/.sprintf-js-YtCeJL8X',
1305 silly reify   '/workspace/wt-b19c772504/node_modules/stack-utils': '/workspace/wt-b19c772504/node_modules/.stack-utils-pkZgkirX',
1305 silly reify   '/workspace/wt-b19c772504/node_modules/string-length': '/workspace/wt-b19c772504/node_modules/.string-length-j6RybVY0',
1305 silly reify   '/workspace/wt-b19c772504/node_modules/string-width': '/workspace/wt-b19c772504/node_modules/.string-width-DK4GKrAX',
1305 silly reify   '/workspace/wt-b19c772504/node_modules/strip-ansi': '/workspace/wt-b19c772504/node_modules/.strip-ansi-p0fqTePx',
1305 silly reify   '/workspace/wt-b19c772504/node_modules/strip-bom': '/workspace/wt-b19c772504/node_modules/.strip-bom-TMtW6ykr',
1305 silly reify   '/workspace/wt-b19c772504/node_modules/strip-final-newline': '/workspace/wt-b19c772504/node_modules/.strip-final-newline-fQtxnF4R',
1305 silly reify   '/workspace/wt-b19c772504/node_modules/strip-json-comments': '/workspace/wt-b19c772504/node_modules/.strip-json-comments-Mq9QfJVB',
1305 silly reify   '/workspace/wt-b19c772504/node_modules/supports-color': '/workspace/wt-b19c772504/node_modules/.supports-color-qiDug9jA',
1305 silly reify   '/workspace/wt-b19c772504/node_modules/supports-preserve-symlinks-flag': '/workspace/wt-b19c772504/node_modules/.supports-preserve-symlinks-flag-lXFgkl6B',
1305 silly reify   '/workspace/wt-b19c772504/node_modules/test-exclude': '/workspace/wt-b19c772504/node_modules/.test-exclude-XmbPLUYL',
1305 silly reify   '/workspace/wt-b19c772504/node_modules/tmpl': '/workspace/wt-b19c772504/node_modules/.tmpl-oiUqOjI3',
1305 silly reify   '/workspace/wt-b19c772504/node_modules/to-regex-range': '/workspace/wt-b19c772504/node_modules/.to-regex-range-0gNxjdSA',
1305 silly reify   '/workspace/wt-b19c772504/node_modules/type-detect': '/workspace/wt-b19c772504/node_modules/.type-detect-2yc8ytFv',
1305 silly reify   '/workspace/wt-b19c772504/node_modules/type-fest': '/workspace/wt-b19c772504/node_modules/.type-fest-OWzXRaZW',
1305 silly reify   '/workspace/wt-b19c772504/node_modules/undici-types': '/workspace/wt-b19c772504/node_modules/.undici-types-Xn1KBZWK',
1305 silly reify   '/workspace/wt-b19c772504/node_modules/v8-to-istanbul': '/workspace/wt-b19c772504/node_modules/.v8-to-istanbul-AgmZ6mZK',
1305 silly reify   '/workspace/wt-b19c772504/node_modules/walker': '/workspace/wt-b19c772504/node_modules/.walker-1QbAgx8d',
1305 silly reify   '/workspace/wt-b19c772504/node_modules/which': '/workspace/wt-b19c772504/node_modules/.which-cfjyna0m',
1305 silly reify   '/workspace/wt-b19c772504/node_modules/.bin/node-which': '/workspace/wt-b19c772504/node_modules/.bin/.node-which-1GbEh9Rs',
1305 silly reify   '/workspace/wt-b19c772504/node_modules/wrap-ansi': '/workspace/wt-b19c772504/node_modules/.wrap-ansi-HK1UOpBW',
1305 silly reify   '/workspace/wt-b19c772504/node_modules/wrappy': '/workspace/wt-b19c772504/node_modules/.wrappy-4y4ba0rG',
1305 silly reify   '/workspace/wt-b19c772504/node_modules/write-file-atomic': '/workspace/wt-b19c772504/node_modules/.write-file-atomic-pIb2Z88p',
1305 silly reify   '/workspace/wt-b19c772504/node_modules/yargs': '/workspace/wt-b19c772504/node_modules/.yargs-t9bUfASH',
1305 silly reify   '/workspace/wt-b19c772504/node_modules/yargs-parser': '/workspace/wt-b19c772504/node_modules/.yargs-parser-oYE5YrVt',
1305 silly reify   '/workspace/wt-b19c772504/node_modules/yocto-queue': '/workspace/wt-b19c772504/node_modules/.yocto-queue-KEVV1uVW'
1305 silly reify }
1306 silly audit bulk request {
1306 silly audit   '@babel/code-frame': [ '7.29.7' ],
1306 silly audit   '@babel/compat-data': [ '7.29.7' ],
1306 silly audit   '@babel/core': [ '7.29.7' ],
1306 silly audit   '@babel/generator': [ '7.29.8' ],
1306 silly audit   '@babel/helper-compilation-targets': [ '7.29.7' ],
1306 silly audit   '@babel/helper-globals': [ '7.29.7' ],
1306 silly audit   '@babel/helper-module-imports': [ '7.29.7' ],
1306 silly audit   '@babel/helper-module-transforms': [ '7.29.7' ],
1306 silly audit   '@babel/helper-string-parser': [ '7.29.7' ],
1306 silly audit   '@babel/helper-validator-identifier': [ '7.29.7' ],
1306 silly audit   '@babel/helper-validator-option': [ '7.29.7' ],
1306 silly audit   '@babel/helpers': [ '7.29.7' ],
1306 silly audit   '@babel/parser': [ '7.29.8' ],
1306 silly audit   '@babel/template': [ '7.29.7' ],
1306 silly audit   '@babel/traverse': [ '7.29.8' ],
1306 silly audit   '@babel/types': [ '7.29.8' ],
1306 silly audit   '@jridgewell/gen-mapping': [ '0.3.13' ],
1306 silly audit   '@jridgewell/remapping': [ '2.3.5' ],
1306 silly audit   '@jridgewell/resolve-uri': [ '3.1.2' ],
1306 silly audit   '@jridgewell/sourcemap-codec': [ '1.5.5' ],
1306 silly audit   '@jridgewell/trace-mapping': [ '0.3.31' ],
1306 silly audit   'ansi-regex': [ '6.2.2' ],
1306 silly audit   'ansi-styles': [ '6.2.3' ],
1306 silly audit   'baseline-browser-mapping': [ '2.11.12' ],
1306 silly audit   browserslist: [ '4.28.7' ],
1306 silly audit   'caniuse-lite': [ '1.0.30001809' ],
1306 silly audit   chalk: [ '5.6.2' ],
1306 silly audit   cliui: [ '9.0.1' ],
1306 silly audit   'color-name': [ '2.1.1' ],
1306 silly audit   'convert-source-map': [ '2.0.0' ],
1306 silly audit   debug: [ '4.4.3' ],
1306 silly audit   'electron-to-chromium': [ '1.5.402' ],
1306 silly audit   'emoji-regex': [ '10.6.0' ],
1306 silly audit   escalade: [ '3.2.0' ],
1306 silly audit   gensync: [ '1.0.0-beta.2' ],
1306 silly audit   'get-caller-file': [ '2.0.5' ],
1306 silly audit   semver: [ '6.3.1' ],
1306 silly audit   'js-tokens': [ '4.0.0' ],
1306 silly audit   jsesc: [ '3.1.0' ],
1306 silly audit   json5: [ '2.2.3' ],
1306 silly audit   'lru-cache': [ '5.1.1' ],
1306 silly audit   ms: [ '2.1.3' ],
1306 silly audit   'node-releases': [ '2.0.53' ],
1306 silly audit   'p-limit': [ '6.2.0' ],
1306 silly audit   picocolors: [ '1.1.1' ],
1306 silly audit   'string-width': [ '8.2.2', '7.2.0' ],
1306 silly audit   'strip-ansi': [ '7.2.0' ],
1306 silly audit   'update-browserslist-db': [ '1.3.0' ],
1306 silly audit   'wrap-ansi': [ '9.0.2' ],
1306 silly audit   y18n: [ '5.0.8' ],
1306 silly audit   yallist: [ '3.1.1' ],
1306 silly audit   yargs: [ '18.1.0' ],
1306 silly audit   'yargs-parser': [ '22.0.0' ],
1306 silly audit   'yocto-queue': [ '1.2.2' ],
1306 silly audit   '@mermaid-js/mermaid-cli': [ '11.16.0' ],
1306 silly audit   puppeteer: [ '25.5.0' ],
1306 silly audit   '@fortawesome/fontawesome-free': [ '7.3.1' ],
1306 silly audit   '@mermaid-js/layout-elk': [ '0.2.2' ],
1306 silly audit   mermaid: [ '11.16.1' ],
1306 silly audit   '@mermaid-js/layout-tidy-tree': [ '0.2.2' ],
1306 silly audit   '@mermaid-js/mermaid-zenuml': [ '0.2.3' ],
1306 silly audit   commander: [ '13.1.0', '7.2.0', '8.3.0' ],
1306 silly audit   'import-meta-resolve': [ '4.2.0' ],
1306 silly audit   katex: [ '0.16.47' ],
1306 silly audit   d3: [ '7.9.0' ],
1306 silly audit   elkjs: [ '0.9.3' ],
1306 silly audit   '@zenuml/core': [ '3.50.1' ],
1306 silly audit   '@floating-ui/react': [ '0.27.20', '0.26.28' ],
1306 silly audit   react: [ '19.2.8' ],
1306 silly audit   'react-dom': [ '19.2.8' ],
1306 silly audit   '@headlessui/react': [ '2.2.10' ],
1306 silly audit   '@headlessui/tailwindcss': [ '0.2.2' ],
1306 silly audit   tailwindcss: [ '4.3.3' ],
1306 silly audit   '@napi-rs/canvas': [ '0.1.100' ],
1306 silly audit   antlr4: [ '4.11.0' ],
1306 silly audit   'class-variance-authority': [ '0.7.1' ],
1306 silly audit   clsx: [ '2.1.1' ],
1306 silly audit   'color-string': [ '2.1.4' ],
1306 silly audit   dompurify: [ '3.4.13' ],
1306 silly audit   'highlight.js': [ '11.11.1' ],
1306 silly audit   'html-to-image': [ '1.11.13' ],
1306 silly audit   jotai: [ '2.20.2' ],
1306 silly audit   marked: [ '4.3.0', '16.4.2' ],
1306 silly audit   'tailwind-merge': [ '3.6.0' ],
1306 silly audit   '@floating-ui/react-dom': [ '2.1.9' ],
1306 silly audit   '@floating-ui/utils': [ '0.2.12' ],
1306 silly audit   tabbable: [ '6.5.0' ],
1306 silly audit   '@floating-ui/dom': [ '1.8.0' ],
1306 silly audit   '@floating-ui/core': [ '1.8.0' ],
1306 silly audit   '@react-aria/focus': [ '3.22.1' ],
1306 silly audit   '@react-aria/interactions': [ '3.28.1' ],
1306 silly audit   '@tanstack/react-virtual': [ '3.14.9' ],
1306 silly audit   'use-sync-external-store': [ '1.6.0' ],
1306 silly audit   '@napi-rs/canvas-android-arm64': [ '0.1.100' ],
1306 silly audit   '@napi-rs/canvas-darwin-arm64': [ '0.1.100' ],
1306 silly audit   '@napi-rs/canvas-darwin-x64': [ '0.1.100' ],
1306 silly audit   '@napi-rs/canvas-linux-arm-gnueabihf': [ '0.1.100' ],
1306 silly audit   '@napi-rs/canvas-linux-arm64-gnu': [ '0.1.100' ],
1306 silly audit   '@napi-rs/canvas-linux-arm64-musl': [ '0.1.100' ],
1306 silly audit   '@napi-rs/canvas-linux-riscv64-gnu': [ '0.1.100' ],
1306 silly audit   '@napi-rs/canvas-linux-x64-gnu': [ '0.1.100' ],
1306 silly audit   '@napi-rs/canvas-linux-x64-musl': [ '0.1.100' ],
1306 silly audit   '@napi-rs/canvas-win32-arm64-msvc': [ '0.1.100' ],
1306 silly audit   '@napi-rs/canvas-win32-x64-msvc': [ '0.1.100' ],
1306 silly audit   '@swc/helpers': [ '0.5.23' ],
1306 silly audit   'react-aria': [ '3.51.0' ],
1306 silly audit   '@react-types/shared': [ '3.36.1' ],
1306 silly audit   tslib: [ '2.8.1' ],
1306 silly audit   '@tanstack/virtual-core': [ '3.17.7' ],
1306 silly audit   'd3-array': [ '3.2.4', '2.12.1' ],
1306 silly audit   'd3-axis': [ '3.0.0' ],
1306 silly audit   'd3-brush': [ '3.0.0' ],
1306 silly audit   'd3-chord': [ '3.0.1' ],
1306 silly audit   'd3-color': [ '3.1.0' ],
1306 silly audit   'd3-contour': [ '4.0.2' ],
1306 silly audit   'd3-delaunay': [ '6.0.4' ],
1306 silly audit   'd3-dispatch': [ '3.0.1' ],
1306 silly audit   'd3-drag': [ '3.0.0' ],
1306 silly audit   'd3-dsv': [ '3.0.1' ],
1306 silly audit   'd3-ease': [ '3.0.1' ],
1306 silly audit   'd3-fetch': [ '3.0.1' ],
1306 silly audit   'd3-force': [ '3.0.0' ],
1306 silly audit   'd3-format': [ '3.1.2' ],
1306 silly audit   'd3-geo': [ '3.1.1' ],
1306 silly audit   'd3-hierarchy': [ '3.1.2' ],
1306 silly audit   'd3-interpolate': [ '3.0.1' ],
1306 silly audit   'd3-path': [ '3.1.0', '1.0.9' ],
1306 silly audit   'd3-polygon': [ '3.0.1' ],
1306 silly audit   'd3-quadtree': [ '3.0.1' ],
1306 silly audit   'd3-random': [ '3.0.1' ],
1306 silly audit   'd3-scale': [ '4.0.2' ],
1306 silly audit   'd3-scale-chromatic': [ '3.1.0' ],
1306 silly audit   'd3-selection': [ '3.0.0' ],
1306 silly audit   'd3-shape': [ '3.2.0', '1.3.7' ],
1306 silly audit   'd3-time': [ '3.1.0' ],
1306 silly audit   'd3-time-format': [ '4.1.0' ],
1306 silly audit   'd3-timer': [ '3.0.1' ],
1306 silly audit   'd3-transition': [ '3.0.1' ],
1306 silly audit   'd3-zoom': [ '3.0.0' ],
1306 silly audit   internmap: [ '2.0.3', '1.0.1' ],
1306 silly audit   delaunator: [ '5.1.0' ],
1306 silly audit   'iconv-lite': [ '0.6.3' ],
1306 silly audit   rw: [ '1.3.3' ],
1306 silly audit   'robust-predicates': [ '3.0.3' ],
1306 silly audit   '@types/trusted-types': [ '2.0.7' ],
1306 silly audit   'safer-buffer': [ '2.1.2' ],
1306 silly audit   '@braintree/sanitize-url': [ '7.1.2' ],
1306 silly audit   '@iconify/utils': [ '3.1.4' ],
1306 silly audit   '@mermaid-js/parser': [ '1.2.0' ],
1306 silly audit   '@types/d3': [ '7.4.3' ],
1306 silly audit   '@upsetjs/venn.js': [ '2.0.0' ],
1306 silly audit   cytoscape: [ '3.34.0' ],
1306 silly audit   'cytoscape-cose-bilkent': [ '4.1.0' ],
1306 silly audit   'cytoscape-fcose': [ '2.2.0' ],
1306 silly audit   'd3-sankey': [ '0.12.3' ],
1306 silly audit   'dagre-d3-es': [ '7.0.14' ],
1306 silly audit   dayjs: [ '1.11.21' ],
1306 silly audit   'es-toolkit': [ '1.50.0' ],
1306 silly audit   khroma: [ '2.1.0' ],
1306 silly audit   roughjs: [ '4.6.6' ],
1306 silly audit   stylis: [ '4.4.0' ],
1306 silly audit   'ts-dedent': [ '2.3.0' ],
1306 silly audit   uuid: [ '14.0.1' ],
1306 silly audit   '@antfu/install-pkg': [ '1.1.0' ],
1306 silly audit   '@iconify/types': [ '2.0.0' ],
1306 silly audit   'package-manager-detector': [ '1.8.0' ],
1306 silly audit   tinyexec: [ '1.3.0' ],
1306 silly audit   '@chevrotain/types': [ '11.1.2' ],
1306 silly audit   '@types/d3-array': [ '3.2.2' ],
1306 silly audit   '@types/d3-axis': [ '3.0.6' ],
1306 silly audit   '@types/d3-brush': [ '3.0.6' ],
1306 silly audit   '@types/d3-chord': [ '3.0.6' ],
1306 silly audit   '@types/d3-color': [ '3.1.3' ],
1306 silly audit   '@types/d3-contour': [ '3.0.6' ],
1306 silly audit   '@types/d3-delaunay': [ '6.0.4' ],
1306 silly audit   '@types/d3-dispatch': [ '3.0.7' ],
1306 silly audit   '@types/d3-drag': [ '3.0.7' ],
1306 silly audit   '@types/d3-dsv': [ '3.0.7' ],
1306 silly audit   '@types/d3-ease': [ '3.0.2' ],
1306 silly audit   '@types/d3-fetch': [ '3.0.7' ],
1306 silly audit   '@types/d3-force': [ '3.0.10' ],
1306 silly audit   '@types/d3-format': [ '3.0.4' ],
1306 silly audit   '@types/d3-geo': [ '3.1.1' ],
1306 silly audit   '@types/d3-hierarchy': [ '3.1.7' ],
1306 silly audit   '@types/d3-interpolate': [ '3.0.4' ],
1306 silly audit   '@types/d3-path': [ '3.1.1' ],
1306 silly audit   '@types/d3-polygon': [ '3.0.2' ],
1306 silly audit   '@types/d3-quadtree': [ '3.0.6' ],
1306 silly audit   '@types/d3-random': [ '3.0.4' ],
1306 silly audit   '@types/d3-scale': [ '4.0.9' ],
1306 silly audit   '@types/d3-scale-chromatic': [ '3.1.0' ],
1306 silly audit   '@types/d3-selection': [ '3.0.11' ],
1306 silly audit   '@types/d3-shape': [ '3.1.8' ],
1306 silly audit   '@types/d3-time': [ '3.0.4' ],
1306 silly audit   '@types/d3-time-format': [ '4.0.3' ],
1306 silly audit   '@types/d3-timer': [ '3.0.2' ],
1306 silly audit   '@types/d3-transition': [ '3.0.9' ],
1306 silly audit   '@types/d3-zoom': [ '3.0.8' ],
1306 silly audit   '@types/geojson': [ '7946.0.16' ],
1306 silly audit   'cose-base': [ '1.0.3', '2.2.0' ],
1306 silly audit   'layout-base': [ '1.0.2', '2.0.1' ],
1306 silly audit   'lodash-es': [ '4.18.1' ],
1306 silly audit   '@puppeteer/browsers': [ '3.1.0' ],
1306 silly audit   'chromium-bidi': [ '17.0.2' ],
1306 silly audit   'devtools-protocol': [ '0.0.1653615' ],
1306 silly audit   lilconfig: [ '3.1.3' ],
1306 silly audit   'puppeteer-core': [ '25.5.0' ],
1306 silly audit   'typed-query-selector': [ '2.12.2' ],
1306 silly audit   'modern-tar': [ '0.7.7' ],
1306 silly audit   mitt: [ '3.0.1' ],
1306 silly audit   zod: [ '3.25.76' ],
1306 silly audit   'webdriver-bidi-protocol': [ '0.4.2' ],
1306 silly audit   ws: [ '8.21.3' ],
1306 silly audit   '@internationalized/date': [ '3.12.3' ],
1306 silly audit   '@internationalized/number': [ '3.6.7' ],
1306 silly audit   '@internationalized/string': [ '3.2.10' ],
1306 silly audit   'aria-hidden': [ '1.2.6' ],
1306 silly audit   'react-stately': [ '3.49.0' ],
1306 silly audit   scheduler: [ '0.27.0' ],
1306 silly audit   'hachure-fill': [ '0.5.2' ],
1306 silly audit   'path-data-parser': [ '0.1.0' ],
1306 silly audit   'points-on-curve': [ '0.2.0' ],
1306 silly audit   'points-on-path': [ '0.2.1' ],
1306 silly audit   'get-east-asian-width': [ '1.6.0' ]
1306 silly audit }
1307 verbose reify failed optional dependency /workspace/wt-b19c772504/node_modules/@napi-rs/canvas-win32-x64-msvc
1308 silly reify mark deleted [
1308 silly reify   '/workspace/wt-b19c772504/node_modules/@napi-rs/canvas-win32-x64-msvc'
1308 silly reify ]
1309 verbose reify failed optional dependency /workspace/wt-b19c772504/node_modules/@napi-rs/canvas-win32-arm64-msvc
1310 silly reify mark deleted [
1310 silly reify   '/workspace/wt-b19c772504/node_modules/@napi-rs/canvas-win32-arm64-msvc'
1310 silly reify ]
1311 verbose reify failed optional dependency /workspace/wt-b19c772504/node_modules/@napi-rs/canvas-linux-x64-musl
1312 silly reify mark deleted [
1312 silly reify   '/workspace/wt-b19c772504/node_modules/@napi-rs/canvas-linux-x64-musl'
1312 silly reify ]
1313 verbose reify failed optional dependency /workspace/wt-b19c772504/node_modules/@napi-rs/canvas-linux-riscv64-gnu
1314 silly reify mark deleted [
1314 silly reify   '/workspace/wt-b19c772504/node_modules/@napi-rs/canvas-linux-riscv64-gnu'
1314 silly reify ]
1315 verbose reify failed optional dependency /workspace/wt-b19c772504/node_modules/@napi-rs/canvas-linux-arm64-musl
1316 silly reify mark deleted [
1316 silly reify   '/workspace/wt-b19c772504/node_modules/@napi-rs/canvas-linux-arm64-musl'
1316 silly reify ]
1317 verbose reify failed optional dependency /workspace/wt-b19c772504/node_modules/@napi-rs/canvas-linux-arm64-gnu
1318 silly reify mark deleted [
1318 silly reify   '/workspace/wt-b19c772504/node_modules/@napi-rs/canvas-linux-arm64-gnu'
1318 silly reify ]
1319 verbose reify failed optional dependency /workspace/wt-b19c772504/node_modules/@napi-rs/canvas-linux-arm-gnueabihf
1320 silly reify mark deleted [
1320 silly reify   '/workspace/wt-b19c772504/node_modules/@napi-rs/canvas-linux-arm-gnueabihf'
1320 silly reify ]
1321 verbose reify failed optional dependency /workspace/wt-b19c772504/node_modules/@napi-rs/canvas-darwin-x64
1322 silly reify mark deleted [ '/workspace/wt-b19c772504/node_modules/@napi-rs/canvas-darwin-x64' ]
1323 verbose reify failed optional dependency /workspace/wt-b19c772504/node_modules/@napi-rs/canvas-darwin-arm64
1324 silly reify mark deleted [
1324 silly reify   '/workspace/wt-b19c772504/node_modules/@napi-rs/canvas-darwin-arm64'
1324 silly reify ]
1325 verbose reify failed optional dependency /workspace/wt-b19c772504/node_modules/@napi-rs/canvas-android-arm64
1326 silly reify mark deleted [
1326 silly reify   '/workspace/wt-b19c772504/node_modules/@napi-rs/canvas-android-arm64'
1326 silly reify ]
1327 http cache points-on-path@https://registry.npmjs.org/points-on-path/-/points-on-path-0.2.1.tgz 0ms (cache hit)
1328 http cache points-on-curve@https://registry.npmjs.org/points-on-curve/-/points-on-curve-0.2.0.tgz 0ms (cache hit)
1329 http cache path-data-parser@https://registry.npmjs.org/path-data-parser/-/path-data-parser-0.1.0.tgz 0ms (cache hit)
1330 http cache get-east-asian-width@https://registry.npmjs.org/get-east-asian-width/-/get-east-asian-width-1.6.0.tgz 0ms (cache hit)
1331 http cache hachure-fill@https://registry.npmjs.org/hachure-fill/-/hachure-fill-0.5.2.tgz 0ms (cache hit)
1332 http cache scheduler@https://registry.npmjs.org/scheduler/-/scheduler-0.27.0.tgz 0ms (cache hit)
1333 http cache react-stately@https://registry.npmjs.org/react-stately/-/react-stately-3.49.0.tgz 0ms (cache hit)
1334 http cache aria-hidden@https://registry.npmjs.org/aria-hidden/-/aria-hidden-1.2.6.tgz 0ms (cache hit)
1335 http cache @internationalized/string@https://registry.npmjs.org/@internationalized/string/-/string-3.2.10.tgz 0ms (cache hit)
1336 http cache ws@https://registry.npmjs.org/ws/-/ws-8.21.3.tgz 0ms (cache hit)
1337 http cache @internationalized/number@https://registry.npmjs.org/@internationalized/number/-/number-3.6.7.tgz 0ms (cache hit)
1338 http cache @internationalized/date@https://registry.npmjs.org/@internationalized/date/-/date-3.12.3.tgz 0ms (cache hit)
1339 http cache webdriver-bidi-protocol@https://registry.npmjs.org/webdriver-bidi-protocol/-/webdriver-bidi-protocol-0.4.2.tgz 0ms (cache hit)
1340 http cache mitt@https://registry.npmjs.org/mitt/-/mitt-3.0.1.tgz 1ms (cache hit)
1341 http cache zod@https://registry.npmjs.org/zod/-/zod-3.25.76.tgz 0ms (cache hit)
1342 http cache modern-tar@https://registry.npmjs.org/modern-tar/-/modern-tar-0.7.7.tgz 0ms (cache hit)
1343 http cache typed-query-selector@https://registry.npmjs.org/typed-query-selector/-/typed-query-selector-2.12.2.tgz 0ms (cache hit)
1344 http cache lilconfig@https://registry.npmjs.org/lilconfig/-/lilconfig-3.1.3.tgz 0ms (cache hit)
1345 http cache puppeteer-core@https://registry.npmjs.org/puppeteer-core/-/puppeteer-core-25.5.0.tgz 0ms (cache hit)
1346 http cache devtools-protocol@https://registry.npmjs.org/devtools-protocol/-/devtools-protocol-0.0.1653615.tgz 0ms (cache hit)
1347 http cache chromium-bidi@https://registry.npmjs.org/chromium-bidi/-/chromium-bidi-17.0.2.tgz 0ms (cache hit)
1348 http cache lodash-es@https://registry.npmjs.org/lodash-es/-/lodash-es-4.18.1.tgz 0ms (cache hit)
1349 http cache @puppeteer/browsers@https://registry.npmjs.org/@puppeteer/browsers/-/browsers-3.1.0.tgz 0ms (cache hit)
1350 http cache layout-base@https://registry.npmjs.org/layout-base/-/layout-base-1.0.2.tgz 0ms (cache hit)
1351 http cache cose-base@https://registry.npmjs.org/cose-base/-/cose-base-1.0.3.tgz 0ms (cache hit)
1352 http cache @types/geojson@https://registry.npmjs.org/@types/geojson/-/geojson-7946.0.16.tgz 0ms (cache hit)
1353 http cache @types/d3-zoom@https://registry.npmjs.org/@types/d3-zoom/-/d3-zoom-3.0.8.tgz 0ms (cache hit)
1354 http cache @types/d3-transition@https://registry.npmjs.org/@types/d3-transition/-/d3-transition-3.0.9.tgz 0ms (cache hit)
1355 http cache @types/d3-timer@https://registry.npmjs.org/@types/d3-timer/-/d3-timer-3.0.2.tgz 0ms (cache hit)
1356 http cache @types/d3-time-format@https://registry.npmjs.org/@types/d3-time-format/-/d3-time-format-4.0.3.tgz 0ms (cache hit)
1357 http cache @types/d3-shape@https://registry.npmjs.org/@types/d3-shape/-/d3-shape-3.1.8.tgz 0ms (cache hit)
1358 http cache @types/d3-time@https://registry.npmjs.org/@types/d3-time/-/d3-time-3.0.4.tgz 0ms (cache hit)
1359 http cache @types/d3-scale-chromatic@https://registry.npmjs.org/@types/d3-scale-chromatic/-/d3-scale-chromatic-3.1.0.tgz 0ms (cache hit)
1360 http cache @types/d3-scale@https://registry.npmjs.org/@types/d3-scale/-/d3-scale-4.0.9.tgz 0ms (cache hit)
1361 http cache @types/d3-quadtree@https://registry.npmjs.org/@types/d3-quadtree/-/d3-quadtree-3.0.6.tgz 0ms (cache hit)
1362 http cache @types/d3-random@https://registry.npmjs.org/@types/d3-random/-/d3-random-3.0.4.tgz 0ms (cache hit)
1363 http cache @types/d3-polygon@https://registry.npmjs.org/@types/d3-polygon/-/d3-polygon-3.0.2.tgz 0ms (cache hit)
1364 http cache @types/d3-selection@https://registry.npmjs.org/@types/d3-selection/-/d3-selection-3.0.11.tgz 0ms (cache hit)
1365 http cache @types/d3-path@https://registry.npmjs.org/@types/d3-path/-/d3-path-3.1.1.tgz 0ms (cache hit)
1366 http cache @types/d3-interpolate@https://registry.npmjs.org/@types/d3-interpolate/-/d3-interpolate-3.0.4.tgz 0ms (cache hit)
1367 http cache @types/d3-hierarchy@https://registry.npmjs.org/@types/d3-hierarchy/-/d3-hierarchy-3.1.7.tgz 0ms (cache hit)
1368 http cache @types/d3-geo@https://registry.npmjs.org/@types/d3-geo/-/d3-geo-3.1.1.tgz 0ms (cache hit)
1369 http cache @types/d3-fetch@https://registry.npmjs.org/@types/d3-fetch/-/d3-fetch-3.0.7.tgz 0ms (cache hit)
1370 http cache @types/d3-force@https://registry.npmjs.org/@types/d3-force/-/d3-force-3.0.10.tgz 0ms (cache hit)
1371 http cache @types/d3-format@https://registry.npmjs.org/@types/d3-format/-/d3-format-3.0.4.tgz 0ms (cache hit)
1372 http cache @types/d3-ease@https://registry.npmjs.org/@types/d3-ease/-/d3-ease-3.0.2.tgz 0ms (cache hit)
1373 http cache @types/d3-dsv@https://registry.npmjs.org/@types/d3-dsv/-/d3-dsv-3.0.7.tgz 0ms (cache hit)
1374 http cache @types/d3-dispatch@https://registry.npmjs.org/@types/d3-dispatch/-/d3-dispatch-3.0.7.tgz 0ms (cache hit)
1375 http cache @types/d3-drag@https://registry.npmjs.org/@types/d3-drag/-/d3-drag-3.0.7.tgz 0ms (cache hit)
1376 http cache @types/d3-delaunay@https://registry.npmjs.org/@types/d3-delaunay/-/d3-delaunay-6.0.4.tgz 0ms (cache hit)
1377 http cache @types/d3-contour@https://registry.npmjs.org/@types/d3-contour/-/d3-contour-3.0.6.tgz 0ms (cache hit)
1378 http cache @types/d3-chord@https://registry.npmjs.org/@types/d3-chord/-/d3-chord-3.0.6.tgz 0ms (cache hit)
1379 http cache @types/d3-color@https://registry.npmjs.org/@types/d3-color/-/d3-color-3.1.3.tgz 0ms (cache hit)
1380 http cache @types/d3-brush@https://registry.npmjs.org/@types/d3-brush/-/d3-brush-3.0.6.tgz 0ms (cache hit)
1381 http cache @types/d3-axis@https://registry.npmjs.org/@types/d3-axis/-/d3-axis-3.0.6.tgz 0ms (cache hit)
1382 http cache @types/d3-array@https://registry.npmjs.org/@types/d3-array/-/d3-array-3.2.2.tgz 0ms (cache hit)
1383 http cache tinyexec@https://registry.npmjs.org/tinyexec/-/tinyexec-1.3.0.tgz 0ms (cache hit)
1384 http cache @chevrotain/types@https://registry.npmjs.org/@chevrotain/types/-/types-11.1.2.tgz 0ms (cache hit)
1385 http cache package-manager-detector@https://registry.npmjs.org/package-manager-detector/-/package-manager-detector-1.8.0.tgz 0ms (cache hit)
1386 http cache @iconify/types@https://registry.npmjs.org/@iconify/types/-/types-2.0.0.tgz 0ms (cache hit)
1387 http cache @antfu/install-pkg@https://registry.npmjs.org/@antfu/install-pkg/-/install-pkg-1.1.0.tgz 0ms (cache hit)
1388 http cache uuid@https://registry.npmjs.org/uuid/-/uuid-14.0.1.tgz 0ms (cache hit)
1389 http cache stylis@https://registry.npmjs.org/stylis/-/stylis-4.4.0.tgz 0ms (cache hit)
1390 http cache ts-dedent@https://registry.npmjs.org/ts-dedent/-/ts-dedent-2.3.0.tgz 0ms (cache hit)
1391 http cache roughjs@https://registry.npmjs.org/roughjs/-/roughjs-4.6.6.tgz 0ms (cache hit)
1392 http cache khroma@https://registry.npmjs.org/khroma/-/khroma-2.1.0.tgz 0ms (cache hit)
1393 http cache dayjs@https://registry.npmjs.org/dayjs/-/dayjs-1.11.21.tgz 0ms (cache hit)
1394 http cache es-toolkit@https://registry.npmjs.org/es-toolkit/-/es-toolkit-1.50.0.tgz 0ms (cache hit)
1395 http cache dagre-d3-es@https://registry.npmjs.org/dagre-d3-es/-/dagre-d3-es-7.0.14.tgz 0ms (cache hit)
1396 http cache d3-sankey@https://registry.npmjs.org/d3-sankey/-/d3-sankey-0.12.3.tgz 0ms (cache hit)
1397 http cache cytoscape-fcose@https://registry.npmjs.org/cytoscape-fcose/-/cytoscape-fcose-2.2.0.tgz 0ms (cache hit)
1398 http cache cytoscape-cose-bilkent@https://registry.npmjs.org/cytoscape-cose-bilkent/-/cytoscape-cose-bilkent-4.1.0.tgz 0ms (cache hit)
1399 http cache cytoscape@https://registry.npmjs.org/cytoscape/-/cytoscape-3.34.0.tgz 0ms (cache hit)
1400 http cache @upsetjs/venn.js@https://registry.npmjs.org/@upsetjs/venn.js/-/venn.js-2.0.0.tgz 0ms (cache hit)
1401 http cache @mermaid-js/parser@https://registry.npmjs.org/@mermaid-js/parser/-/parser-1.2.0.tgz 1ms (cache hit)
1402 http cache @types/d3@https://registry.npmjs.org/@types/d3/-/d3-7.4.3.tgz 0ms (cache hit)
1403 http cache @iconify/utils@https://registry.npmjs.org/@iconify/utils/-/utils-3.1.4.tgz 0ms (cache hit)
1404 http cache @braintree/sanitize-url@https://registry.npmjs.org/@braintree/sanitize-url/-/sanitize-url-7.1.2.tgz 0ms (cache hit)
1405 http cache safer-buffer@https://registry.npmjs.org/safer-buffer/-/safer-buffer-2.1.2.tgz 0ms (cache hit)
1406 http cache @types/trusted-types@https://registry.npmjs.org/@types/trusted-types/-/trusted-types-2.0.7.tgz 0ms (cache hit)
1407 http cache robust-predicates@https://registry.npmjs.org/robust-predicates/-/robust-predicates-3.0.3.tgz 0ms (cache hit)
1408 http cache rw@https://registry.npmjs.org/rw/-/rw-1.3.3.tgz 0ms (cache hit)
1409 http cache iconv-lite@https://registry.npmjs.org/iconv-lite/-/iconv-lite-0.6.3.tgz 0ms (cache hit)
1410 http cache delaunator@https://registry.npmjs.org/delaunator/-/delaunator-5.1.0.tgz 0ms (cache hit)
1411 http cache internmap@https://registry.npmjs.org/internmap/-/internmap-2.0.3.tgz 0ms (cache hit)
1412 http cache d3-zoom@https://registry.npmjs.org/d3-zoom/-/d3-zoom-3.0.0.tgz 0ms (cache hit)
1413 http cache d3-transition@https://registry.npmjs.org/d3-transition/-/d3-transition-3.0.1.tgz 0ms (cache hit)
1414 http cache d3-timer@https://registry.npmjs.org/d3-timer/-/d3-timer-3.0.1.tgz 0ms (cache hit)
1415 http cache d3-time-format@https://registry.npmjs.org/d3-time-format/-/d3-time-format-4.1.0.tgz 0ms (cache hit)
1416 http cache d3-time@https://registry.npmjs.org/d3-time/-/d3-time-3.1.0.tgz 0ms (cache hit)
1417 http cache d3-shape@https://registry.npmjs.org/d3-shape/-/d3-shape-3.2.0.tgz 0ms (cache hit)
1418 http cache d3-selection@https://registry.npmjs.org/d3-selection/-/d3-selection-3.0.0.tgz 0ms (cache hit)
1419 http cache d3-scale-chromatic@https://registry.npmjs.org/d3-scale-chromatic/-/d3-scale-chromatic-3.1.0.tgz 0ms (cache hit)
1420 http cache d3-scale@https://registry.npmjs.org/d3-scale/-/d3-scale-4.0.2.tgz 0ms (cache hit)
1421 http cache d3-random@https://registry.npmjs.org/d3-random/-/d3-random-3.0.1.tgz 0ms (cache hit)
1422 http cache d3-quadtree@https://registry.npmjs.org/d3-quadtree/-/d3-quadtree-3.0.1.tgz 0ms (cache hit)
1423 http cache d3-polygon@https://registry.npmjs.org/d3-polygon/-/d3-polygon-3.0.1.tgz 0ms (cache hit)
1424 http cache d3-path@https://registry.npmjs.org/d3-path/-/d3-path-3.1.0.tgz 0ms (cache hit)
1425 http cache d3-interpolate@https://registry.npmjs.org/d3-interpolate/-/d3-interpolate-3.0.1.tgz 1ms (cache hit)
1426 http cache d3-hierarchy@https://registry.npmjs.org/d3-hierarchy/-/d3-hierarchy-3.1.2.tgz 0ms (cache hit)
1427 http cache d3-geo@https://registry.npmjs.org/d3-geo/-/d3-geo-3.1.1.tgz 0ms (cache hit)
1428 http cache d3-format@https://registry.npmjs.org/d3-format/-/d3-format-3.1.2.tgz 0ms (cache hit)
1429 http cache d3-force@https://registry.npmjs.org/d3-force/-/d3-force-3.0.0.tgz 0ms (cache hit)
1430 http cache d3-fetch@https://registry.npmjs.org/d3-fetch/-/d3-fetch-3.0.1.tgz 0ms (cache hit)
1431 http cache d3-ease@https://registry.npmjs.org/d3-ease/-/d3-ease-3.0.1.tgz 0ms (cache hit)
1432 http cache d3-drag@https://registry.npmjs.org/d3-drag/-/d3-drag-3.0.0.tgz 0ms (cache hit)
1433 http cache d3-dsv@https://registry.npmjs.org/d3-dsv/-/d3-dsv-3.0.1.tgz 0ms (cache hit)
1434 http cache d3-dispatch@https://registry.npmjs.org/d3-dispatch/-/d3-dispatch-3.0.1.tgz 0ms (cache hit)
1435 http cache d3-delaunay@https://registry.npmjs.org/d3-delaunay/-/d3-delaunay-6.0.4.tgz 0ms (cache hit)
1436 http cache d3-contour@https://registry.npmjs.org/d3-contour/-/d3-contour-4.0.2.tgz 0ms (cache hit)
1437 http cache d3-chord@https://registry.npmjs.org/d3-chord/-/d3-chord-3.0.1.tgz 0ms (cache hit)
1438 http cache d3-color@https://registry.npmjs.org/d3-color/-/d3-color-3.1.0.tgz 0ms (cache hit)
1439 http cache d3-brush@https://registry.npmjs.org/d3-brush/-/d3-brush-3.0.0.tgz 0ms (cache hit)
1440 http cache d3-axis@https://registry.npmjs.org/d3-axis/-/d3-axis-3.0.0.tgz 0ms (cache hit)
1441 http cache d3-array@https://registry.npmjs.org/d3-array/-/d3-array-3.2.4.tgz 0ms (cache hit)
1442 http cache tslib@https://registry.npmjs.org/tslib/-/tslib-2.8.1.tgz 0ms (cache hit)
1443 http cache @tanstack/virtual-core@https://registry.npmjs.org/@tanstack/virtual-core/-/virtual-core-3.17.7.tgz 0ms (cache hit)
1444 http cache react-aria@https://registry.npmjs.org/react-aria/-/react-aria-3.51.0.tgz 0ms (cache hit)
1445 http cache @react-types/shared@https://registry.npmjs.org/@react-types/shared/-/shared-3.36.1.tgz 0ms (cache hit)
1446 http cache @swc/helpers@https://registry.npmjs.org/@swc/helpers/-/helpers-0.5.23.tgz 0ms (cache hit)
1447 http cache @napi-rs/canvas-linux-x64-gnu@https://registry.npmjs.org/@napi-rs/canvas-linux-x64-gnu/-/canvas-linux-x64-gnu-0.1.100.tgz 0ms (cache hit)
1448 http cache use-sync-external-store@https://registry.npmjs.org/use-sync-external-store/-/use-sync-external-store-1.6.0.tgz 0ms (cache hit)
1449 http cache @react-aria/interactions@https://registry.npmjs.org/@react-aria/interactions/-/interactions-3.28.1.tgz 0ms (cache hit)
1450 http cache @tanstack/react-virtual@https://registry.npmjs.org/@tanstack/react-virtual/-/react-virtual-3.14.9.tgz 0ms (cache hit)
1451 http cache @react-aria/focus@https://registry.npmjs.org/@react-aria/focus/-/focus-3.22.1.tgz 0ms (cache hit)
1452 http cache @floating-ui/core@https://registry.npmjs.org/@floating-ui/core/-/core-1.8.0.tgz 0ms (cache hit)
1453 http cache tabbable@https://registry.npmjs.org/tabbable/-/tabbable-6.5.0.tgz 0ms (cache hit)
1454 http cache @floating-ui/dom@https://registry.npmjs.org/@floating-ui/dom/-/dom-1.8.0.tgz 0ms (cache hit)
1455 http cache @floating-ui/utils@https://registry.npmjs.org/@floating-ui/utils/-/utils-0.2.12.tgz 0ms (cache hit)
1456 http cache @floating-ui/react-dom@https://registry.npmjs.org/@floating-ui/react-dom/-/react-dom-2.1.9.tgz 0ms (cache hit)
1457 http cache tailwind-merge@https://registry.npmjs.org/tailwind-merge/-/tailwind-merge-3.6.0.tgz 0ms (cache hit)
1458 http cache marked@https://registry.npmjs.org/marked/-/marked-4.3.0.tgz 0ms (cache hit)
1459 http cache jotai@https://registry.npmjs.org/jotai/-/jotai-2.20.2.tgz 0ms (cache hit)
1460 http cache html-to-image@https://registry.npmjs.org/html-to-image/-/html-to-image-1.11.13.tgz 0ms (cache hit)
1461 http cache highlight.js@https://registry.npmjs.org/highlight.js/-/highlight.js-11.11.1.tgz 0ms (cache hit)
1462 http cache dompurify@https://registry.npmjs.org/dompurify/-/dompurify-3.4.13.tgz 0ms (cache hit)
1463 http cache clsx@https://registry.npmjs.org/clsx/-/clsx-2.1.1.tgz 0ms (cache hit)
1464 http cache color-string@https://registry.npmjs.org/color-string/-/color-string-2.1.4.tgz 0ms (cache hit)
1465 http cache antlr4@https://registry.npmjs.org/antlr4/-/antlr4-4.11.0.tgz 0ms (cache hit)
1466 http cache class-variance-authority@https://registry.npmjs.org/class-variance-authority/-/class-variance-authority-0.7.1.tgz 0ms (cache hit)
1467 http cache tailwindcss@https://registry.npmjs.org/tailwindcss/-/tailwindcss-4.3.3.tgz 0ms (cache hit)
1468 http cache @napi-rs/canvas@https://registry.npmjs.org/@napi-rs/canvas/-/canvas-0.1.100.tgz 0ms (cache hit)
1469 http cache @headlessui/react@https://registry.npmjs.org/@headlessui/react/-/react-2.2.10.tgz 0ms (cache hit)
1470 http cache @headlessui/tailwindcss@https://registry.npmjs.org/@headlessui/tailwindcss/-/tailwindcss-0.2.2.tgz 0ms (cache hit)
1471 http cache react-dom@https://registry.npmjs.org/react-dom/-/react-dom-19.2.8.tgz 0ms (cache hit)
1472 http cache react@https://registry.npmjs.org/react/-/react-19.2.8.tgz 0ms (cache hit)
1473 http cache @floating-ui/react@https://registry.npmjs.org/@floating-ui/react/-/react-0.27.20.tgz 0ms (cache hit)
1474 http cache @zenuml/core@https://registry.npmjs.org/@zenuml/core/-/core-3.50.1.tgz 0ms (cache hit)
1475 http cache elkjs@https://registry.npmjs.org/elkjs/-/elkjs-0.9.3.tgz 0ms (cache hit)
1476 http cache d3@https://registry.npmjs.org/d3/-/d3-7.9.0.tgz 0ms (cache hit)
1477 http cache import-meta-resolve@https://registry.npmjs.org/import-meta-resolve/-/import-meta-resolve-4.2.0.tgz 0ms (cache hit)
1478 http cache katex@https://registry.npmjs.org/katex/-/katex-0.16.47.tgz 0ms (cache hit)
1479 http cache commander@https://registry.npmjs.org/commander/-/commander-13.1.0.tgz 0ms (cache hit)
1480 http cache mermaid@https://registry.npmjs.org/mermaid/-/mermaid-11.16.1.tgz 0ms (cache hit)
1481 http cache @mermaid-js/mermaid-zenuml@https://registry.npmjs.org/@mermaid-js/mermaid-zenuml/-/mermaid-zenuml-0.2.3.tgz 1ms (cache hit)
1482 http cache @mermaid-js/layout-tidy-tree@https://registry.npmjs.org/@mermaid-js/layout-tidy-tree/-/layout-tidy-tree-0.2.2.tgz 0ms (cache hit)
1483 http cache puppeteer@https://registry.npmjs.org/puppeteer/-/puppeteer-25.5.0.tgz 0ms (cache hit)
1484 http cache @fortawesome/fontawesome-free@https://registry.npmjs.org/@fortawesome/fontawesome-free/-/fontawesome-free-7.3.1.tgz 0ms (cache hit)
1485 http cache @mermaid-js/layout-elk@https://registry.npmjs.org/@mermaid-js/layout-elk/-/layout-elk-0.2.2.tgz 0ms (cache hit)
1486 http cache @mermaid-js/mermaid-cli@https://registry.npmjs.org/@mermaid-js/mermaid-cli/-/mermaid-cli-11.16.0.tgz 0ms (cache hit)
1487 http cache emoji-regex@https://registry.npmjs.org/emoji-regex/-/emoji-regex-10.6.0.tgz 0ms (cache hit)
1488 http cache wrap-ansi@https://registry.npmjs.org/wrap-ansi/-/wrap-ansi-9.0.2.tgz 0ms (cache hit)
1489 http cache ansi-regex@https://registry.npmjs.org/ansi-regex/-/ansi-regex-6.2.2.tgz 0ms (cache hit)
1490 http cache string-width@https://registry.npmjs.org/string-width/-/string-width-7.2.0.tgz 0ms (cache hit)
1491 http cache strip-ansi@https://registry.npmjs.org/strip-ansi/-/strip-ansi-7.2.0.tgz 0ms (cache hit)
1492 http cache yargs-parser@https://registry.npmjs.org/yargs-parser/-/yargs-parser-22.0.0.tgz 0ms (cache hit)
1493 http cache ansi-styles@https://registry.npmjs.org/ansi-styles/-/ansi-styles-6.2.3.tgz 0ms (cache hit)
1494 http cache string-width@https://registry.npmjs.org/string-width/-/string-width-8.2.2.tgz 0ms (cache hit)
1495 http cache cliui@https://registry.npmjs.org/cliui/-/cliui-9.0.1.tgz 0ms (cache hit)
1496 http cache yargs@https://registry.npmjs.org/yargs/-/yargs-18.1.0.tgz 0ms (cache hit)
1497 http cache string-width@https://registry.npmjs.org/string-width/-/string-width-7.2.0.tgz 0ms (cache hit)
1498 http cache d3-path@https://registry.npmjs.org/d3-path/-/d3-path-1.0.9.tgz 0ms (cache hit)
1499 http cache internmap@https://registry.npmjs.org/internmap/-/internmap-1.0.1.tgz 0ms (cache hit)
1500 http cache d3-shape@https://registry.npmjs.org/d3-shape/-/d3-shape-1.3.7.tgz 0ms (cache hit)
1501 http cache d3-array@https://registry.npmjs.org/d3-array/-/d3-array-2.12.1.tgz 0ms (cache hit)
1502 http cache layout-base@https://registry.npmjs.org/layout-base/-/layout-base-2.0.1.tgz 0ms (cache hit)
1503 http cache commander@https://registry.npmjs.org/commander/-/commander-7.2.0.tgz 0ms (cache hit)
1504 http cache cose-base@https://registry.npmjs.org/cose-base/-/cose-base-2.2.0.tgz 1ms (cache hit)
1505 http cache color-name@https://registry.npmjs.org/color-name/-/color-name-2.1.1.tgz 0ms (cache hit)
1506 http cache @floating-ui/react@https://registry.npmjs.org/@floating-ui/react/-/react-0.26.28.tgz 0ms (cache hit)
1507 http cache commander@https://registry.npmjs.org/commander/-/commander-8.3.0.tgz 0ms (cache hit)
1508 http cache yocto-queue@https://registry.npmjs.org/yocto-queue/-/yocto-queue-1.2.2.tgz 0ms (cache hit)
1509 http cache marked@https://registry.npmjs.org/marked/-/marked-16.4.2.tgz 0ms (cache hit)
1510 http cache p-limit@https://registry.npmjs.org/p-limit/-/p-limit-6.2.0.tgz 0ms (cache hit)
1511 http cache chalk@https://registry.npmjs.org/chalk/-/chalk-5.6.2.tgz 0ms (cache hit)
1512 silly tarball no local data for points-on-path@https://registry.npmjs.org/points-on-path/-/points-on-path-0.2.1.tgz. Extracting by manifest.
1513 silly tarball no local data for points-on-curve@https://registry.npmjs.org/points-on-curve/-/points-on-curve-0.2.0.tgz. Extracting by manifest.
1514 silly tarball no local data for path-data-parser@https://registry.npmjs.org/path-data-parser/-/path-data-parser-0.1.0.tgz. Extracting by manifest.
1515 silly tarball no local data for get-east-asian-width@https://registry.npmjs.org/get-east-asian-width/-/get-east-asian-width-1.6.0.tgz. Extracting by manifest.
1516 silly tarball no local data for hachure-fill@https://registry.npmjs.org/hachure-fill/-/hachure-fill-0.5.2.tgz. Extracting by manifest.
1517 silly tarball no local data for scheduler@https://registry.npmjs.org/scheduler/-/scheduler-0.27.0.tgz. Extracting by manifest.
1518 silly tarball no local data for react-stately@https://registry.npmjs.org/react-stately/-/react-stately-3.49.0.tgz. Extracting by manifest.
1519 silly tarball no local data for aria-hidden@https://registry.npmjs.org/aria-hidden/-/aria-hidden-1.2.6.tgz. Extracting by manifest.
1520 silly tarball no local data for @internationalized/string@https://registry.npmjs.org/@internationalized/string/-/string-3.2.10.tgz. Extracting by manifest.
1521 silly tarball no local data for ws@https://registry.npmjs.org/ws/-/ws-8.21.3.tgz. Extracting by manifest.
1522 silly tarball no local data for @internationalized/number@https://registry.npmjs.org/@internationalized/number/-/number-3.6.7.tgz. Extracting by manifest.
1523 silly tarball no local data for @internationalized/date@https://registry.npmjs.org/@internationalized/date/-/date-3.12.3.tgz. Extracting by manifest.
1524 silly tarball no local data for webdriver-bidi-protocol@https://registry.npmjs.org/webdriver-bidi-protocol/-/webdriver-bidi-protocol-0.4.2.tgz. Extracting by manifest.
1525 silly tarball no local data for mitt@https://registry.npmjs.org/mitt/-/mitt-3.0.1.tgz. Extracting by manifest.
1526 silly tarball no local data for zod@https://registry.npmjs.org/zod/-/zod-3.25.76.tgz. Extracting by manifest.
1527 silly tarball no local data for modern-tar@https://registry.npmjs.org/modern-tar/-/modern-tar-0.7.7.tgz. Extracting by manifest.
1528 silly tarball no local data for typed-query-selector@https://registry.npmjs.org/typed-query-selector/-/typed-query-selector-2.12.2.tgz. Extracting by manifest.
1529 silly tarball no local data for lilconfig@https://registry.npmjs.org/lilconfig/-/lilconfig-3.1.3.tgz. Extracting by manifest.
1530 silly tarball no local data for puppeteer-core@https://registry.npmjs.org/puppeteer-core/-/puppeteer-core-25.5.0.tgz. Extracting by manifest.
1531 silly tarball no local data for devtools-protocol@https://registry.npmjs.org/devtools-protocol/-/devtools-protocol-0.0.1653615.tgz. Extracting by manifest.
1532 silly tarball no local data for chromium-bidi@https://registry.npmjs.org/chromium-bidi/-/chromium-bidi-17.0.2.tgz. Extracting by manifest.
1533 silly tarball no local data for lodash-es@https://registry.npmjs.org/lodash-es/-/lodash-es-4.18.1.tgz. Extracting by manifest.
1534 silly tarball no local data for @puppeteer/browsers@https://registry.npmjs.org/@puppeteer/browsers/-/browsers-3.1.0.tgz. Extracting by manifest.
1535 silly tarball no local data for layout-base@https://registry.npmjs.org/layout-base/-/layout-base-1.0.2.tgz. Extracting by manifest.
1536 silly tarball no local data for cose-base@https://registry.npmjs.org/cose-base/-/cose-base-1.0.3.tgz. Extracting by manifest.
1537 silly tarball no local data for @types/geojson@https://registry.npmjs.org/@types/geojson/-/geojson-7946.0.16.tgz. Extracting by manifest.
1538 silly tarball no local data for @types/d3-zoom@https://registry.npmjs.org/@types/d3-zoom/-/d3-zoom-3.0.8.tgz. Extracting by manifest.
1539 silly tarball no local data for @types/d3-transition@https://registry.npmjs.org/@types/d3-transition/-/d3-transition-3.0.9.tgz. Extracting by manifest.
1540 silly tarball no local data for @types/d3-timer@https://registry.npmjs.org/@types/d3-timer/-/d3-timer-3.0.2.tgz. Extracting by manifest.
1541 silly tarball no local data for @types/d3-time-format@https://registry.npmjs.org/@types/d3-time-format/-/d3-time-format-4.0.3.tgz. Extracting by manifest.
1542 silly tarball no local data for @types/d3-shape@https://registry.npmjs.org/@types/d3-shape/-/d3-shape-3.1.8.tgz. Extracting by manifest.
1543 silly tarball no local data for @types/d3-time@https://registry.npmjs.org/@types/d3-time/-/d3-time-3.0.4.tgz. Extracting by manifest.
1544 silly tarball no local data for @types/d3-scale-chromatic@https://registry.npmjs.org/@types/d3-scale-chromatic/-/d3-scale-chromatic-3.1.0.tgz. Extracting by manifest.
1545 silly tarball no local data for @types/d3-scale@https://registry.npmjs.org/@types/d3-scale/-/d3-scale-4.0.9.tgz. Extracting by manifest.
1546 silly tarball no local data for @types/d3-quadtree@https://registry.npmjs.org/@types/d3-quadtree/-/d3-quadtree-3.0.6.tgz. Extracting by manifest.
1547 silly tarball no local data for @types/d3-random@https://registry.npmjs.org/@types/d3-random/-/d3-random-3.0.4.tgz. Extracting by manifest.
1548 silly tarball no local data for @types/d3-polygon@https://registry.npmjs.org/@types/d3-polygon/-/d3-polygon-3.0.2.tgz. Extracting by manifest.
1549 silly tarball no local data for @types/d3-selection@https://registry.npmjs.org/@types/d3-selection/-/d3-selection-3.0.11.tgz. Extracting by manifest.
1550 silly tarball no local data for @types/d3-path@https://registry.npmjs.org/@types/d3-path/-/d3-path-3.1.1.tgz. Extracting by manifest.
1551 silly tarball no local data for @types/d3-interpolate@https://registry.npmjs.org/@types/d3-interpolate/-/d3-interpolate-3.0.4.tgz. Extracting by manifest.
1552 silly tarball no local data for @types/d3-hierarchy@https://registry.npmjs.org/@types/d3-hierarchy/-/d3-hierarchy-3.1.7.tgz. Extracting by manifest.
1553 silly tarball no local data for @types/d3-geo@https://registry.npmjs.org/@types/d3-geo/-/d3-geo-3.1.1.tgz. Extracting by manifest.
1554 silly tarball no local data for @types/d3-fetch@https://registry.npmjs.org/@types/d3-fetch/-/d3-fetch-3.0.7.tgz. Extracting by manifest.
1555 silly tarball no local data for @types/d3-force@https://registry.npmjs.org/@types/d3-force/-/d3-force-3.0.10.tgz. Extracting by manifest.
1556 silly tarball no local data for @types/d3-format@https://registry.npmjs.org/@types/d3-format/-/d3-format-3.0.4.tgz. Extracting by manifest.
1557 silly tarball no local data for @types/d3-ease@https://registry.npmjs.org/@types/d3-ease/-/d3-ease-3.0.2.tgz. Extracting by manifest.
1558 silly tarball no local data for @types/d3-dsv@https://registry.npmjs.org/@types/d3-dsv/-/d3-dsv-3.0.7.tgz. Extracting by manifest.
1559 silly tarball no local data for @types/d3-dispatch@https://registry.npmjs.org/@types/d3-dispatch/-/d3-dispatch-3.0.7.tgz. Extracting by manifest.
1560 silly tarball no local data for @types/d3-drag@https://registry.npmjs.org/@types/d3-drag/-/d3-drag-3.0.7.tgz. Extracting by manifest.
1561 silly tarball no local data for @types/d3-delaunay@https://registry.npmjs.org/@types/d3-delaunay/-/d3-delaunay-6.0.4.tgz. Extracting by manifest.
1562 silly tarball no local data for @types/d3-contour@https://registry.npmjs.org/@types/d3-contour/-/d3-contour-3.0.6.tgz. Extracting by manifest.
1563 silly tarball no local data for @types/d3-chord@https://registry.npmjs.org/@types/d3-chord/-/d3-chord-3.0.6.tgz. Extracting by manifest.
1564 silly tarball no local data for @types/d3-color@https://registry.npmjs.org/@types/d3-color/-/d3-color-3.1.3.tgz. Extracting by manifest.
1565 silly tarball no local data for @types/d3-brush@https://registry.npmjs.org/@types/d3-brush/-/d3-brush-3.0.6.tgz. Extracting by manifest.
1566 silly tarball no local data for @types/d3-axis@https://registry.npmjs.org/@types/d3-axis/-/d3-axis-3.0.6.tgz. Extracting by manifest.
1567 silly tarball no local data for @types/d3-array@https://registry.npmjs.org/@types/d3-array/-/d3-array-3.2.2.tgz. Extracting by manifest.
1568 silly tarball no local data for tinyexec@https://registry.npmjs.org/tinyexec/-/tinyexec-1.3.0.tgz. Extracting by manifest.
1569 silly tarball no local data for @chevrotain/types@https://registry.npmjs.org/@chevrotain/types/-/types-11.1.2.tgz. Extracting by manifest.
1570 silly tarball no local data for package-manager-detector@https://registry.npmjs.org/package-manager-detector/-/package-manager-detector-1.8.0.tgz. Extracting by manifest.
1571 silly tarball no local data for @iconify/types@https://registry.npmjs.org/@iconify/types/-/types-2.0.0.tgz. Extracting by manifest.
1572 silly tarball no local data for @antfu/install-pkg@https://registry.npmjs.org/@antfu/install-pkg/-/install-pkg-1.1.0.tgz. Extracting by manifest.
1573 silly tarball no local data for uuid@https://registry.npmjs.org/uuid/-/uuid-14.0.1.tgz. Extracting by manifest.
1574 silly tarball no local data for stylis@https://registry.npmjs.org/stylis/-/stylis-4.4.0.tgz. Extracting by manifest.
1575 silly tarball no local data for ts-dedent@https://registry.npmjs.org/ts-dedent/-/ts-dedent-2.3.0.tgz. Extracting by manifest.
1576 silly tarball no local data for roughjs@https://registry.npmjs.org/roughjs/-/roughjs-4.6.6.tgz. Extracting by manifest.
1577 silly tarball no local data for khroma@https://registry.npmjs.org/khroma/-/khroma-2.1.0.tgz. Extracting by manifest.
1578 silly tarball no local data for dayjs@https://registry.npmjs.org/dayjs/-/dayjs-1.11.21.tgz. Extracting by manifest.
1579 silly tarball no local data for es-toolkit@https://registry.npmjs.org/es-toolkit/-/es-toolkit-1.50.0.tgz. Extracting by manifest.
1580 silly tarball no local data for dagre-d3-es@https://registry.npmjs.org/dagre-d3-es/-/dagre-d3-es-7.0.14.tgz. Extracting by manifest.
1581 silly tarball no local data for d3-sankey@https://registry.npmjs.org/d3-sankey/-/d3-sankey-0.12.3.tgz. Extracting by manifest.
1582 silly tarball no local data for cytoscape-fcose@https://registry.npmjs.org/cytoscape-fcose/-/cytoscape-fcose-2.2.0.tgz. Extracting by manifest.
1583 silly tarball no local data for cytoscape-cose-bilkent@https://registry.npmjs.org/cytoscape-cose-bilkent/-/cytoscape-cose-bilkent-4.1.0.tgz. Extracting by manifest.
1584 silly tarball no local data for cytoscape@https://registry.npmjs.org/cytoscape/-/cytoscape-3.34.0.tgz. Extracting by manifest.
1585 silly tarball no local data for @upsetjs/venn.js@https://registry.npmjs.org/@upsetjs/venn.js/-/venn.js-2.0.0.tgz. Extracting by manifest.
1586 silly tarball no local data for @mermaid-js/parser@https://registry.npmjs.org/@mermaid-js/parser/-/parser-1.2.0.tgz. Extracting by manifest.
1587 silly tarball no local data for @types/d3@https://registry.npmjs.org/@types/d3/-/d3-7.4.3.tgz. Extracting by manifest.
1588 silly tarball no local data for @iconify/utils@https://registry.npmjs.org/@iconify/utils/-/utils-3.1.4.tgz. Extracting by manifest.
1589 silly tarball no local data for @braintree/sanitize-url@https://registry.npmjs.org/@braintree/sanitize-url/-/sanitize-url-7.1.2.tgz. Extracting by manifest.
1590 silly tarball no local data for safer-buffer@https://registry.npmjs.org/safer-buffer/-/safer-buffer-2.1.2.tgz. Extracting by manifest.
1591 silly tarball no local data for @types/trusted-types@https://registry.npmjs.org/@types/trusted-types/-/trusted-types-2.0.7.tgz. Extracting by manifest.
1592 silly tarball no local data for robust-predicates@https://registry.npmjs.org/robust-predicates/-/robust-predicates-3.0.3.tgz. Extracting by manifest.
1593 silly tarball no local data for rw@https://registry.npmjs.org/rw/-/rw-1.3.3.tgz. Extracting by manifest.
1594 silly tarball no local data for iconv-lite@https://registry.npmjs.org/iconv-lite/-/iconv-lite-0.6.3.tgz. Extracting by manifest.
1595 silly tarball no local data for delaunator@https://registry.npmjs.org/delaunator/-/delaunator-5.1.0.tgz. Extracting by manifest.
1596 silly tarball no local data for internmap@https://registry.npmjs.org/internmap/-/internmap-2.0.3.tgz. Extracting by manifest.
1597 silly tarball no local data for d3-zoom@https://registry.npmjs.org/d3-zoom/-/d3-zoom-3.0.0.tgz. Extracting by manifest.
1598 silly tarball no local data for d3-transition@https://registry.npmjs.org/d3-transition/-/d3-transition-3.0.1.tgz. Extracting by manifest.
1599 silly tarball no local data for d3-timer@https://registry.npmjs.org/d3-timer/-/d3-timer-3.0.1.tgz. Extracting by manifest.
1600 silly tarball no local data for d3-time-format@https://registry.npmjs.org/d3-time-format/-/d3-time-format-4.1.0.tgz. Extracting by manifest.
1601 silly tarball no local data for d3-time@https://registry.npmjs.org/d3-time/-/d3-time-3.1.0.tgz. Extracting by manifest.
1602 silly tarball no local data for d3-shape@https://registry.npmjs.org/d3-shape/-/d3-shape-3.2.0.tgz. Extracting by manifest.
1603 silly tarball no local data for d3-selection@https://registry.npmjs.org/d3-selection/-/d3-selection-3.0.0.tgz. Extracting by manifest.
1604 silly tarball no local data for d3-scale-chromatic@https://registry.npmjs.org/d3-scale-chromatic/-/d3-scale-chromatic-3.1.0.tgz. Extracting by manifest.
1605 silly tarball no local data for d3-scale@https://registry.npmjs.org/d3-scale/-/d3-scale-4.0.2.tgz. Extracting by manifest.
1606 silly tarball no local data for d3-random@https://registry.npmjs.org/d3-random/-/d3-random-3.0.1.tgz. Extracting by manifest.
1607 silly tarball no local data for d3-quadtree@https://registry.npmjs.org/d3-quadtree/-/d3-quadtree-3.0.1.tgz. Extracting by manifest.
1608 silly tarball no local data for d3-polygon@https://registry.npmjs.org/d3-polygon/-/d3-polygon-3.0.1.tgz. Extracting by manifest.
1609 silly tarball no local data for d3-path@https://registry.npmjs.org/d3-path/-/d3-path-3.1.0.tgz. Extracting by manifest.
1610 silly tarball no local data for d3-interpolate@https://registry.npmjs.org/d3-interpolate/-/d3-interpolate-3.0.1.tgz. Extracting by manifest.
1611 silly tarball no local data for d3-hierarchy@https://registry.npmjs.org/d3-hierarchy/-/d3-hierarchy-3.1.2.tgz. Extracting by manifest.
1612 silly tarball no local data for d3-geo@https://registry.npmjs.org/d3-geo/-/d3-geo-3.1.1.tgz. Extracting by manifest.
1613 silly tarball no local data for d3-format@https://registry.npmjs.org/d3-format/-/d3-format-3.1.2.tgz. Extracting by manifest.
1614 silly tarball no local data for d3-force@https://registry.npmjs.org/d3-force/-/d3-force-3.0.0.tgz. Extracting by manifest.
1615 silly tarball no local data for d3-fetch@https://registry.npmjs.org/d3-fetch/-/d3-fetch-3.0.1.tgz. Extracting by manifest.
1616 silly tarball no local data for d3-ease@https://registry.npmjs.org/d3-ease/-/d3-ease-3.0.1.tgz. Extracting by manifest.
1617 silly tarball no local data for d3-drag@https://registry.npmjs.org/d3-drag/-/d3-drag-3.0.0.tgz. Extracting by manifest.
1618 silly tarball no local data for d3-dsv@https://registry.npmjs.org/d3-dsv/-/d3-dsv-3.0.1.tgz. Extracting by manifest.
1619 silly tarball no local data for d3-dispatch@https://registry.npmjs.org/d3-dispatch/-/d3-dispatch-3.0.1.tgz. Extracting by manifest.
1620 silly tarball no local data for d3-delaunay@https://registry.npmjs.org/d3-delaunay/-/d3-delaunay-6.0.4.tgz. Extracting by manifest.
1621 silly tarball no local data for d3-contour@https://registry.npmjs.org/d3-contour/-/d3-contour-4.0.2.tgz. Extracting by manifest.
1622 silly tarball no local data for d3-chord@https://registry.npmjs.org/d3-chord/-/d3-chord-3.0.1.tgz. Extracting by manifest.
1623 silly tarball no local data for d3-color@https://registry.npmjs.org/d3-color/-/d3-color-3.1.0.tgz. Extracting by manifest.
1624 silly tarball no local data for d3-brush@https://registry.npmjs.org/d3-brush/-/d3-brush-3.0.0.tgz. Extracting by manifest.
1625 silly tarball no local data for d3-axis@https://registry.npmjs.org/d3-axis/-/d3-axis-3.0.0.tgz. Extracting by manifest.
1626 silly tarball no local data for d3-array@https://registry.npmjs.org/d3-array/-/d3-array-3.2.4.tgz. Extracting by manifest.
1627 silly tarball no local data for tslib@https://registry.npmjs.org/tslib/-/tslib-2.8.1.tgz. Extracting by manifest.
1628 silly tarball no local data for @tanstack/virtual-core@https://registry.npmjs.org/@tanstack/virtual-core/-/virtual-core-3.17.7.tgz. Extracting by manifest.
1629 silly tarball no local data for react-aria@https://registry.npmjs.org/react-aria/-/react-aria-3.51.0.tgz. Extracting by manifest.
1630 silly tarball no local data for @react-types/shared@https://registry.npmjs.org/@react-types/shared/-/shared-3.36.1.tgz. Extracting by manifest.
1631 silly tarball no local data for @swc/helpers@https://registry.npmjs.org/@swc/helpers/-/helpers-0.5.23.tgz. Extracting by manifest.
1632 silly tarball no local data for @napi-rs/canvas-linux-x64-gnu@https://registry.npmjs.org/@napi-rs/canvas-linux-x64-gnu/-/canvas-linux-x64-gnu-0.1.100.tgz. Extracting by manifest.
1633 silly tarball no local data for use-sync-external-store@https://registry.npmjs.org/use-sync-external-store/-/use-sync-external-store-1.6.0.tgz. Extracting by manifest.
1634 silly tarball no local data for @react-aria/interactions@https://registry.npmjs.org/@react-aria/interactions/-/interactions-3.28.1.tgz. Extracting by manifest.
1635 silly tarball no local data for @tanstack/react-virtual@https://registry.npmjs.org/@tanstack/react-virtual/-/react-virtual-3.14.9.tgz. Extracting by manifest.
1636 silly tarball no local data for @react-aria/focus@https://registry.npmjs.org/@react-aria/focus/-/focus-3.22.1.tgz. Extracting by manifest.
1637 silly tarball no local data for @floating-ui/core@https://registry.npmjs.org/@floating-ui/core/-/core-1.8.0.tgz. Extracting by manifest.
1638 silly tarball no local data for tabbable@https://registry.npmjs.org/tabbable/-/tabbable-6.5.0.tgz. Extracting by manifest.
1639 silly tarball no local data for @floating-ui/dom@https://registry.npmjs.org/@floating-ui/dom/-/dom-1.8.0.tgz. Extracting by manifest.
1640 silly tarball no local data for @floating-ui/utils@https://registry.npmjs.org/@floating-ui/utils/-/utils-0.2.12.tgz. Extracting by manifest.
1641 silly tarball no local data for @floating-ui/react-dom@https://registry.npmjs.org/@floating-ui/react-dom/-/react-dom-2.1.9.tgz. Extracting by manifest.
1642 silly tarball no local data for tailwind-merge@https://registry.npmjs.org/tailwind-merge/-/tailwind-merge-3.6.0.tgz. Extracting by manifest.
1643 silly tarball no local data for marked@https://registry.npmjs.org/marked/-/marked-4.3.0.tgz. Extracting by manifest.
1644 silly tarball no local data for jotai@https://registry.npmjs.org/jotai/-/jotai-2.20.2.tgz. Extracting by manifest.
1645 silly tarball no local data for html-to-image@https://registry.npmjs.org/html-to-image/-/html-to-image-1.11.13.tgz. Extracting by manifest.
1646 silly tarball no local data for highlight.js@https://registry.npmjs.org/highlight.js/-/highlight.js-11.11.1.tgz. Extracting by manifest.
1647 silly tarball no local data for dompurify@https://registry.npmjs.org/dompurify/-/dompurify-3.4.13.tgz. Extracting by manifest.
1648 silly tarball no local data for clsx@https://registry.npmjs.org/clsx/-/clsx-2.1.1.tgz. Extracting by manifest.
1649 silly tarball no local data for color-string@https://registry.npmjs.org/color-string/-/color-string-2.1.4.tgz. Extracting by manifest.
1650 silly tarball no local data for antlr4@https://registry.npmjs.org/antlr4/-/antlr4-4.11.0.tgz. Extracting by manifest.
1651 silly tarball no local data for class-variance-authority@https://registry.npmjs.org/class-variance-authority/-/class-variance-authority-0.7.1.tgz. Extracting by manifest.
1652 silly tarball no local data for tailwindcss@https://registry.npmjs.org/tailwindcss/-/tailwindcss-4.3.3.tgz. Extracting by manifest.
1653 silly tarball no local data for @napi-rs/canvas@https://registry.npmjs.org/@napi-rs/canvas/-/canvas-0.1.100.tgz. Extracting by manifest.
1654 silly tarball no local data for @headlessui/react@https://registry.npmjs.org/@headlessui/react/-/react-2.2.10.tgz. Extracting by manifest.
1655 silly tarball no local data for @headlessui/tailwindcss@https://registry.npmjs.org/@headlessui/tailwindcss/-/tailwindcss-0.2.2.tgz. Extracting by manifest.
1656 silly tarball no local data for react-dom@https://registry.npmjs.org/react-dom/-/react-dom-19.2.8.tgz. Extracting by manifest.
1657 silly tarball no local data for react@https://registry.npmjs.org/react/-/react-19.2.8.tgz. Extracting by manifest.
1658 silly tarball no local data for @floating-ui/react@https://registry.npmjs.org/@floating-ui/react/-/react-0.27.20.tgz. Extracting by manifest.
1659 silly tarball no local data for @zenuml/core@https://registry.npmjs.org/@zenuml/core/-/core-3.50.1.tgz. Extracting by manifest.
1660 silly tarball no local data for elkjs@https://registry.npmjs.org/elkjs/-/elkjs-0.9.3.tgz. Extracting by manifest.
1661 silly tarball no local data for d3@https://registry.npmjs.org/d3/-/d3-7.9.0.tgz. Extracting by manifest.
1662 silly tarball no local data for import-meta-resolve@https://registry.npmjs.org/import-meta-resolve/-/import-meta-resolve-4.2.0.tgz. Extracting by manifest.
1663 silly tarball no local data for katex@https://registry.npmjs.org/katex/-/katex-0.16.47.tgz. Extracting by manifest.
1664 silly tarball no local data for commander@https://registry.npmjs.org/commander/-/commander-13.1.0.tgz. Extracting by manifest.
1665 silly tarball no local data for mermaid@https://registry.npmjs.org/mermaid/-/mermaid-11.16.1.tgz. Extracting by manifest.
1666 silly tarball no local data for @mermaid-js/mermaid-zenuml@https://registry.npmjs.org/@mermaid-js/mermaid-zenuml/-/mermaid-zenuml-0.2.3.tgz. Extracting by manifest.
1667 silly tarball no local data for @mermaid-js/layout-tidy-tree@https://registry.npmjs.org/@mermaid-js/layout-tidy-tree/-/layout-tidy-tree-0.2.2.tgz. Extracting by manifest.
1668 silly tarball no local data for puppeteer@https://registry.npmjs.org/puppeteer/-/puppeteer-25.5.0.tgz. Extracting by manifest.
1669 silly tarball no local data for @fortawesome/fontawesome-free@https://registry.npmjs.org/@fortawesome/fontawesome-free/-/fontawesome-free-7.3.1.tgz. Extracting by manifest.
1670 silly tarball no local data for @mermaid-js/layout-elk@https://registry.npmjs.org/@mermaid-js/layout-elk/-/layout-elk-0.2.2.tgz. Extracting by manifest.
1671 silly tarball no local data for @mermaid-js/mermaid-cli@https://registry.npmjs.org/@mermaid-js/mermaid-cli/-/mermaid-cli-11.16.0.tgz. Extracting by manifest.
1672 silly tarball no local data for emoji-regex@https://registry.npmjs.org/emoji-regex/-/emoji-regex-10.6.0.tgz. Extracting by manifest.
1673 silly tarball no local data for wrap-ansi@https://registry.npmjs.org/wrap-ansi/-/wrap-ansi-9.0.2.tgz. Extracting by manifest.
1674 silly tarball no local data for ansi-regex@https://registry.npmjs.org/ansi-regex/-/ansi-regex-6.2.2.tgz. Extracting by manifest.
1675 silly tarball no local data for string-width@https://registry.npmjs.org/string-width/-/string-width-7.2.0.tgz. Extracting by manifest.
1676 silly tarball no local data for strip-ansi@https://registry.npmjs.org/strip-ansi/-/strip-ansi-7.2.0.tgz. Extracting by manifest.
1677 silly tarball no local data for yargs-parser@https://registry.npmjs.org/yargs-parser/-/yargs-parser-22.0.0.tgz. Extracting by manifest.
1678 silly tarball no local data for ansi-styles@https://registry.npmjs.org/ansi-styles/-/ansi-styles-6.2.3.tgz. Extracting by manifest.
1679 silly tarball no local data for string-width@https://registry.npmjs.org/string-width/-/string-width-8.2.2.tgz. Extracting by manifest.
1680 silly tarball no local data for cliui@https://registry.npmjs.org/cliui/-/cliui-9.0.1.tgz. Extracting by manifest.
1681 silly tarball no local data for yargs@https://registry.npmjs.org/yargs/-/yargs-18.1.0.tgz. Extracting by manifest.
1682 silly tarball no local data for string-width@https://registry.npmjs.org/string-width/-/string-width-7.2.0.tgz. Extracting by manifest.
1683 silly tarball no local data for d3-path@https://registry.npmjs.org/d3-path/-/d3-path-1.0.9.tgz. Extracting by manifest.
1684 silly tarball no local data for internmap@https://registry.npmjs.org/internmap/-/internmap-1.0.1.tgz. Extracting by manifest.
1685 silly tarball no local data for d3-shape@https://registry.npmjs.org/d3-shape/-/d3-shape-1.3.7.tgz. Extracting by manifest.
1686 silly tarball no local data for d3-array@https://registry.npmjs.org/d3-array/-/d3-array-2.12.1.tgz. Extracting by manifest.
1687 silly tarball no local data for layout-base@https://registry.npmjs.org/layout-base/-/layout-base-2.0.1.tgz. Extracting by manifest.
1688 silly tarball no local data for commander@https://registry.npmjs.org/commander/-/commander-7.2.0.tgz. Extracting by manifest.
1689 silly tarball no local data for cose-base@https://registry.npmjs.org/cose-base/-/cose-base-2.2.0.tgz. Extracting by manifest.
1690 silly tarball no local data for color-name@https://registry.npmjs.org/color-name/-/color-name-2.1.1.tgz. Extracting by manifest.
1691 silly tarball no local data for @floating-ui/react@https://registry.npmjs.org/@floating-ui/react/-/react-0.26.28.tgz. Extracting by manifest.
1692 silly tarball no local data for commander@https://registry.npmjs.org/commander/-/commander-8.3.0.tgz. Extracting by manifest.
1693 silly tarball no local data for yocto-queue@https://registry.npmjs.org/yocto-queue/-/yocto-queue-1.2.2.tgz. Extracting by manifest.
1694 silly tarball no local data for marked@https://registry.npmjs.org/marked/-/marked-16.4.2.tgz. Extracting by manifest.
1695 silly tarball no local data for p-limit@https://registry.npmjs.org/p-limit/-/p-limit-6.2.0.tgz. Extracting by manifest.
1696 silly tarball no local data for chalk@https://registry.npmjs.org/chalk/-/chalk-5.6.2.tgz. Extracting by manifest.
1697 http fetch POST 200 https://registry.npmjs.org/-/npm/v1/security/advisories/bulk 281ms
1698 silly audit report {}
1699 http fetch GET 200 https://registry.npmjs.org/aria-hidden/-/aria-hidden-1.2.6.tgz 865ms (cache miss)
1700 http fetch GET 200 https://registry.npmjs.org/points-on-curve/-/points-on-curve-0.2.0.tgz 905ms (cache miss)
1701 http fetch GET 200 https://registry.npmjs.org/points-on-path/-/points-on-path-0.2.1.tgz 1049ms (cache miss)
1702 http fetch GET 200 https://registry.npmjs.org/path-data-parser/-/path-data-parser-0.1.0.tgz 1068ms (cache miss)
1703 http fetch GET 200 https://registry.npmjs.org/modern-tar/-/modern-tar-0.7.7.tgz 1065ms (cache miss)
1704 http fetch GET 200 https://registry.npmjs.org/@internationalized/string/-/string-3.2.10.tgz 1082ms (cache miss)
1705 http fetch GET 200 https://registry.npmjs.org/hachure-fill/-/hachure-fill-0.5.2.tgz 1117ms (cache miss)
1706 http fetch GET 200 https://registry.npmjs.org/@internationalized/number/-/number-3.6.7.tgz 1215ms (cache miss)
1707 http fetch GET 200 https://registry.npmjs.org/lilconfig/-/lilconfig-3.1.3.tgz 1413ms (cache miss)
1708 http fetch GET 200 https://registry.npmjs.org/scheduler/-/scheduler-0.27.0.tgz 1418ms (cache miss)
1709 http fetch GET 200 https://registry.npmjs.org/@internationalized/date/-/date-3.12.3.tgz 1672ms (cache miss)
1710 http fetch GET 200 https://registry.npmjs.org/get-east-asian-width/-/get-east-asian-width-1.6.0.tgz 1690ms (cache miss)
1711 http fetch GET 200 https://registry.npmjs.org/mitt/-/mitt-3.0.1.tgz 1714ms (cache miss)
1712 http fetch GET 200 https://registry.npmjs.org/webdriver-bidi-protocol/-/webdriver-bidi-protocol-0.4.2.tgz 1742ms (cache miss)
1713 http fetch GET 200 https://registry.npmjs.org/@types/geojson/-/geojson-7946.0.16.tgz 1864ms (cache miss)
1714 http fetch GET 200 https://registry.npmjs.org/@types/d3-zoom/-/d3-zoom-3.0.8.tgz 1886ms (cache miss)
1715 http fetch GET 200 https://registry.npmjs.org/@types/d3-timer/-/d3-timer-3.0.2.tgz 1904ms (cache miss)
1716 http fetch GET 200 https://registry.npmjs.org/typed-query-selector/-/typed-query-selector-2.12.2.tgz 1914ms (cache miss)
1717 http fetch GET 200 https://registry.npmjs.org/@puppeteer/browsers/-/browsers-3.1.0.tgz 2041ms (cache miss)
1718 http fetch GET 200 https://registry.npmjs.org/@types/d3-transition/-/d3-transition-3.0.9.tgz 2073ms (cache miss)
1719 http fetch GET 200 https://registry.npmjs.org/ws/-/ws-8.21.3.tgz 2112ms (cache miss)
1720 http fetch GET 200 https://registry.npmjs.org/@types/d3-scale-chromatic/-/d3-scale-chromatic-3.1.0.tgz 2115ms (cache miss)
1721 http fetch GET 200 https://registry.npmjs.org/@types/d3-time/-/d3-time-3.0.4.tgz 2267ms (cache miss)
1722 http fetch GET 200 https://registry.npmjs.org/@types/d3-quadtree/-/d3-quadtree-3.0.6.tgz 2278ms (cache miss)
1723 http fetch GET 200 https://registry.npmjs.org/@types/d3-shape/-/d3-shape-3.1.8.tgz 2285ms (cache miss)
1724 http fetch GET 200 https://registry.npmjs.org/@types/d3-polygon/-/d3-polygon-3.0.2.tgz 2321ms (cache miss)
1725 http fetch GET 200 https://registry.npmjs.org/@types/d3-scale/-/d3-scale-4.0.9.tgz 2452ms (cache miss)
1726 http fetch GET 200 https://registry.npmjs.org/@types/d3-path/-/d3-path-3.1.1.tgz 2472ms (cache miss)
1727 http fetch GET 200 https://registry.npmjs.org/@types/d3-interpolate/-/d3-interpolate-3.0.4.tgz 2489ms (cache miss)
1728 http fetch GET 200 https://registry.npmjs.org/@types/d3-hierarchy/-/d3-hierarchy-3.1.7.tgz 2532ms (cache miss)
1729 http fetch GET 200 https://registry.npmjs.org/@types/d3-random/-/d3-random-3.0.4.tgz 2539ms (cache miss)
1730 http fetch GET 200 https://registry.npmjs.org/lodash-es/-/lodash-es-4.18.1.tgz 2582ms (cache miss)
1731 http fetch GET 200 https://registry.npmjs.org/@types/d3-selection/-/d3-selection-3.0.11.tgz 2637ms (cache miss)
1732 http fetch GET 200 https://registry.npmjs.org/@types/d3-fetch/-/d3-fetch-3.0.7.tgz 2673ms (cache miss)
1733 http fetch GET 200 https://registry.npmjs.org/@types/d3-geo/-/d3-geo-3.1.1.tgz 2683ms (cache miss)
1734 http fetch GET 200 https://registry.npmjs.org/@types/d3-time-format/-/d3-time-format-4.0.3.tgz 2752ms (cache miss)
1735 http fetch GET 200 https://registry.npmjs.org/@types/d3-dispatch/-/d3-dispatch-3.0.7.tgz 2831ms (cache miss)
1736 http fetch GET 200 https://registry.npmjs.org/@types/d3-force/-/d3-force-3.0.10.tgz 2888ms (cache miss)
1737 http fetch GET 200 https://registry.npmjs.org/devtools-protocol/-/devtools-protocol-0.0.1653615.tgz 2909ms (cache miss)
1738 http fetch GET 200 https://registry.npmjs.org/layout-base/-/layout-base-1.0.2.tgz 2946ms (cache miss)
1739 http fetch GET 200 https://registry.npmjs.org/@types/d3-dsv/-/d3-dsv-3.0.7.tgz 2979ms (cache miss)
1740 http fetch GET 200 https://registry.npmjs.org/@types/d3-chord/-/d3-chord-3.0.6.tgz 3022ms (cache miss)
1741 http fetch GET 200 https://registry.npmjs.org/@types/d3-drag/-/d3-drag-3.0.7.tgz 3091ms (cache miss)
1742 http fetch GET 200 https://registry.npmjs.org/@types/d3-color/-/d3-color-3.1.3.tgz 3089ms (cache miss)
1743 http fetch GET 200 https://registry.npmjs.org/@types/d3-brush/-/d3-brush-3.0.6.tgz 3103ms (cache miss)
1744 http fetch GET 200 https://registry.npmjs.org/package-manager-detector/-/package-manager-detector-1.8.0.tgz 3291ms (cache miss)
1745 http fetch GET 200 https://registry.npmjs.org/@types/d3-delaunay/-/d3-delaunay-6.0.4.tgz 3332ms (cache miss)
1746 http fetch GET 200 https://registry.npmjs.org/@iconify/types/-/types-2.0.0.tgz 3332ms (cache miss)
1747 http fetch GET 200 https://registry.npmjs.org/@types/d3-ease/-/d3-ease-3.0.2.tgz 3366ms (cache miss)
1748 http fetch GET 200 https://registry.npmjs.org/@types/d3-format/-/d3-format-3.0.4.tgz 3369ms (cache miss)
1749 http fetch GET 200 https://registry.npmjs.org/tinyexec/-/tinyexec-1.3.0.tgz 3375ms (cache miss)
1750 http fetch GET 200 https://registry.npmjs.org/cose-base/-/cose-base-1.0.3.tgz 3509ms (cache miss)
1751 http fetch GET 200 https://registry.npmjs.org/@antfu/install-pkg/-/install-pkg-1.1.0.tgz 3512ms (cache miss)
1752 http fetch GET 200 https://registry.npmjs.org/@chevrotain/types/-/types-11.1.2.tgz 3650ms (cache miss)
1753 http fetch GET 200 https://registry.npmjs.org/uuid/-/uuid-14.0.1.tgz 3776ms (cache miss)
1754 http fetch GET 200 https://registry.npmjs.org/roughjs/-/roughjs-4.6.6.tgz 3776ms (cache miss)
1755 http fetch GET 200 https://registry.npmjs.org/ts-dedent/-/ts-dedent-2.3.0.tgz 3787ms (cache miss)
1756 http fetch GET 200 https://registry.npmjs.org/stylis/-/stylis-4.4.0.tgz 3886ms (cache miss)
1757 http fetch GET 200 https://registry.npmjs.org/khroma/-/khroma-2.1.0.tgz 3988ms (cache miss)
1758 http fetch GET 200 https://registry.npmjs.org/@types/d3-contour/-/d3-contour-3.0.6.tgz 4075ms (cache miss)
1759 http fetch GET 200 https://registry.npmjs.org/cytoscape-cose-bilkent/-/cytoscape-cose-bilkent-4.1.0.tgz 4095ms (cache miss)
1760 http fetch GET 200 https://registry.npmjs.org/dayjs/-/dayjs-1.11.21.tgz 4273ms (cache miss)
1761 http fetch GET 200 https://registry.npmjs.org/dagre-d3-es/-/dagre-d3-es-7.0.14.tgz 4272ms (cache miss)
1762 http fetch GET 200 https://registry.npmjs.org/d3-sankey/-/d3-sankey-0.12.3.tgz 4542ms (cache miss)
1763 http fetch GET 200 https://registry.npmjs.org/@types/d3-array/-/d3-array-3.2.2.tgz 4609ms (cache miss)
1764 http fetch GET 200 https://registry.npmjs.org/@braintree/sanitize-url/-/sanitize-url-7.1.2.tgz 4698ms (cache miss)
1765 http fetch GET 200 https://registry.npmjs.org/@types/d3/-/d3-7.4.3.tgz 4710ms (cache miss)
1766 http fetch GET 200 https://registry.npmjs.org/safer-buffer/-/safer-buffer-2.1.2.tgz 4740ms (cache miss)
1767 http fetch GET 200 https://registry.npmjs.org/react-stately/-/react-stately-3.49.0.tgz 4942ms (cache miss)
1768 http fetch GET 200 https://registry.npmjs.org/@types/d3-axis/-/d3-axis-3.0.6.tgz 5002ms (cache miss)
1769 http fetch GET 200 https://registry.npmjs.org/robust-predicates/-/robust-predicates-3.0.3.tgz 5096ms (cache miss)
1770 http fetch GET 200 https://registry.npmjs.org/es-toolkit/-/es-toolkit-1.50.0.tgz 5257ms (cache miss)
1771 http fetch GET 200 https://registry.npmjs.org/d3-transition/-/d3-transition-3.0.1.tgz 5386ms (cache miss)
1772 http fetch GET 200 https://registry.npmjs.org/@types/trusted-types/-/trusted-types-2.0.7.tgz 5419ms (cache miss)
1773 http fetch GET 200 https://registry.npmjs.org/delaunator/-/delaunator-5.1.0.tgz 5424ms (cache miss)
1774 http fetch GET 200 https://registry.npmjs.org/d3-timer/-/d3-timer-3.0.1.tgz 5583ms (cache miss)
1775 http fetch GET 200 https://registry.npmjs.org/rw/-/rw-1.3.3.tgz 5588ms (cache miss)
1776 http fetch GET 200 https://registry.npmjs.org/@upsetjs/venn.js/-/venn.js-2.0.0.tgz 5605ms (cache miss)
1777 http fetch GET 200 https://registry.npmjs.org/d3-zoom/-/d3-zoom-3.0.0.tgz 5639ms (cache miss)
1778 http fetch GET 200 https://registry.npmjs.org/cytoscape/-/cytoscape-3.34.0.tgz 5818ms (cache miss)
1779 http fetch GET 200 https://registry.npmjs.org/iconv-lite/-/iconv-lite-0.6.3.tgz 5889ms (cache miss)
1780 http fetch GET 200 https://registry.npmjs.org/d3-selection/-/d3-selection-3.0.0.tgz 5984ms (cache miss)
1781 http fetch GET 200 https://registry.npmjs.org/d3-random/-/d3-random-3.0.1.tgz 5987ms (cache miss)
1782 http fetch GET 200 https://registry.npmjs.org/d3-time/-/d3-time-3.1.0.tgz 5999ms (cache miss)
1783 http fetch GET 200 https://registry.npmjs.org/@iconify/utils/-/utils-3.1.4.tgz 6011ms (cache miss)
1784 http fetch GET 200 https://registry.npmjs.org/d3-path/-/d3-path-3.1.0.tgz 6185ms (cache miss)
1785 http fetch GET 200 https://registry.npmjs.org/d3-scale/-/d3-scale-4.0.2.tgz 6256ms (cache miss)
1786 http fetch GET 200 https://registry.npmjs.org/chromium-bidi/-/chromium-bidi-17.0.2.tgz 6311ms (cache miss)
1787 http fetch GET 200 https://registry.npmjs.org/d3-quadtree/-/d3-quadtree-3.0.1.tgz 6331ms (cache miss)
1788 http fetch GET 200 https://registry.npmjs.org/@mermaid-js/parser/-/parser-1.2.0.tgz 6391ms (cache miss)
1789 http fetch GET 200 https://registry.npmjs.org/d3-polygon/-/d3-polygon-3.0.1.tgz 6418ms (cache miss)
1790 http fetch GET 200 https://registry.npmjs.org/d3-time-format/-/d3-time-format-4.1.0.tgz 6451ms (cache miss)
1791 http fetch GET 200 https://registry.npmjs.org/d3-fetch/-/d3-fetch-3.0.1.tgz 6533ms (cache miss)
1792 http fetch GET 200 https://registry.npmjs.org/d3-interpolate/-/d3-interpolate-3.0.1.tgz 6535ms (cache miss)
1793 http fetch GET 200 https://registry.npmjs.org/d3-ease/-/d3-ease-3.0.1.tgz 6578ms (cache miss)
1794 http fetch GET 200 https://registry.npmjs.org/internmap/-/internmap-2.0.3.tgz 6589ms (cache miss)
1795 http fetch GET 200 https://registry.npmjs.org/d3-drag/-/d3-drag-3.0.0.tgz 6622ms (cache miss)
1796 http fetch GET 200 https://registry.npmjs.org/d3-hierarchy/-/d3-hierarchy-3.1.2.tgz 6636ms (cache miss)
1797 http fetch GET 200 https://registry.npmjs.org/d3-force/-/d3-force-3.0.0.tgz 6688ms (cache miss)
1798 http fetch GET 200 https://registry.npmjs.org/d3-geo/-/d3-geo-3.1.1.tgz 6768ms (cache miss)
1799 http fetch GET 200 https://registry.npmjs.org/d3-format/-/d3-format-3.1.2.tgz 6830ms (cache miss)
1800 http fetch GET 200 https://registry.npmjs.org/d3-color/-/d3-color-3.1.0.tgz 6827ms (cache miss)
1801 http fetch GET 200 https://registry.npmjs.org/d3-axis/-/d3-axis-3.0.0.tgz 6909ms (cache miss)
1802 http fetch GET 200 https://registry.npmjs.org/d3-chord/-/d3-chord-3.0.1.tgz 6953ms (cache miss)
1803 http fetch GET 200 https://registry.npmjs.org/d3-dispatch/-/d3-dispatch-3.0.1.tgz 7302ms (cache miss)
1804 http fetch GET 200 https://registry.npmjs.org/tslib/-/tslib-2.8.1.tgz 7300ms (cache miss)
1805 http fetch GET 200 https://registry.npmjs.org/d3-delaunay/-/d3-delaunay-6.0.4.tgz 7316ms (cache miss)
1806 http fetch GET 200 https://registry.npmjs.org/@react-types/shared/-/shared-3.36.1.tgz 7400ms (cache miss)
1807 http fetch GET 200 https://registry.npmjs.org/d3-contour/-/d3-contour-4.0.2.tgz 7405ms (cache miss)
1808 http fetch GET 200 https://registry.npmjs.org/d3-scale-chromatic/-/d3-scale-chromatic-3.1.0.tgz 7427ms (cache miss)
1809 http fetch GET 200 https://registry.npmjs.org/@tanstack/virtual-core/-/virtual-core-3.17.7.tgz 7423ms (cache miss)
1810 http fetch GET 200 https://registry.npmjs.org/d3-dsv/-/d3-dsv-3.0.1.tgz 7443ms (cache miss)
1811 http fetch GET 200 https://registry.npmjs.org/use-sync-external-store/-/use-sync-external-store-1.6.0.tgz 7505ms (cache miss)
1812 http fetch GET 200 https://registry.npmjs.org/@tanstack/react-virtual/-/react-virtual-3.14.9.tgz 7647ms (cache miss)
1813 http fetch GET 200 https://registry.npmjs.org/d3-array/-/d3-array-3.2.4.tgz 7852ms (cache miss)
1814 http fetch GET 200 https://registry.npmjs.org/@react-aria/focus/-/focus-3.22.1.tgz 7853ms (cache miss)
1815 http fetch GET 200 https://registry.npmjs.org/@floating-ui/core/-/core-1.8.0.tgz 7914ms (cache miss)
1816 http fetch GET 200 https://registry.npmjs.org/@react-aria/interactions/-/interactions-3.28.1.tgz 8182ms (cache miss)
1817 http fetch GET 200 https://registry.npmjs.org/@swc/helpers/-/helpers-0.5.23.tgz 8228ms (cache miss)
1818 http fetch GET 200 https://registry.npmjs.org/@floating-ui/utils/-/utils-0.2.12.tgz 8272ms (cache miss)
1819 http fetch GET 200 https://registry.npmjs.org/d3-brush/-/d3-brush-3.0.0.tgz 8368ms (cache miss)
1820 http fetch GET 200 https://registry.npmjs.org/puppeteer-core/-/puppeteer-core-25.5.0.tgz 8410ms (cache miss)
1821 http fetch GET 200 https://registry.npmjs.org/@floating-ui/react-dom/-/react-dom-2.1.9.tgz 8385ms (cache miss)
1822 http fetch GET 200 https://registry.npmjs.org/@floating-ui/dom/-/dom-1.8.0.tgz 8493ms (cache miss)
1823 http fetch GET 200 https://registry.npmjs.org/color-string/-/color-string-2.1.4.tgz 8680ms (cache miss)
1824 http fetch GET 200 https://registry.npmjs.org/marked/-/marked-4.3.0.tgz 8720ms (cache miss)
1825 http fetch GET 200 https://registry.npmjs.org/clsx/-/clsx-2.1.1.tgz 8922ms (cache miss)
1826 http fetch GET 200 https://registry.npmjs.org/class-variance-authority/-/class-variance-authority-0.7.1.tgz 9011ms (cache miss)
1827 http fetch GET 200 https://registry.npmjs.org/html-to-image/-/html-to-image-1.11.13.tgz 9237ms (cache miss)
1828 http fetch GET 200 https://registry.npmjs.org/antlr4/-/antlr4-4.11.0.tgz 9280ms (cache miss)
1829 http fetch GET 200 https://registry.npmjs.org/highlight.js/-/highlight.js-11.11.1.tgz 9337ms (cache miss)
1830 http fetch GET 200 https://registry.npmjs.org/d3-shape/-/d3-shape-3.2.0.tgz 9417ms (cache miss)
1831 http fetch GET 200 https://registry.npmjs.org/@headlessui/tailwindcss/-/tailwindcss-0.2.2.tgz 9472ms (cache miss)
1832 http fetch GET 200 https://registry.npmjs.org/@napi-rs/canvas/-/canvas-0.1.100.tgz 9526ms (cache miss)
1833 http fetch GET 200 https://registry.npmjs.org/tailwindcss/-/tailwindcss-4.3.3.tgz 9601ms (cache miss)
1834 http fetch GET 200 https://registry.npmjs.org/react/-/react-19.2.8.tgz 9641ms (cache miss)
1835 http fetch GET 200 https://registry.npmjs.org/jotai/-/jotai-2.20.2.tgz 9820ms (cache miss)
1836 http fetch GET 200 https://registry.npmjs.org/tabbable/-/tabbable-6.5.0.tgz 9982ms (cache miss)
1837 http fetch GET 200 https://registry.npmjs.org/import-meta-resolve/-/import-meta-resolve-4.2.0.tgz 10190ms (cache miss)
1838 http fetch GET 200 https://registry.npmjs.org/d3/-/d3-7.9.0.tgz 10562ms (cache miss)
1839 http fetch GET 200 https://registry.npmjs.org/tailwind-merge/-/tailwind-merge-3.6.0.tgz 10612ms (cache miss)
1840 http fetch GET 200 https://registry.npmjs.org/react-dom/-/react-dom-19.2.8.tgz 10674ms (cache miss)
1841 http fetch GET 200 https://registry.npmjs.org/dompurify/-/dompurify-3.4.13.tgz 10927ms (cache miss)
1842 http fetch GET 200 https://registry.npmjs.org/puppeteer/-/puppeteer-25.5.0.tgz 11267ms (cache miss)
1843 http fetch GET 200 https://registry.npmjs.org/commander/-/commander-13.1.0.tgz 11698ms (cache miss)
1844 http fetch GET 200 https://registry.npmjs.org/@mermaid-js/mermaid-cli/-/mermaid-cli-11.16.0.tgz 12178ms (cache miss)
1845 http fetch GET 200 https://registry.npmjs.org/@mermaid-js/layout-tidy-tree/-/layout-tidy-tree-0.2.2.tgz 12374ms (cache miss)
1846 http fetch GET 200 https://registry.npmjs.org/emoji-regex/-/emoji-regex-10.6.0.tgz 12451ms (cache miss)
1847 http fetch GET 200 https://registry.npmjs.org/ansi-regex/-/ansi-regex-6.2.2.tgz 13216ms (cache miss)
1848 http fetch GET 200 https://registry.npmjs.org/wrap-ansi/-/wrap-ansi-9.0.2.tgz 13531ms (cache miss)
1849 http fetch GET 200 https://registry.npmjs.org/strip-ansi/-/strip-ansi-7.2.0.tgz 13744ms (cache miss)
1850 http fetch GET 200 https://registry.npmjs.org/string-width/-/string-width-7.2.0.tgz 13983ms (cache miss)
1851 http fetch GET 200 https://registry.npmjs.org/ansi-styles/-/ansi-styles-6.2.3.tgz 14390ms (cache miss)
1852 http fetch GET 200 https://registry.npmjs.org/yargs-parser/-/yargs-parser-22.0.0.tgz 14463ms (cache miss)
1853 http fetch GET 200 https://registry.npmjs.org/string-width/-/string-width-8.2.2.tgz 14637ms (cache miss)
1854 http fetch GET 200 https://registry.npmjs.org/@headlessui/react/-/react-2.2.10.tgz 14856ms (cache miss)
1855 http fetch GET 200 https://registry.npmjs.org/string-width/-/string-width-7.2.0.tgz 15052ms (cache miss)
1856 http fetch GET 200 https://registry.npmjs.org/cliui/-/cliui-9.0.1.tgz 15446ms (cache miss)
1857 http fetch GET 200 https://registry.npmjs.org/d3-path/-/d3-path-1.0.9.tgz 15582ms (cache miss)
1858 http fetch GET 200 https://registry.npmjs.org/internmap/-/internmap-1.0.1.tgz 15690ms (cache miss)
1859 http fetch GET 200 https://registry.npmjs.org/@mermaid-js/layout-elk/-/layout-elk-0.2.2.tgz 15742ms (cache miss)
1860 http fetch GET 200 https://registry.npmjs.org/yargs/-/yargs-18.1.0.tgz 15867ms (cache miss)
1861 http fetch GET 200 https://registry.npmjs.org/d3-array/-/d3-array-2.12.1.tgz 16604ms (cache miss)
1862 http fetch GET 200 https://registry.npmjs.org/d3-shape/-/d3-shape-1.3.7.tgz 16751ms (cache miss)
1863 http fetch GET 200 https://registry.npmjs.org/commander/-/commander-7.2.0.tgz 16791ms (cache miss)
1864 http fetch GET 200 https://registry.npmjs.org/layout-base/-/layout-base-2.0.1.tgz 16819ms (cache miss)
1865 http fetch GET 200 https://registry.npmjs.org/color-name/-/color-name-2.1.1.tgz 16960ms (cache miss)
1866 http fetch GET 200 https://registry.npmjs.org/yocto-queue/-/yocto-queue-1.2.2.tgz 17164ms (cache miss)
1867 http fetch GET 200 https://registry.npmjs.org/cose-base/-/cose-base-2.2.0.tgz 17516ms (cache miss)
1868 http fetch GET 200 https://registry.npmjs.org/p-limit/-/p-limit-6.2.0.tgz 17753ms (cache miss)
1869 http fetch GET 200 https://registry.npmjs.org/commander/-/commander-8.3.0.tgz 17863ms (cache miss)
1870 http fetch GET 200 https://registry.npmjs.org/chalk/-/chalk-5.6.2.tgz 18261ms (cache miss)
1871 http fetch GET 200 https://registry.npmjs.org/marked/-/marked-16.4.2.tgz 18708ms (cache miss)
1872 http fetch GET 200 https://registry.npmjs.org/@floating-ui/react/-/react-0.26.28.tgz 19842ms (cache miss)
1873 http fetch GET 200 https://registry.npmjs.org/elkjs/-/elkjs-0.9.3.tgz 19866ms (cache miss)
1874 http fetch GET 200 https://registry.npmjs.org/@floating-ui/react/-/react-0.27.20.tgz 19891ms (cache miss)
1875 http fetch GET 200 https://registry.npmjs.org/katex/-/katex-0.16.47.tgz 21972ms (cache miss)
1876 http fetch GET 200 https://registry.npmjs.org/react-aria/-/react-aria-3.51.0.tgz 23207ms (cache miss)
1877 http fetch GET 200 https://registry.npmjs.org/@mermaid-js/mermaid-zenuml/-/mermaid-zenuml-0.2.3.tgz 26116ms (cache miss)
1878 http fetch GET 200 https://registry.npmjs.org/@fortawesome/fontawesome-free/-/fontawesome-free-7.3.1.tgz 37222ms (cache miss)
1879 http fetch GET 200 https://registry.npmjs.org/zod/-/zod-3.25.76.tgz 38319ms (cache miss)
1880 http fetch GET 200 https://registry.npmjs.org/cytoscape-fcose/-/cytoscape-fcose-2.2.0.tgz 39276ms (cache miss)
1881 http fetch GET 200 https://registry.npmjs.org/@zenuml/core/-/core-3.50.1.tgz 50194ms (cache miss)
1882 http fetch GET 200 https://registry.npmjs.org/@napi-rs/canvas-linux-x64-gnu/-/canvas-linux-x64-gnu-0.1.100.tgz 65352ms (cache miss)
1883 http fetch GET 200 https://registry.npmjs.org/mermaid/-/mermaid-11.16.1.tgz 103243ms (cache miss)
1884 info run puppeteer@25.5.0 postinstall node_modules/puppeteer node install.mjs
1885 info run puppeteer@25.5.0 postinstall { code: 1, signal: null }
1886 verbose stack Error: command failed
1886 verbose stack     at promiseSpawn (/usr/local/lib/node_modules/npm/node_modules/@npmcli/promise-spawn/lib/index.js:22:22)
1886 verbose stack     at spawnWithShell (/usr/local/lib/node_modules/npm/node_modules/@npmcli/promise-spawn/lib/index.js:124:10)
1886 verbose stack     at promiseSpawn (/usr/local/lib/node_modules/npm/node_modules/@npmcli/promise-spawn/lib/index.js:12:12)
1886 verbose stack     at runScriptPkg (/usr/local/lib/node_modules/npm/node_modules/@npmcli/run-script/lib/run-script-pkg.js:77:13)
1886 verbose stack     at runScript (/usr/local/lib/node_modules/npm/node_modules/@npmcli/run-script/lib/run-script.js:9:12)
1886 verbose stack     at /usr/local/lib/node_modules/npm/node_modules/@npmcli/arborist/lib/arborist/rebuild.js:329:17
1886 verbose stack     at run (/usr/local/lib/node_modules/npm/node_modules/promise-call-limit/dist/commonjs/index.js:67:22)
1886 verbose stack     at /usr/local/lib/node_modules/npm/node_modules/promise-call-limit/dist/commonjs/index.js:84:9
1886 verbose stack     at new Promise (<anonymous>)
1886 verbose stack     at callLimit (/usr/local/lib/node_modules/npm/node_modules/promise-call-limit/dist/commonjs/index.js:35:69)
1887 verbose pkgid puppeteer@25.5.0
1888 error code 1
1889 error path /workspace/wt-b19c772504/node_modules/puppeteer
1890 error command failed
1891 error command sh -c node install.mjs
1892 error **INFO** Skipping Firefox download as instructed.
1893 error Error: ERROR: Failed to set up chrome v151.0.7922.71! Set "PUPPETEER_SKIP_DOWNLOAD" env variable to skip download.
1893 error     at downloadBrowser (file:///workspace/wt-b19c772504/node_modules/puppeteer/lib/puppeteer/node/install.js:26:15)
1893 error     at async Promise.allSettled (index 0)
1893 error     at async downloadBrowsers (file:///workspace/wt-b19c772504/node_modules/puppeteer/lib/puppeteer/node/install.js:83:21) {
1893 error   [cause]: Error: All providers failed for chrome 151.0.7922.71:
1893 error     - DefaultProvider: ENOENT: no such file or directory, mkdir '/home/sandbox/.cache'
1893 error       at installWithProviders (file:///workspace/wt-b19c772504/node_modules/@puppeteer/browsers/lib/install.js:108:11)
1893 error       at async install (file:///workspace/wt-b19c772504/node_modules/@puppeteer/browsers/lib/install.js:119:12)
1893 error       at async downloadBrowser (file:///workspace/wt-b19c772504/node_modules/puppeteer/lib/puppeteer/node/install.js:14:24)
1893 error       at async Promise.allSettled (index 0)
1893 error       at async downloadBrowsers (file:///workspace/wt-b19c772504/node_modules/puppeteer/lib/puppeteer/node/install.js:83:21)
1893 error }
1893 error Error: ERROR: Failed to set up chrome-headless-shell v151.0.7922.71! Set "PUPPETEER_SKIP_DOWNLOAD" env variable to skip download.
1893 error     at downloadBrowser (file:///workspace/wt-b19c772504/node_modules/puppeteer/lib/puppeteer/node/install.js:26:15)
1893 error     at async Promise.allSettled (index 1)
1893 error     at async downloadBrowsers (file:///workspace/wt-b19c772504/node_modules/puppeteer/lib/puppeteer/node/install.js:83:21) {
1893 error   [cause]: Error: All providers failed for chrome-headless-shell 151.0.7922.71:
1893 error     - DefaultProvider: ENOENT: no such file or directory, mkdir '/home/sandbox/.cache'
1893 error       at installWithProviders (file:///workspace/wt-b19c772504/node_modules/@puppeteer/browsers/lib/install.js:108:11)
1893 error       at async install (file:///workspace/wt-b19c772504/node_modules/@puppeteer/browsers/lib/install.js:119:12)
1893 error       at async downloadBrowser (file:///workspace/wt-b19c772504/node_modules/puppeteer/lib/puppeteer/node/install.js:14:24)
1893 error       at async Promise.allSettled (index 1)
1893 error       at async downloadBrowsers (file:///workspace/wt-b19c772504/node_modules/puppeteer/lib/puppeteer/node/install.js:83:21)
1893 error }
1894 silly unfinished npm timer reify 1786169168170
1895 silly unfinished npm timer reify:build 1786169648042
1896 silly unfinished npm timer build 1786169648043
1897 silly unfinished npm timer build:deps 1786169648043
1898 silly unfinished npm timer build:run:postinstall 1786169648051
1899 silly unfinished npm timer build:run:postinstall:node_modules/puppeteer 1786169648051
1900 verbose cwd /workspace/wt-b19c772504
1901 verbose os Linux 5.15.0-177-generic
1902 verbose node v22.14.0
1903 verbose npm  v10.9.2
1904 verbose exit 1
1905 verbose code 1
1906 error A complete log of this run can be found in: /workspace/wt-b19c772504/.npm-cache/_logs/2026-08-08T06_06_07_942Z-debug-0.log
