0 verbose cli /usr/local/bin/node /usr/local/bin/npm
1 info using npm@10.9.2
2 info using node@v22.14.0
3 silly config load:file:/usr/local/lib/node_modules/npm/npmrc
4 silly config load:file:/workspace/wt-b19c772504/.npmrc
5 silly config load:file:/home/sandbox/.npmrc
6 silly config load:file:/usr/local/etc/npmrc
7 verbose title npm install
8 verbose argv "install"
9 verbose logfile logs-max:10 dir:/workspace/wt-b19c772504/.npm-cache/_logs/2026-08-07T15_40_15_023Z-
10 verbose logfile /workspace/wt-b19c772504/.npm-cache/_logs/2026-08-07T15_40_15_023Z-debug-0.log
11 silly logfile done cleaning log files
12 silly packumentCache heap:1098907648 maxSize:274726912 maxEntrySize:137363456
13 silly idealTree buildDeps
14 silly fetch manifest jest@^29.7.0
15 silly packumentCache full:https://registry.npmjs.org/jest cache-miss
16 http fetch GET 200 https://registry.npmjs.org/jest 819ms (cache revalidated)
17 silly packumentCache full:https://registry.npmjs.org/jest set size:862623 disposed:false
18 silly fetch manifest node-notifier@^8.0.1 || ^9.0.0 || ^10.0.0
19 silly packumentCache full:https://registry.npmjs.org/node-notifier cache-miss
20 http fetch GET 200 https://registry.npmjs.org/node-notifier 208ms (cache revalidated)
21 silly packumentCache full:https://registry.npmjs.org/node-notifier set size:171519 disposed:false
22 silly placeDep ROOT jest@29.7.0 OK for: programming-html-tutorial@1.7.6 want: ^29.7.0
23 silly fetch manifest jest-cli@^29.7.0
24 silly packumentCache full:https://registry.npmjs.org/jest-cli cache-miss
25 http fetch GET 200 https://registry.npmjs.org/jest-cli 208ms (cache revalidated)
26 silly packumentCache full:https://registry.npmjs.org/jest-cli set size:1179782 disposed:false
27 silly fetch manifest @jest/core@^29.7.0
28 silly packumentCache full:https://registry.npmjs.org/@jest%2fcore cache-miss
29 http fetch GET 200 https://registry.npmjs.org/@jest%2fcore 678ms (cache revalidated)
30 silly packumentCache full:https://registry.npmjs.org/@jest%2fcore set size:632975 disposed:false
31 silly fetch manifest @jest/types@^29.6.3
32 silly packumentCache full:https://registry.npmjs.org/@jest%2ftypes cache-miss
33 http fetch GET 200 https://registry.npmjs.org/@jest%2ftypes 266ms (cache revalidated)
34 silly packumentCache full:https://registry.npmjs.org/@jest%2ftypes set size:292365 disposed:false
35 silly fetch manifest import-local@^3.0.2
36 silly packumentCache full:https://registry.npmjs.org/import-local cache-miss
37 http fetch GET 200 https://registry.npmjs.org/import-local 635ms (cache revalidated)
38 silly packumentCache full:https://registry.npmjs.org/import-local set size:24258 disposed:false
39 silly placeDep ROOT @jest/core@29.7.0 OK for: jest@29.7.0 want: ^29.7.0
40 silly placeDep ROOT @jest/types@29.6.3 OK for: jest@29.7.0 want: ^29.6.3
41 silly placeDep ROOT import-local@3.2.0 OK for: jest@29.7.0 want: ^3.0.2
42 silly placeDep ROOT jest-cli@29.7.0 OK for: jest@29.7.0 want: ^29.7.0
43 silly fetch manifest exit@^0.1.2
44 silly packumentCache full:https://registry.npmjs.org/exit cache-miss
45 http fetch GET 200 https://registry.npmjs.org/exit 205ms (cache revalidated)
46 silly packumentCache full:https://registry.npmjs.org/exit set size:14769 disposed:false
47 silly fetch manifest chalk@^4.0.0
48 silly packumentCache full:https://registry.npmjs.org/chalk cache-miss
49 http fetch GET 200 https://registry.npmjs.org/chalk 203ms (cache revalidated)
50 silly packumentCache full:https://registry.npmjs.org/chalk set size:134775 disposed:false
51 silly fetch manifest slash@^3.0.0
52 silly packumentCache full:https://registry.npmjs.org/slash cache-miss
53 http fetch GET 200 https://registry.npmjs.org/slash 206ms (cache revalidated)
54 silly packumentCache full:https://registry.npmjs.org/slash set size:20337 disposed:false
55 silly fetch manifest ci-info@^3.2.0
56 silly packumentCache full:https://registry.npmjs.org/ci-info cache-miss
57 http fetch GET 200 https://registry.npmjs.org/ci-info 204ms (cache revalidated)
58 silly packumentCache full:https://registry.npmjs.org/ci-info set size:91363 disposed:false
59 silly fetch manifest jest-util@^29.7.0
60 silly packumentCache full:https://registry.npmjs.org/jest-util cache-miss
61 http fetch GET 200 https://registry.npmjs.org/jest-util 205ms (cache revalidated)
62 silly packumentCache full:https://registry.npmjs.org/jest-util set size:587891 disposed:false
63 silly fetch manifest micromatch@^4.0.4
64 silly packumentCache full:https://registry.npmjs.org/micromatch cache-miss
65 http fetch GET 200 https://registry.npmjs.org/micromatch 611ms (cache revalidated)
66 silly packumentCache full:https://registry.npmjs.org/micromatch set size:240630 disposed:false
67 silly fetch manifest strip-ansi@^6.0.0
68 silly packumentCache full:https://registry.npmjs.org/strip-ansi cache-miss
69 http fetch GET 200 https://registry.npmjs.org/strip-ansi 207ms (cache revalidated)
70 silly packumentCache full:https://registry.npmjs.org/strip-ansi set size:44998 disposed:false
71 silly fetch manifest @types/node@*
72 silly packumentCache full:https://registry.npmjs.org/@types%2fnode cache-miss
73 http fetch GET 200 https://registry.npmjs.org/@types%2fnode 1056ms (cache revalidated)
74 silly packumentCache full:https://registry.npmjs.org/@types%2fnode set size:11084776 disposed:false
75 silly fetch manifest graceful-fs@^4.2.9
76 silly packumentCache full:https://registry.npmjs.org/graceful-fs cache-miss
77 http fetch GET 200 https://registry.npmjs.org/graceful-fs 209ms (cache revalidated)
78 silly packumentCache full:https://registry.npmjs.org/graceful-fs set size:124285 disposed:false
79 silly fetch manifest jest-config@^29.7.0
80 silly packumentCache full:https://registry.npmjs.org/jest-config cache-miss
81 http fetch GET 200 https://registry.npmjs.org/jest-config 209ms (cache revalidated)
82 silly packumentCache full:https://registry.npmjs.org/jest-config set size:862937 disposed:false
83 silly fetch manifest jest-runner@^29.7.0
84 silly packumentCache full:https://registry.npmjs.org/jest-runner cache-miss
85 http fetch GET 200 https://registry.npmjs.org/jest-runner 203ms (cache revalidated)
86 silly packumentCache full:https://registry.npmjs.org/jest-runner set size:722298 disposed:false
87 silly fetch manifest ansi-escapes@^4.2.1
88 silly packumentCache full:https://registry.npmjs.org/ansi-escapes cache-miss
89 http fetch GET 200 https://registry.npmjs.org/ansi-escapes 201ms (cache revalidated)
90 silly packumentCache full:https://registry.npmjs.org/ansi-escapes set size:70915 disposed:false
91 silly fetch manifest jest-resolve@^29.7.0
92 silly packumentCache full:https://registry.npmjs.org/jest-resolve cache-miss
93 http fetch GET 200 https://registry.npmjs.org/jest-resolve 206ms (cache revalidated)
94 silly packumentCache full:https://registry.npmjs.org/jest-resolve set size:660045 disposed:false
95 silly fetch manifest jest-runtime@^29.7.0
96 silly packumentCache full:https://registry.npmjs.org/jest-runtime cache-miss
97 http fetch GET 200 https://registry.npmjs.org/jest-runtime 210ms (cache revalidated)
98 silly packumentCache full:https://registry.npmjs.org/jest-runtime set size:903623 disposed:false
99 silly fetch manifest jest-watcher@^29.7.0
100 silly packumentCache full:https://registry.npmjs.org/jest-watcher cache-miss
101 http fetch GET 200 https://registry.npmjs.org/jest-watcher 209ms (cache revalidated)
102 silly packumentCache full:https://registry.npmjs.org/jest-watcher set size:393693 disposed:false
103 silly fetch manifest @jest/console@^29.7.0
104 silly packumentCache full:https://registry.npmjs.org/@jest%2fconsole cache-miss
105 http fetch GET 200 https://registry.npmjs.org/@jest%2fconsole 231ms (cache revalidated)
106 silly packumentCache full:https://registry.npmjs.org/@jest%2fconsole set size:335941 disposed:false
107 silly fetch manifest jest-snapshot@^29.7.0
108 silly packumentCache full:https://registry.npmjs.org/jest-snapshot cache-miss
109 http fetch GET 200 https://registry.npmjs.org/jest-snapshot 207ms (cache revalidated)
110 silly packumentCache full:https://registry.npmjs.org/jest-snapshot set size:780481 disposed:false
111 silly fetch manifest jest-validate@^29.7.0
112 silly packumentCache full:https://registry.npmjs.org/jest-validate cache-miss
113 http fetch GET 200 https://registry.npmjs.org/jest-validate 612ms (cache revalidated)
114 silly packumentCache full:https://registry.npmjs.org/jest-validate set size:567910 disposed:false
115 silly fetch manifest pretty-format@^29.7.0
116 silly packumentCache full:https://registry.npmjs.org/pretty-format cache-miss
117 http fetch GET 200 https://registry.npmjs.org/pretty-format 614ms (cache revalidated)
118 silly packumentCache full:https://registry.npmjs.org/pretty-format set size:598313 disposed:false
119 silly fetch manifest jest-haste-map@^29.7.0
120 silly packumentCache full:https://registry.npmjs.org/jest-haste-map cache-miss
121 http fetch GET 200 https://registry.npmjs.org/jest-haste-map 207ms (cache revalidated)
122 silly packumentCache full:https://registry.npmjs.org/jest-haste-map set size:692649 disposed:false
123 silly fetch manifest @jest/reporters@^29.7.0
124 silly packumentCache full:https://registry.npmjs.org/@jest%2freporters cache-miss
125 http fetch GET 200 https://registry.npmjs.org/@jest%2freporters 1861ms (cache revalidated)
126 silly packumentCache full:https://registry.npmjs.org/@jest%2freporters set size:565939 disposed:false
127 silly fetch manifest @jest/transform@^29.7.0
128 silly packumentCache full:https://registry.npmjs.org/@jest%2ftransform cache-miss
129 http fetch GET 200 https://registry.npmjs.org/@jest%2ftransform 223ms (cache revalidated)
130 silly packumentCache full:https://registry.npmjs.org/@jest%2ftransform set size:468349 disposed:false
131 silly fetch manifest jest-regex-util@^29.6.3
132 silly packumentCache full:https://registry.npmjs.org/jest-regex-util cache-miss
133 http fetch GET 200 https://registry.npmjs.org/jest-regex-util 205ms (cache revalidated)
134 silly packumentCache full:https://registry.npmjs.org/jest-regex-util set size:231095 disposed:false
135 silly fetch manifest @jest/test-result@^29.7.0
136 silly packumentCache full:https://registry.npmjs.org/@jest%2ftest-result cache-miss
137 http fetch GET 200 https://registry.npmjs.org/@jest%2ftest-result 3463ms (cache revalidated)
138 silly packumentCache full:https://registry.npmjs.org/@jest%2ftest-result set size:346835 disposed:false
139 silly fetch manifest jest-message-util@^29.7.0
140 silly packumentCache full:https://registry.npmjs.org/jest-message-util cache-miss
141 http fetch GET 200 https://registry.npmjs.org/jest-message-util 616ms (cache revalidated)
142 silly packumentCache full:https://registry.npmjs.org/jest-message-util set size:518776 disposed:false
143 silly fetch manifest jest-changed-files@^29.7.0
144 silly packumentCache full:https://registry.npmjs.org/jest-changed-files cache-miss
145 http fetch GET 200 https://registry.npmjs.org/jest-changed-files 209ms (cache revalidated)
146 silly packumentCache full:https://registry.npmjs.org/jest-changed-files set size:407498 disposed:false
147 silly fetch manifest jest-resolve-dependencies@^29.7.0
148 silly packumentCache full:https://registry.npmjs.org/jest-resolve-dependencies cache-miss
149 http fetch GET 200 https://registry.npmjs.org/jest-resolve-dependencies 612ms (cache revalidated)
150 silly packumentCache full:https://registry.npmjs.org/jest-resolve-dependencies set size:635085 disposed:false
151 silly fetch manifest @types/yargs@^17.0.8
152 silly packumentCache full:https://registry.npmjs.org/@types%2fyargs cache-miss
153 http fetch GET 200 https://registry.npmjs.org/@types%2fyargs 209ms (cache revalidated)
154 silly packumentCache full:https://registry.npmjs.org/@types%2fyargs set size:390540 disposed:false
155 silly fetch manifest @jest/schemas@^29.6.3
156 silly packumentCache full:https://registry.npmjs.org/@jest%2fschemas cache-miss
157 http fetch GET 200 https://registry.npmjs.org/@jest%2fschemas 217ms (cache revalidated)
158 silly packumentCache full:https://registry.npmjs.org/@jest%2fschemas set size:72050 disposed:false
159 silly fetch manifest @types/istanbul-reports@^3.0.0
160 silly packumentCache full:https://registry.npmjs.org/@types%2fistanbul-reports cache-miss
161 http fetch GET 200 https://registry.npmjs.org/@types%2fistanbul-reports 207ms (cache revalidated)
162 silly packumentCache full:https://registry.npmjs.org/@types%2fistanbul-reports set size:17607 disposed:false
163 silly fetch manifest @types/istanbul-lib-coverage@^2.0.0
164 silly packumentCache full:https://registry.npmjs.org/@types%2fistanbul-lib-coverage cache-miss
165 http fetch GET 200 https://registry.npmjs.org/@types%2fistanbul-lib-coverage 206ms (cache revalidated)
166 silly packumentCache full:https://registry.npmjs.org/@types%2fistanbul-lib-coverage set size:18110 disposed:false
167 silly fetch manifest pkg-dir@^4.2.0
168 silly packumentCache full:https://registry.npmjs.org/pkg-dir cache-miss
169 http fetch GET 200 https://registry.npmjs.org/pkg-dir 203ms (cache revalidated)
170 silly packumentCache full:https://registry.npmjs.org/pkg-dir set size:30166 disposed:false
171 silly fetch manifest resolve-cwd@^3.0.0
172 silly packumentCache full:https://registry.npmjs.org/resolve-cwd cache-miss
173 http fetch GET 200 https://registry.npmjs.org/resolve-cwd 203ms (cache revalidated)
174 silly packumentCache full:https://registry.npmjs.org/resolve-cwd set size:8449 disposed:false
175 silly fetch manifest yargs@^17.3.1
176 silly packumentCache full:https://registry.npmjs.org/yargs cache-miss
177 http fetch GET 200 https://registry.npmjs.org/yargs 205ms (cache revalidated)
178 silly packumentCache full:https://registry.npmjs.org/yargs set size:759965 disposed:false
179 silly fetch manifest create-jest@^29.7.0
180 silly packumentCache full:https://registry.npmjs.org/create-jest cache-miss
181 http fetch GET 200 https://registry.npmjs.org/create-jest 206ms (cache revalidated)
182 silly packumentCache full:https://registry.npmjs.org/create-jest set size:68247 disposed:false
183 silly fetch manifest ts-node@>=9.0.0
184 silly packumentCache full:https://registry.npmjs.org/ts-node cache-miss
185 http fetch GET 200 https://registry.npmjs.org/ts-node 207ms (cache revalidated)
186 silly packumentCache full:https://registry.npmjs.org/ts-node set size:574573 disposed:false
187 silly fetch manifest @swc/core@>=1.2.50
188 silly packumentCache full:https://registry.npmjs.org/@swc%2fcore cache-miss
189 http fetch GET 200 https://registry.npmjs.org/@swc%2fcore 230ms (cache revalidated)
190 silly packumentCache full:https://registry.npmjs.org/@swc%2fcore set size:4070054 disposed:false
191 silly fetch manifest @swc/helpers@>=0.5.17
192 silly packumentCache full:https://registry.npmjs.org/@swc%2fhelpers cache-miss
193 http fetch GET 200 https://registry.npmjs.org/@swc%2fhelpers 216ms (cache revalidated)
194 silly packumentCache full:https://registry.npmjs.org/@swc%2fhelpers set size:775458 disposed:false
195 silly fetch manifest @swc/wasm@>=1.2.50
196 silly packumentCache full:https://registry.npmjs.org/@swc%2fwasm cache-miss
197 http fetch GET 200 https://registry.npmjs.org/@swc%2fwasm 214ms (cache revalidated)
198 silly packumentCache full:https://registry.npmjs.org/@swc%2fwasm set size:1371857 disposed:false
199 silly fetch manifest typescript@>=2.7
200 silly packumentCache full:https://registry.npmjs.org/typescript cache-miss
201 http fetch GET 200 https://registry.npmjs.org/typescript 248ms (cache revalidated)
202 silly packumentCache full:https://registry.npmjs.org/typescript set size:15526511 disposed:false
203 silly placeDep ROOT @jest/console@29.7.0 OK for: @jest/core@29.7.0 want: ^29.7.0
204 silly placeDep ROOT @jest/reporters@29.7.0 OK for: @jest/core@29.7.0 want: ^29.7.0
205 silly placeDep ROOT @jest/test-result@29.7.0 OK for: @jest/core@29.7.0 want: ^29.7.0
206 silly placeDep ROOT @jest/transform@29.7.0 OK for: @jest/core@29.7.0 want: ^29.7.0
207 silly placeDep ROOT @types/node@26.1.2 OK for: @jest/core@29.7.0 want: *
208 silly placeDep ROOT ansi-escapes@4.3.2 OK for: @jest/core@29.7.0 want: ^4.2.1
209 silly placeDep ROOT chalk@4.1.2 OK for: @jest/core@29.7.0 want: ^4.0.0
210 silly placeDep ROOT ci-info@3.9.0 OK for: @jest/core@29.7.0 want: ^3.2.0
211 silly placeDep ROOT exit@0.1.2 OK for: @jest/core@29.7.0 want: ^0.1.2
212 silly placeDep ROOT graceful-fs@4.2.11 OK for: @jest/core@29.7.0 want: ^4.2.9
213 silly placeDep ROOT jest-changed-files@29.7.0 OK for: @jest/core@29.7.0 want: ^29.7.0
214 silly placeDep ROOT jest-config@29.7.0 OK for: @jest/core@29.7.0 want: ^29.7.0
215 silly placeDep ROOT jest-haste-map@29.7.0 OK for: @jest/core@29.7.0 want: ^29.7.0
216 silly placeDep ROOT jest-message-util@29.7.0 OK for: @jest/core@29.7.0 want: ^29.7.0
217 silly placeDep ROOT jest-regex-util@29.6.3 OK for: @jest/core@29.7.0 want: ^29.6.3
218 silly placeDep ROOT jest-resolve@29.7.0 OK for: @jest/core@29.7.0 want: ^29.7.0
219 silly placeDep ROOT jest-resolve-dependencies@29.7.0 OK for: @jest/core@29.7.0 want: ^29.7.0
220 silly placeDep ROOT jest-runner@29.7.0 OK for: @jest/core@29.7.0 want: ^29.7.0
221 silly placeDep ROOT jest-runtime@29.7.0 OK for: @jest/core@29.7.0 want: ^29.7.0
222 silly placeDep ROOT jest-snapshot@29.7.0 OK for: @jest/core@29.7.0 want: ^29.7.0
223 silly placeDep ROOT jest-util@29.7.0 OK for: @jest/core@29.7.0 want: ^29.7.0
224 silly placeDep ROOT jest-validate@29.7.0 OK for: @jest/core@29.7.0 want: ^29.7.0
225 silly placeDep ROOT jest-watcher@29.7.0 OK for: @jest/core@29.7.0 want: ^29.7.0
226 silly placeDep ROOT micromatch@4.0.8 OK for: @jest/core@29.7.0 want: ^4.0.4
227 silly placeDep ROOT pretty-format@29.7.0 OK for: @jest/core@29.7.0 want: ^29.7.0
228 silly placeDep ROOT slash@3.0.0 OK for: @jest/core@29.7.0 want: ^3.0.0
229 silly placeDep ROOT strip-ansi@6.0.1 OK for: @jest/core@29.7.0 want: ^6.0.0
230 silly fetch manifest glob@^7.1.3
231 silly packumentCache full:https://registry.npmjs.org/glob cache-miss
232 http fetch GET 200 https://registry.npmjs.org/glob 207ms (cache revalidated)
233 silly packumentCache full:https://registry.npmjs.org/glob set size:469465 disposed:false
234 silly fetch manifest jest-worker@^29.7.0
235 silly packumentCache full:https://registry.npmjs.org/jest-worker cache-miss
236 http fetch GET 200 https://registry.npmjs.org/jest-worker 204ms (cache revalidated)
237 silly packumentCache full:https://registry.npmjs.org/jest-worker set size:466737 disposed:false
238 silly fetch manifest string-length@^4.0.1
239 silly packumentCache full:https://registry.npmjs.org/string-length cache-miss
240 http fetch GET 200 https://registry.npmjs.org/string-length 203ms (cache revalidated)
241 silly packumentCache full:https://registry.npmjs.org/string-length set size:35851 disposed:false
242 silly fetch manifest v8-to-istanbul@^9.0.1
243 silly packumentCache full:https://registry.npmjs.org/v8-to-istanbul cache-miss
244 http fetch GET 200 https://registry.npmjs.org/v8-to-istanbul 212ms (cache revalidated)
245 silly packumentCache full:https://registry.npmjs.org/v8-to-istanbul set size:167645 disposed:false
246 silly fetch manifest istanbul-reports@^3.1.3
247 silly packumentCache full:https://registry.npmjs.org/istanbul-reports cache-miss
248 http fetch GET 200 https://registry.npmjs.org/istanbul-reports 203ms (cache revalidated)
249 silly packumentCache full:https://registry.npmjs.org/istanbul-reports set size:148926 disposed:false
250 silly fetch manifest @bcoe/v8-coverage@^0.2.3
251 silly packumentCache full:https://registry.npmjs.org/@bcoe%2fv8-coverage cache-miss
252 http fetch GET 200 https://registry.npmjs.org/@bcoe%2fv8-coverage 228ms (cache revalidated)
253 silly packumentCache full:https://registry.npmjs.org/@bcoe%2fv8-coverage set size:20438 disposed:false
254 silly fetch manifest collect-v8-coverage@^1.0.0
255 silly packumentCache full:https://registry.npmjs.org/collect-v8-coverage cache-miss
256 http fetch GET 200 https://registry.npmjs.org/collect-v8-coverage 204ms (cache revalidated)
257 silly packumentCache full:https://registry.npmjs.org/collect-v8-coverage set size:11157 disposed:false
258 silly fetch manifest istanbul-lib-report@^3.0.0
259 silly packumentCache full:https://registry.npmjs.org/istanbul-lib-report cache-miss
260 http fetch GET 200 https://registry.npmjs.org/istanbul-lib-report 608ms (cache revalidated)
261 silly packumentCache full:https://registry.npmjs.org/istanbul-lib-report set size:66223 disposed:false
262 silly fetch manifest istanbul-lib-coverage@^3.0.0
263 silly packumentCache full:https://registry.npmjs.org/istanbul-lib-coverage cache-miss
264 http fetch GET 200 https://registry.npmjs.org/istanbul-lib-coverage 202ms (cache revalidated)
265 silly packumentCache full:https://registry.npmjs.org/istanbul-lib-coverage set size:75651 disposed:false
266 silly fetch manifest istanbul-lib-instrument@^6.0.0
267 silly packumentCache full:https://registry.npmjs.org/istanbul-lib-instrument cache-miss
268 http fetch GET 200 https://registry.npmjs.org/istanbul-lib-instrument 203ms (cache revalidated)
269 silly packumentCache full:https://registry.npmjs.org/istanbul-lib-instrument set size:219175 disposed:false
270 silly fetch manifest istanbul-lib-source-maps@^4.0.0
271 silly packumentCache full:https://registry.npmjs.org/istanbul-lib-source-maps cache-miss
272 http fetch GET 200 https://registry.npmjs.org/istanbul-lib-source-maps 206ms (cache revalidated)
273 silly packumentCache full:https://registry.npmjs.org/istanbul-lib-source-maps set size:104683 disposed:false
274 silly fetch manifest @jridgewell/trace-mapping@^0.3.18
275 silly packumentCache full:https://registry.npmjs.org/@jridgewell%2ftrace-mapping cache-miss
276 http fetch GET 200 https://registry.npmjs.org/@jridgewell%2ftrace-mapping 219ms (cache revalidated)
277 silly packumentCache full:https://registry.npmjs.org/@jridgewell%2ftrace-mapping set size:170909 disposed:false
278 silly fetch manifest pirates@^4.0.4
279 silly packumentCache full:https://registry.npmjs.org/pirates cache-miss
280 http fetch GET 200 https://registry.npmjs.org/pirates 202ms (cache revalidated)
281 silly packumentCache full:https://registry.npmjs.org/pirates set size:51327 disposed:false
282 silly fetch manifest @babel/core@^7.11.6
283 silly packumentCache full:https://registry.npmjs.org/@babel%2fcore cache-miss
284 http fetch GET 200 https://registry.npmjs.org/@babel%2fcore 209ms (cache revalidated)
285 silly packumentCache full:https://registry.npmjs.org/@babel%2fcore set size:788273 disposed:false
286 silly fetch manifest write-file-atomic@^4.0.2
287 silly packumentCache full:https://registry.npmjs.org/write-file-atomic cache-miss
288 http fetch GET 200 https://registry.npmjs.org/write-file-atomic 203ms (cache revalidated)
289 silly packumentCache full:https://registry.npmjs.org/write-file-atomic set size:82722 disposed:false
290 silly fetch manifest convert-source-map@^2.0.0
291 silly packumentCache full:https://registry.npmjs.org/convert-source-map cache-miss
292 http fetch GET 200 https://registry.npmjs.org/convert-source-map 202ms (cache revalidated)
293 silly packumentCache full:https://registry.npmjs.org/convert-source-map set size:66997 disposed:false
294 silly fetch manifest babel-plugin-istanbul@^6.1.1
295 silly packumentCache full:https://registry.npmjs.org/babel-plugin-istanbul cache-miss
296 http fetch GET 200 https://registry.npmjs.org/babel-plugin-istanbul 613ms (cache revalidated)
297 silly packumentCache full:https://registry.npmjs.org/babel-plugin-istanbul set size:123182 disposed:false
298 silly fetch manifest fast-json-stable-stringify@^2.1.0
299 silly packumentCache full:https://registry.npmjs.org/fast-json-stable-stringify cache-miss
300 http fetch GET 200 https://registry.npmjs.org/fast-json-stable-stringify 206ms (cache revalidated)
301 silly packumentCache full:https://registry.npmjs.org/fast-json-stable-stringify set size:11337 disposed:false
302 silly fetch manifest undici-types@~8.3.0
303 silly packumentCache full:https://registry.npmjs.org/undici-types cache-miss
304 http fetch GET 200 https://registry.npmjs.org/undici-types 202ms (cache revalidated)
305 silly packumentCache full:https://registry.npmjs.org/undici-types set size:250438 disposed:false
306 silly fetch manifest type-fest@^0.21.3
307 silly packumentCache full:https://registry.npmjs.org/type-fest cache-miss
308 http fetch GET 200 https://registry.npmjs.org/type-fest 202ms (cache revalidated)
309 silly packumentCache full:https://registry.npmjs.org/type-fest set size:566201 disposed:false
310 silly fetch manifest ansi-styles@^4.1.0
311 silly packumentCache full:https://registry.npmjs.org/ansi-styles cache-miss
312 http fetch GET 200 https://registry.npmjs.org/ansi-styles 1844ms (cache revalidated)
313 silly packumentCache full:https://registry.npmjs.org/ansi-styles set size:71772 disposed:false
314 silly fetch manifest supports-color@^7.1.0
315 silly packumentCache full:https://registry.npmjs.org/supports-color cache-miss
316 http fetch GET 200 https://registry.npmjs.org/supports-color 203ms (cache revalidated)
317 silly packumentCache full:https://registry.npmjs.org/supports-color set size:124169 disposed:false
318 silly fetch manifest execa@^5.0.0
319 silly packumentCache full:https://registry.npmjs.org/execa cache-miss
320 http fetch GET 200 https://registry.npmjs.org/execa 601ms (cache revalidated)
321 silly packumentCache full:https://registry.npmjs.org/execa set size:188760 disposed:false
322 silly fetch manifest p-limit@^3.1.0
323 silly packumentCache full:https://registry.npmjs.org/p-limit cache-miss
324 http fetch GET 200 https://registry.npmjs.org/p-limit 609ms (cache revalidated)
325 silly packumentCache full:https://registry.npmjs.org/p-limit set size:63850 disposed:false
326 silly fetch manifest deepmerge@^4.2.2
327 silly packumentCache full:https://registry.npmjs.org/deepmerge cache-miss
328 http fetch GET 200 https://registry.npmjs.org/deepmerge 603ms (cache revalidated)
329 silly packumentCache full:https://registry.npmjs.org/deepmerge set size:101897 disposed:false
330 silly fetch manifest babel-jest@^29.7.0
331 silly packumentCache full:https://registry.npmjs.org/babel-jest cache-miss
332 http fetch GET 200 https://registry.npmjs.org/babel-jest 213ms (cache revalidated)
333 silly packumentCache full:https://registry.npmjs.org/babel-jest set size:690787 disposed:false
334 silly fetch manifest parse-json@^5.2.0
335 silly packumentCache full:https://registry.npmjs.org/parse-json cache-miss
336 http fetch GET 200 https://registry.npmjs.org/parse-json 223ms (cache revalidated)
337 silly packumentCache full:https://registry.npmjs.org/parse-json set size:48198 disposed:false
338 silly fetch manifest jest-circus@^29.7.0
339 silly packumentCache full:https://registry.npmjs.org/jest-circus cache-miss
340 http fetch GET 200 https://registry.npmjs.org/jest-circus 208ms (cache revalidated)
341 silly packumentCache full:https://registry.npmjs.org/jest-circus set size:767757 disposed:false
342 silly fetch manifest jest-get-type@^29.6.3
343 silly packumentCache full:https://registry.npmjs.org/jest-get-type cache-miss
344 http fetch GET 200 https://registry.npmjs.org/jest-get-type 206ms (cache revalidated)
345 silly packumentCache full:https://registry.npmjs.org/jest-get-type set size:201170 disposed:false
346 silly fetch manifest strip-json-comments@^3.1.1
347 silly packumentCache full:https://registry.npmjs.org/strip-json-comments cache-miss
348 http fetch GET 200 https://registry.npmjs.org/strip-json-comments 207ms (cache revalidated)
349 silly packumentCache full:https://registry.npmjs.org/strip-json-comments set size:43569 disposed:false
350 silly fetch manifest @jest/test-sequencer@^29.7.0
351 silly packumentCache full:https://registry.npmjs.org/@jest%2ftest-sequencer cache-miss
352 http fetch GET 200 https://registry.npmjs.org/@jest%2ftest-sequencer 216ms (cache revalidated)
353 silly packumentCache full:https://registry.npmjs.org/@jest%2ftest-sequencer set size:412639 disposed:false
354 silly fetch manifest jest-environment-node@^29.7.0
355 silly packumentCache full:https://registry.npmjs.org/jest-environment-node cache-miss
356 http fetch GET 200 https://registry.npmjs.org/jest-environment-node 205ms (cache revalidated)
357 silly packumentCache full:https://registry.npmjs.org/jest-environment-node set size:648735 disposed:false
358 silly fetch manifest walker@^1.0.8
359 silly packumentCache full:https://registry.npmjs.org/walker cache-miss
360 http fetch GET 200 https://registry.npmjs.org/walker 208ms (cache revalidated)
361 silly packumentCache full:https://registry.npmjs.org/walker set size:16077 disposed:false
362 silly fetch manifest anymatch@^3.0.3
363 silly packumentCache full:https://registry.npmjs.org/anymatch cache-miss
364 http fetch GET 200 https://registry.npmjs.org/anymatch 205ms (cache revalidated)
365 silly packumentCache full:https://registry.npmjs.org/anymatch set size:42974 disposed:false
366 silly fetch manifest fb-watchman@^2.0.0
367 silly packumentCache full:https://registry.npmjs.org/fb-watchman cache-miss
368 http fetch GET 200 https://registry.npmjs.org/fb-watchman 203ms (cache revalidated)
369 silly packumentCache full:https://registry.npmjs.org/fb-watchman set size:28064 disposed:false
370 silly fetch manifest @types/graceful-fs@^4.1.3
371 silly packumentCache full:https://registry.npmjs.org/@types%2fgraceful-fs cache-miss
372 http fetch GET 200 https://registry.npmjs.org/@types%2fgraceful-fs 220ms (cache revalidated)
373 silly packumentCache full:https://registry.npmjs.org/@types%2fgraceful-fs set size:38755 disposed:false
374 silly fetch manifest fsevents@^2.3.2
375 silly packumentCache full:https://registry.npmjs.org/fsevents cache-miss
376 http fetch GET 200 https://registry.npmjs.org/fsevents 600ms (cache revalidated)
377 silly packumentCache full:https://registry.npmjs.org/fsevents set size:182472 disposed:false
378 silly fetch manifest stack-utils@^2.0.3
379 silly packumentCache full:https://registry.npmjs.org/stack-utils cache-miss
380 http fetch GET 200 https://registry.npmjs.org/stack-utils 208ms (cache revalidated)
381 silly packumentCache full:https://registry.npmjs.org/stack-utils set size:60586 disposed:false
382 silly fetch manifest @babel/code-frame@^7.12.13
383 silly packumentCache full:https://registry.npmjs.org/@babel%2fcode-frame cache-miss
384 http fetch GET 200 https://registry.npmjs.org/@babel%2fcode-frame 211ms (cache revalidated)
385 silly packumentCache full:https://registry.npmjs.org/@babel%2fcode-frame set size:206617 disposed:false
386 silly fetch manifest @types/stack-utils@^2.0.0
387 silly packumentCache full:https://registry.npmjs.org/@types%2fstack-utils cache-miss
388 http fetch GET 200 https://registry.npmjs.org/@types%2fstack-utils 209ms (cache revalidated)
389 silly packumentCache full:https://registry.npmjs.org/@types%2fstack-utils set size:11605 disposed:false
390 silly fetch manifest resolve@^1.20.0
391 silly packumentCache full:https://registry.npmjs.org/resolve cache-miss
392 http fetch GET 200 https://registry.npmjs.org/resolve 202ms (cache revalidated)
393 silly packumentCache full:https://registry.npmjs.org/resolve set size:244568 disposed:false
394 silly fetch manifest resolve.exports@^2.0.0
395 silly packumentCache full:https://registry.npmjs.org/resolve.exports cache-miss
396 http fetch GET 200 https://registry.npmjs.org/resolve.exports 203ms (cache revalidated)
397 silly packumentCache full:https://registry.npmjs.org/resolve.exports set size:49558 disposed:false
398 silly fetch manifest jest-pnp-resolver@^1.2.2
399 silly packumentCache full:https://registry.npmjs.org/jest-pnp-resolver cache-miss
400 http fetch GET 200 https://registry.npmjs.org/jest-pnp-resolver 204ms (cache revalidated)
401 silly packumentCache full:https://registry.npmjs.org/jest-pnp-resolver set size:22834 disposed:false
402 silly fetch manifest emittery@^0.13.1
403 silly packumentCache full:https://registry.npmjs.org/emittery cache-miss
404 http fetch GET 200 https://registry.npmjs.org/emittery 203ms (cache revalidated)
405 silly packumentCache full:https://registry.npmjs.org/emittery set size:112859 disposed:false
406 silly fetch manifest jest-docblock@^29.7.0
407 silly packumentCache full:https://registry.npmjs.org/jest-docblock cache-miss
408 http fetch GET 200 https://registry.npmjs.org/jest-docblock 205ms (cache revalidated)
409 silly packumentCache full:https://registry.npmjs.org/jest-docblock set size:259024 disposed:false
410 silly fetch manifest @jest/environment@^29.7.0
411 silly packumentCache full:https://registry.npmjs.org/@jest%2fenvironment cache-miss
412 http fetch GET 200 https://registry.npmjs.org/@jest%2fenvironment 216ms (cache revalidated)
413 silly packumentCache full:https://registry.npmjs.org/@jest%2fenvironment set size:366609 disposed:false
414 silly fetch manifest jest-leak-detector@^29.7.0
415 silly packumentCache full:https://registry.npmjs.org/jest-leak-detector cache-miss
416 http fetch GET 200 https://registry.npmjs.org/jest-leak-detector 612ms (cache revalidated)
417 silly packumentCache full:https://registry.npmjs.org/jest-leak-detector set size:445110 disposed:false
418 silly fetch manifest source-map-support@0.5.13
419 silly packumentCache full:https://registry.npmjs.org/source-map-support cache-miss
420 http fetch GET 200 https://registry.npmjs.org/source-map-support 207ms (cache revalidated)
421 silly packumentCache full:https://registry.npmjs.org/source-map-support set size:125488 disposed:false
422 silly fetch manifest jest-mock@^29.7.0
423 silly packumentCache full:https://registry.npmjs.org/jest-mock cache-miss
424 http fetch GET 200 https://registry.npmjs.org/jest-mock 204ms (cache revalidated)
425 silly packumentCache full:https://registry.npmjs.org/jest-mock set size:523133 disposed:false
426 silly fetch manifest strip-bom@^4.0.0
427 silly packumentCache full:https://registry.npmjs.org/strip-bom cache-miss
428 http fetch GET 200 https://registry.npmjs.org/strip-bom 207ms (cache revalidated)
429 silly packumentCache full:https://registry.npmjs.org/strip-bom set size:19359 disposed:false
430 silly fetch manifest @jest/globals@^29.7.0
431 silly packumentCache full:https://registry.npmjs.org/@jest%2fglobals cache-miss
432 http fetch GET 200 https://registry.npmjs.org/@jest%2fglobals 218ms (cache revalidated)
433 silly packumentCache full:https://registry.npmjs.org/@jest%2fglobals set size:327781 disposed:false
434 silly fetch manifest @jest/source-map@^29.6.3
435 silly packumentCache full:https://registry.npmjs.org/@jest%2fsource-map cache-miss
436 http fetch GET 200 https://registry.npmjs.org/@jest%2fsource-map 1025ms (cache revalidated)
437 silly packumentCache full:https://registry.npmjs.org/@jest%2fsource-map set size:163061 disposed:false
438 silly fetch manifest cjs-module-lexer@^1.0.0
439 silly packumentCache full:https://registry.npmjs.org/cjs-module-lexer cache-miss
440 http fetch GET 200 https://registry.npmjs.org/cjs-module-lexer 204ms (cache revalidated)
441 silly packumentCache full:https://registry.npmjs.org/cjs-module-lexer set size:147092 disposed:false
442 silly fetch manifest @jest/fake-timers@^29.7.0
443 silly packumentCache full:https://registry.npmjs.org/@jest%2ffake-timers cache-miss
444 http fetch GET 200 https://registry.npmjs.org/@jest%2ffake-timers 274ms (cache revalidated)
445 silly packumentCache full:https://registry.npmjs.org/@jest%2ffake-timers set size:371447 disposed:false
446 silly fetch manifest expect@^29.7.0
447 silly packumentCache full:https://registry.npmjs.org/expect cache-miss
448 http fetch GET 200 https://registry.npmjs.org/expect 221ms (cache revalidated)
449 silly packumentCache full:https://registry.npmjs.org/expect set size:648172 disposed:false
450 silly fetch manifest semver@^7.5.3
451 silly packumentCache full:https://registry.npmjs.org/semver cache-miss
452 http fetch GET 200 https://registry.npmjs.org/semver 621ms (cache revalidated)
453 silly packumentCache full:https://registry.npmjs.org/semver set size:246069 disposed:false
454 silly fetch manifest jest-diff@^29.7.0
455 silly packumentCache full:https://registry.npmjs.org/jest-diff cache-miss
456 http fetch GET 200 https://registry.npmjs.org/jest-diff 207ms (cache revalidated)
457 silly packumentCache full:https://registry.npmjs.org/jest-diff set size:556698 disposed:false
458 silly fetch manifest @babel/types@^7.3.3
459 silly packumentCache full:https://registry.npmjs.org/@babel%2ftypes cache-miss
460 http fetch GET 200 https://registry.npmjs.org/@babel%2ftypes 216ms (cache revalidated)
461 silly packumentCache full:https://registry.npmjs.org/@babel%2ftypes set size:502938 disposed:false
462 silly fetch manifest natural-compare@^1.4.0
463 silly packumentCache full:https://registry.npmjs.org/natural-compare cache-miss
464 http fetch GET 200 https://registry.npmjs.org/natural-compare 203ms (cache revalidated)
465 silly packumentCache full:https://registry.npmjs.org/natural-compare set size:7852 disposed:false
466 silly fetch manifest @babel/generator@^7.7.2
467 silly packumentCache full:https://registry.npmjs.org/@babel%2fgenerator cache-miss
468 http fetch GET 200 https://registry.npmjs.org/@babel%2fgenerator 208ms (cache revalidated)
469 silly packumentCache full:https://registry.npmjs.org/@babel%2fgenerator set size:522841 disposed:false
470 silly fetch manifest @jest/expect-utils@^29.7.0
471 silly packumentCache full:https://registry.npmjs.org/@jest%2fexpect-utils cache-miss
472 http fetch GET 200 https://registry.npmjs.org/@jest%2fexpect-utils 213ms (cache revalidated)
473 silly packumentCache full:https://registry.npmjs.org/@jest%2fexpect-utils set size:175039 disposed:false
474 silly fetch manifest jest-matcher-utils@^29.7.0
475 silly packumentCache full:https://registry.npmjs.org/jest-matcher-utils cache-miss
476 http fetch GET 200 https://registry.npmjs.org/jest-matcher-utils 204ms (cache revalidated)
477 silly packumentCache full:https://registry.npmjs.org/jest-matcher-utils set size:580701 disposed:false
478 silly fetch manifest @babel/plugin-syntax-jsx@^7.7.2
479 silly packumentCache full:https://registry.npmjs.org/@babel%2fplugin-syntax-jsx cache-miss
480 http fetch GET 200 https://registry.npmjs.org/@babel%2fplugin-syntax-jsx 209ms (cache revalidated)
481 silly packumentCache full:https://registry.npmjs.org/@babel%2fplugin-syntax-jsx set size:194952 disposed:false
482 silly fetch manifest @babel/plugin-syntax-typescript@^7.7.2
483 silly packumentCache full:https://registry.npmjs.org/@babel%2fplugin-syntax-typescript cache-miss
484 http fetch GET 200 https://registry.npmjs.org/@babel%2fplugin-syntax-typescript 210ms (cache revalidated)
485 silly packumentCache full:https://registry.npmjs.org/@babel%2fplugin-syntax-typescript set size:221236 disposed:false
486 silly fetch manifest babel-preset-current-node-syntax@^1.0.0
487 silly packumentCache full:https://registry.npmjs.org/babel-preset-current-node-syntax cache-miss
488 http fetch GET 200 https://registry.npmjs.org/babel-preset-current-node-syntax 216ms (cache revalidated)
489 silly packumentCache full:https://registry.npmjs.org/babel-preset-current-node-syntax set size:33355 disposed:false
490 silly fetch manifest picomatch@^2.2.3
491 silly packumentCache full:https://registry.npmjs.org/picomatch cache-miss
492 http fetch GET 200 https://registry.npmjs.org/picomatch 203ms (cache revalidated)
493 silly packumentCache full:https://registry.npmjs.org/picomatch set size:128942 disposed:false
494 silly fetch manifest leven@^3.1.0
495 silly packumentCache full:https://registry.npmjs.org/leven cache-miss
496 http fetch GET 200 https://registry.npmjs.org/leven 200ms (cache revalidated)
497 silly packumentCache full:https://registry.npmjs.org/leven set size:23210 disposed:false
498 silly fetch manifest camelcase@^6.2.0
499 silly packumentCache full:https://registry.npmjs.org/camelcase cache-miss
500 http fetch GET 200 https://registry.npmjs.org/camelcase 202ms (cache revalidated)
501 silly packumentCache full:https://registry.npmjs.org/camelcase set size:60255 disposed:false
502 silly fetch manifest braces@^3.0.3
503 silly packumentCache full:https://registry.npmjs.org/braces cache-miss
504 http fetch GET 200 https://registry.npmjs.org/braces 202ms (cache revalidated)
505 silly packumentCache full:https://registry.npmjs.org/braces set size:114529 disposed:false
506 silly fetch manifest picomatch@^2.3.1
507 silly packumentCache full:https://registry.npmjs.org/picomatch cache-hit
508 silly fetch manifest react-is@^18.0.0
509 silly packumentCache full:https://registry.npmjs.org/react-is cache-miss
510 http fetch GET 200 https://registry.npmjs.org/react-is 215ms (cache revalidated)
511 silly packumentCache full:https://registry.npmjs.org/react-is set size:5557857 disposed:false
512 silly fetch manifest ansi-styles@^5.0.0
513 silly packumentCache full:https://registry.npmjs.org/ansi-styles cache-hit
514 silly fetch manifest ansi-regex@^5.0.1
515 silly packumentCache full:https://registry.npmjs.org/ansi-regex cache-miss
516 http fetch GET 200 https://registry.npmjs.org/ansi-regex 205ms (cache revalidated)
517 silly packumentCache full:https://registry.npmjs.org/ansi-regex set size:43572 disposed:false
518 silly placeDep ROOT @bcoe/v8-coverage@0.2.3 OK for: @jest/reporters@29.7.0 want: ^0.2.3
519 silly placeDep ROOT @jridgewell/trace-mapping@0.3.31 OK for: @jest/reporters@29.7.0 want: ^0.3.18
520 silly placeDep ROOT collect-v8-coverage@1.0.3 OK for: @jest/reporters@29.7.0 want: ^1.0.0
521 silly placeDep ROOT glob@7.2.3 OK for: @jest/reporters@29.7.0 want: ^7.1.3
522 silly placeDep ROOT istanbul-lib-coverage@3.2.2 OK for: @jest/reporters@29.7.0 want: ^3.0.0
523 silly placeDep ROOT istanbul-lib-instrument@6.0.3 OK for: @jest/reporters@29.7.0 want: ^6.0.0
524 silly placeDep ROOT istanbul-lib-report@3.0.1 OK for: @jest/reporters@29.7.0 want: ^3.0.0
525 silly placeDep ROOT istanbul-lib-source-maps@4.0.1 OK for: @jest/reporters@29.7.0 want: ^4.0.0
526 silly placeDep ROOT istanbul-reports@3.2.0 OK for: @jest/reporters@29.7.0 want: ^3.1.3
527 silly placeDep ROOT jest-worker@29.7.0 OK for: @jest/reporters@29.7.0 want: ^29.7.0
528 silly placeDep ROOT string-length@4.0.2 OK for: @jest/reporters@29.7.0 want: ^4.0.1
529 silly placeDep ROOT v8-to-istanbul@9.3.0 OK for: @jest/reporters@29.7.0 want: ^9.0.1
530 silly fetch manifest @jridgewell/resolve-uri@^3.1.0
531 silly packumentCache full:https://registry.npmjs.org/@jridgewell%2fresolve-uri cache-miss
532 http fetch GET 200 https://registry.npmjs.org/@jridgewell%2fresolve-uri 208ms (cache revalidated)
533 silly packumentCache full:https://registry.npmjs.org/@jridgewell%2fresolve-uri set size:57361 disposed:false
534 silly fetch manifest @jridgewell/sourcemap-codec@^1.4.14
535 silly packumentCache full:https://registry.npmjs.org/@jridgewell%2fsourcemap-codec cache-miss
536 http fetch GET 200 https://registry.npmjs.org/@jridgewell%2fsourcemap-codec 210ms (cache revalidated)
537 silly packumentCache full:https://registry.npmjs.org/@jridgewell%2fsourcemap-codec set size:51856 disposed:false
538 silly fetch manifest once@^1.3.0
539 silly packumentCache full:https://registry.npmjs.org/once cache-miss
540 http fetch GET 200 https://registry.npmjs.org/once 201ms (cache revalidated)
541 silly packumentCache full:https://registry.npmjs.org/once set size:11752 disposed:false
542 silly fetch manifest inflight@^1.0.4
543 silly packumentCache full:https://registry.npmjs.org/inflight cache-miss
544 http fetch GET 200 https://registry.npmjs.org/inflight 605ms (cache revalidated)
545 silly packumentCache full:https://registry.npmjs.org/inflight set size:13140 disposed:false
546 silly fetch manifest inherits@2
547 silly packumentCache full:https://registry.npmjs.org/inherits cache-miss
548 http fetch GET 200 https://registry.npmjs.org/inherits 210ms (cache revalidated)
549 silly packumentCache full:https://registry.npmjs.org/inherits set size:12925 disposed:false
550 silly fetch manifest minimatch@^3.1.1
551 silly packumentCache full:https://registry.npmjs.org/minimatch cache-miss
552 http fetch GET 200 https://registry.npmjs.org/minimatch 203ms (cache revalidated)
553 silly packumentCache full:https://registry.npmjs.org/minimatch set size:377924 disposed:false
554 silly fetch manifest fs.realpath@^1.0.0
555 silly packumentCache full:https://registry.npmjs.org/fs.realpath cache-miss
556 http fetch GET 200 https://registry.npmjs.org/fs.realpath 203ms (cache revalidated)
557 silly packumentCache full:https://registry.npmjs.org/fs.realpath set size:4806 disposed:false
558 silly fetch manifest path-is-absolute@^1.0.0
559 silly packumentCache full:https://registry.npmjs.org/path-is-absolute cache-miss
560 http fetch GET 200 https://registry.npmjs.org/path-is-absolute 1003ms (cache revalidated)
561 silly packumentCache full:https://registry.npmjs.org/path-is-absolute set size:8253 disposed:false
562 silly fetch manifest @babel/core@^7.23.9
563 silly packumentCache full:https://registry.npmjs.org/@babel%2fcore cache-hit
564 silly fetch manifest @babel/parser@^7.23.9
565 silly packumentCache full:https://registry.npmjs.org/@babel%2fparser cache-miss
566 http fetch GET 200 https://registry.npmjs.org/@babel%2fparser 210ms (cache revalidated)
567 silly packumentCache full:https://registry.npmjs.org/@babel%2fparser set size:737961 disposed:false
568 silly fetch manifest @istanbuljs/schema@^0.1.3
569 silly packumentCache full:https://registry.npmjs.org/@istanbuljs%2fschema cache-miss
570 http fetch GET 200 https://registry.npmjs.org/@istanbuljs%2fschema 215ms (cache revalidated)
571 silly packumentCache full:https://registry.npmjs.org/@istanbuljs%2fschema set size:16895 disposed:false
572 silly fetch manifest semver@^7.5.4
573 silly packumentCache full:https://registry.npmjs.org/semver cache-hit
574 silly fetch manifest make-dir@^4.0.0
575 silly packumentCache full:https://registry.npmjs.org/make-dir cache-miss
576 http fetch GET 200 https://registry.npmjs.org/make-dir 202ms (cache revalidated)
577 silly packumentCache full:https://registry.npmjs.org/make-dir set size:34889 disposed:false
578 silly fetch manifest debug@^4.1.1
579 silly packumentCache full:https://registry.npmjs.org/debug cache-miss
580 http fetch GET 200 https://registry.npmjs.org/debug 204ms (cache revalidated)
581 silly packumentCache full:https://registry.npmjs.org/debug set size:195840 disposed:false
582 silly fetch manifest source-map@^0.6.1
583 silly packumentCache full:https://registry.npmjs.org/source-map cache-miss
584 http fetch GET 200 https://registry.npmjs.org/source-map 239ms (cache revalidated)
585 silly packumentCache full:https://registry.npmjs.org/source-map set size:231637 disposed:false
586 silly fetch manifest html-escaper@^2.0.0
587 silly packumentCache full:https://registry.npmjs.org/html-escaper cache-miss
588 http fetch GET 200 https://registry.npmjs.org/html-escaper 202ms (cache revalidated)
589 silly packumentCache full:https://registry.npmjs.org/html-escaper set size:29853 disposed:false
590 silly fetch manifest merge-stream@^2.0.0
591 silly packumentCache full:https://registry.npmjs.org/merge-stream cache-miss
592 http fetch GET 200 https://registry.npmjs.org/merge-stream 203ms (cache revalidated)
593 silly packumentCache full:https://registry.npmjs.org/merge-stream set size:22168 disposed:false
594 silly fetch manifest supports-color@^8.0.0
595 silly packumentCache full:https://registry.npmjs.org/supports-color cache-hit
596 silly fetch manifest char-regex@^1.0.2
597 silly packumentCache full:https://registry.npmjs.org/char-regex cache-miss
598 http fetch GET 200 https://registry.npmjs.org/char-regex 207ms (cache revalidated)
599 silly packumentCache full:https://registry.npmjs.org/char-regex set size:20509 disposed:false
600 silly fetch manifest @types/istanbul-lib-coverage@^2.0.1
601 silly packumentCache full:https://registry.npmjs.org/@types%2fistanbul-lib-coverage cache-hit
602 silly placeDep ROOT @types/istanbul-lib-coverage@2.0.6 OK for: @jest/test-result@29.7.0 want: ^2.0.0
603 silly placeDep ROOT @babel/core@7.29.7 OK for: @jest/transform@29.7.0 want: ^7.11.6
604 silly placeDep ROOT babel-plugin-istanbul@6.1.1 OK for: @jest/transform@29.7.0 want: ^6.1.1
605 silly placeDep ROOT convert-source-map@2.0.0 OK for: @jest/transform@29.7.0 want: ^2.0.0
606 silly placeDep ROOT fast-json-stable-stringify@2.1.0 OK for: @jest/transform@29.7.0 want: ^2.1.0
607 silly placeDep ROOT pirates@4.0.7 OK for: @jest/transform@29.7.0 want: ^4.0.4
608 silly placeDep ROOT write-file-atomic@4.0.2 OK for: @jest/transform@29.7.0 want: ^4.0.2
609 silly fetch manifest debug@^4.1.0
610 silly packumentCache full:https://registry.npmjs.org/debug cache-hit
611 silly fetch manifest json5@^2.2.3
612 silly packumentCache full:https://registry.npmjs.org/json5 cache-miss
613 http fetch GET 200 https://registry.npmjs.org/json5 600ms (cache revalidated)
614 silly packumentCache full:https://registry.npmjs.org/json5 set size:86136 disposed:false
615 silly fetch manifest semver@^6.3.1
616 silly packumentCache full:https://registry.npmjs.org/semver cache-hit
617 silly fetch manifest gensync@^1.0.0-beta.2
618 silly packumentCache full:https://registry.npmjs.org/gensync cache-miss
619 http fetch GET 200 https://registry.npmjs.org/gensync 200ms (cache revalidated)
620 silly packumentCache full:https://registry.npmjs.org/gensync set size:15068 disposed:false
621 silly fetch manifest @babel/types@^7.29.7
622 silly packumentCache full:https://registry.npmjs.org/@babel%2ftypes cache-hit
623 silly fetch manifest @babel/parser@^7.29.7
624 silly packumentCache full:https://registry.npmjs.org/@babel%2fparser cache-hit
625 silly fetch manifest @babel/helpers@^7.29.7
626 silly packumentCache full:https://registry.npmjs.org/@babel%2fhelpers cache-miss
627 http fetch GET 200 https://registry.npmjs.org/@babel%2fhelpers 207ms (cache revalidated)
628 silly packumentCache full:https://registry.npmjs.org/@babel%2fhelpers set size:398496 disposed:false
629 silly fetch manifest @babel/template@^7.29.7
630 silly packumentCache full:https://registry.npmjs.org/@babel%2ftemplate cache-miss
631 http fetch GET 200 https://registry.npmjs.org/@babel%2ftemplate 212ms (cache revalidated)
632 silly packumentCache full:https://registry.npmjs.org/@babel%2ftemplate set size:237074 disposed:false
633 silly fetch manifest @babel/traverse@^7.29.7
634 silly packumentCache full:https://registry.npmjs.org/@babel%2ftraverse cache-miss
635 http fetch GET 200 https://registry.npmjs.org/@babel%2ftraverse 208ms (cache revalidated)
636 silly packumentCache full:https://registry.npmjs.org/@babel%2ftraverse set size:564759 disposed:false
637 silly fetch manifest @babel/generator@^7.29.7
638 silly packumentCache full:https://registry.npmjs.org/@babel%2fgenerator cache-hit
639 silly fetch manifest @babel/code-frame@^7.29.7
640 silly packumentCache full:https://registry.npmjs.org/@babel%2fcode-frame cache-hit
641 silly fetch manifest @jridgewell/remapping@^2.3.5
642 silly packumentCache full:https://registry.npmjs.org/@jridgewell%2fremapping cache-miss
643 http fetch GET 200 https://registry.npmjs.org/@jridgewell%2fremapping 213ms (cache revalidated)
644 silly packumentCache full:https://registry.npmjs.org/@jridgewell%2fremapping set size:23809 disposed:false
645 silly fetch manifest @babel/helper-module-transforms@^7.29.7
646 silly packumentCache full:https://registry.npmjs.org/@babel%2fhelper-module-transforms cache-miss
647 http fetch GET 200 https://registry.npmjs.org/@babel%2fhelper-module-transforms 610ms (cache revalidated)
648 silly packumentCache full:https://registry.npmjs.org/@babel%2fhelper-module-transforms set size:346454 disposed:false
649 silly fetch manifest @babel/helper-compilation-targets@^7.29.7
650 silly packumentCache full:https://registry.npmjs.org/@babel%2fhelper-compilation-targets cache-miss
651 http fetch GET 200 https://registry.npmjs.org/@babel%2fhelper-compilation-targets 206ms (cache revalidated)
652 silly packumentCache full:https://registry.npmjs.org/@babel%2fhelper-compilation-targets set size:229541 disposed:false
653 silly fetch manifest test-exclude@^6.0.0
654 silly packumentCache full:https://registry.npmjs.org/test-exclude cache-miss
655 http fetch GET 200 https://registry.npmjs.org/test-exclude 201ms (cache revalidated)
656 silly packumentCache full:https://registry.npmjs.org/test-exclude set size:89897 disposed:false
657 silly fetch manifest @istanbuljs/schema@^0.1.2
658 silly packumentCache full:https://registry.npmjs.org/@istanbuljs%2fschema cache-hit
659 silly fetch manifest istanbul-lib-instrument@^5.0.4
660 silly packumentCache full:https://registry.npmjs.org/istanbul-lib-instrument cache-hit
661 silly fetch manifest @babel/helper-plugin-utils@^7.0.0
662 silly packumentCache full:https://registry.npmjs.org/@babel%2fhelper-plugin-utils cache-miss
663 http fetch GET 200 https://registry.npmjs.org/@babel%2fhelper-plugin-utils 206ms (cache revalidated)
664 silly packumentCache full:https://registry.npmjs.org/@babel%2fhelper-plugin-utils set size:175564 disposed:false
665 silly fetch manifest @istanbuljs/load-nyc-config@^1.0.0
666 silly packumentCache full:https://registry.npmjs.org/@istanbuljs%2fload-nyc-config cache-miss
667 http fetch GET 200 https://registry.npmjs.org/@istanbuljs%2fload-nyc-config 218ms (cache revalidated)
668 silly packumentCache full:https://registry.npmjs.org/@istanbuljs%2fload-nyc-config set size:17425 disposed:false
669 silly fetch manifest imurmurhash@^0.1.4
670 silly packumentCache full:https://registry.npmjs.org/imurmurhash cache-miss
671 http fetch GET 200 https://registry.npmjs.org/imurmurhash 607ms (cache revalidated)
672 silly packumentCache full:https://registry.npmjs.org/imurmurhash set size:35819 disposed:false
673 silly fetch manifest signal-exit@^3.0.7
674 silly packumentCache full:https://registry.npmjs.org/signal-exit cache-miss
675 http fetch GET 200 https://registry.npmjs.org/signal-exit 202ms (cache revalidated)
676 silly packumentCache full:https://registry.npmjs.org/signal-exit set size:53489 disposed:false
677 silly fetch manifest @babel/core@^7.0.0
678 silly packumentCache full:https://registry.npmjs.org/@babel%2fcore cache-hit
679 silly placeDep ROOT @babel/code-frame@7.29.7 OK for: @babel/core@7.29.7 want: ^7.29.7
680 silly placeDep ROOT @babel/generator@7.29.8 OK for: @babel/core@7.29.7 want: ^7.29.7
681 silly placeDep ROOT @babel/helper-compilation-targets@7.29.7 OK for: @babel/core@7.29.7 want: ^7.29.7
682 silly placeDep ROOT @babel/helper-module-transforms@7.29.7 OK for: @babel/core@7.29.7 want: ^7.29.7
683 silly placeDep ROOT @babel/helpers@7.29.7 OK for: @babel/core@7.29.7 want: ^7.29.7
684 silly placeDep ROOT @babel/parser@7.29.8 OK for: @babel/core@7.29.7 want: ^7.29.7
685 silly placeDep ROOT @babel/template@7.29.7 OK for: @babel/core@7.29.7 want: ^7.29.7
686 silly placeDep ROOT @babel/traverse@7.29.8 OK for: @babel/core@7.29.7 want: ^7.29.7
687 silly placeDep ROOT @babel/types@7.29.8 OK for: @babel/core@7.29.7 want: ^7.29.7
688 silly placeDep ROOT @jridgewell/remapping@2.3.5 OK for: @babel/core@7.29.7 want: ^2.3.5
689 silly placeDep ROOT debug@4.4.3 OK for: @babel/core@7.29.7 want: ^4.1.0
690 silly placeDep ROOT gensync@1.0.0-beta.2 OK for: @babel/core@7.29.7 want: ^1.0.0-beta.2
691 silly placeDep ROOT json5@2.2.3 OK for: @babel/core@7.29.7 want: ^2.2.3
692 silly placeDep ROOT semver@6.3.1 OK for: @babel/core@7.29.7 want: ^6.3.1
693 silly fetch manifest js-tokens@^4.0.0
694 silly packumentCache full:https://registry.npmjs.org/js-tokens cache-miss
695 http fetch GET 200 https://registry.npmjs.org/js-tokens 607ms (cache revalidated)
696 silly packumentCache full:https://registry.npmjs.org/js-tokens set size:41947 disposed:false
697 silly fetch manifest picocolors@^1.1.1
698 silly packumentCache full:https://registry.npmjs.org/picocolors cache-miss
699 http fetch GET 200 https://registry.npmjs.org/picocolors 616ms (cache revalidated)
700 silly packumentCache full:https://registry.npmjs.org/picocolors set size:16648 disposed:false
701 silly fetch manifest @babel/helper-validator-identifier@^7.29.7
702 silly packumentCache full:https://registry.npmjs.org/@babel%2fhelper-validator-identifier cache-miss
703 http fetch GET 200 https://registry.npmjs.org/@babel%2fhelper-validator-identifier 206ms (cache revalidated)
704 silly packumentCache full:https://registry.npmjs.org/@babel%2fhelper-validator-identifier set size:130133 disposed:false
705 silly fetch manifest jsesc@^3.0.2
706 silly packumentCache full:https://registry.npmjs.org/jsesc cache-miss
707 http fetch GET 200 https://registry.npmjs.org/jsesc 603ms (cache revalidated)
708 silly packumentCache full:https://registry.npmjs.org/jsesc set size:61512 disposed:false
709 silly fetch manifest @babel/types@^7.29.8
710 silly packumentCache full:https://registry.npmjs.org/@babel%2ftypes cache-hit
711 silly fetch manifest @babel/parser@^7.29.8
712 silly packumentCache full:https://registry.npmjs.org/@babel%2fparser cache-hit
713 silly fetch manifest @jridgewell/gen-mapping@^0.3.12
714 silly packumentCache full:https://registry.npmjs.org/@jridgewell%2fgen-mapping cache-miss
715 http fetch GET 200 https://registry.npmjs.org/@jridgewell%2fgen-mapping 219ms (cache revalidated)
716 silly packumentCache full:https://registry.npmjs.org/@jridgewell%2fgen-mapping set size:75941 disposed:false
717 silly fetch manifest lru-cache@^5.1.1
718 silly packumentCache full:https://registry.npmjs.org/lru-cache cache-miss
719 http fetch GET 200 https://registry.npmjs.org/lru-cache 618ms (cache revalidated)
720 silly packumentCache full:https://registry.npmjs.org/lru-cache set size:460407 disposed:false
721 silly fetch manifest browserslist@^4.24.0
722 silly packumentCache full:https://registry.npmjs.org/browserslist cache-miss
723 http fetch GET 200 https://registry.npmjs.org/browserslist 605ms (cache revalidated)
724 silly packumentCache full:https://registry.npmjs.org/browserslist set size:516369 disposed:false
725 silly fetch manifest @babel/compat-data@^7.29.7
726 silly packumentCache full:https://registry.npmjs.org/@babel%2fcompat-data cache-miss
727 http fetch GET 200 https://registry.npmjs.org/@babel%2fcompat-data 209ms (cache revalidated)
728 silly packumentCache full:https://registry.npmjs.org/@babel%2fcompat-data set size:318807 disposed:false
729 silly fetch manifest @babel/helper-validator-option@^7.29.7
730 silly packumentCache full:https://registry.npmjs.org/@babel%2fhelper-validator-option cache-miss
731 http fetch GET 200 https://registry.npmjs.org/@babel%2fhelper-validator-option 209ms (cache revalidated)
732 silly packumentCache full:https://registry.npmjs.org/@babel%2fhelper-validator-option set size:101303 disposed:false
733 silly fetch manifest @babel/helper-module-imports@^7.29.7
734 silly packumentCache full:https://registry.npmjs.org/@babel%2fhelper-module-imports cache-miss
735 http fetch GET 200 https://registry.npmjs.org/@babel%2fhelper-module-imports 212ms (cache revalidated)
736 silly packumentCache full:https://registry.npmjs.org/@babel%2fhelper-module-imports set size:203392 disposed:false
737 silly fetch manifest debug@^4.3.1
738 silly packumentCache full:https://registry.npmjs.org/debug cache-hit
739 silly fetch manifest @babel/helper-globals@^7.29.7
740 silly packumentCache full:https://registry.npmjs.org/@babel%2fhelper-globals cache-miss
741 http fetch GET 200 https://registry.npmjs.org/@babel%2fhelper-globals 207ms (cache revalidated)
742 silly packumentCache full:https://registry.npmjs.org/@babel%2fhelper-globals set size:25155 disposed:false
743 silly fetch manifest @babel/helper-string-parser@^7.29.7
744 silly packumentCache full:https://registry.npmjs.org/@babel%2fhelper-string-parser cache-miss
745 http fetch GET 200 https://registry.npmjs.org/@babel%2fhelper-string-parser 207ms (cache revalidated)
746 silly packumentCache full:https://registry.npmjs.org/@babel%2fhelper-string-parser set size:91563 disposed:false
747 silly fetch manifest @jridgewell/gen-mapping@^0.3.5
748 silly packumentCache full:https://registry.npmjs.org/@jridgewell%2fgen-mapping cache-hit
749 silly fetch manifest ms@^2.1.3
750 silly packumentCache full:https://registry.npmjs.org/ms cache-miss
751 http fetch GET 200 https://registry.npmjs.org/ms 202ms (cache revalidated)
752 silly packumentCache full:https://registry.npmjs.org/ms set size:92208 disposed:false
753 silly placeDep ROOT @babel/helper-validator-identifier@7.29.7 OK for: @babel/code-frame@7.29.7 want: ^7.29.7
754 silly placeDep ROOT js-tokens@4.0.0 OK for: @babel/code-frame@7.29.7 want: ^4.0.0
755 silly placeDep ROOT picocolors@1.1.1 OK for: @babel/code-frame@7.29.7 want: ^1.1.1
756 silly placeDep ROOT @jridgewell/gen-mapping@0.3.13 OK for: @babel/generator@7.29.8 want: ^0.3.12
757 silly placeDep ROOT jsesc@3.1.0 OK for: @babel/generator@7.29.8 want: ^3.0.2
758 silly fetch manifest @jridgewell/sourcemap-codec@^1.5.0
759 silly packumentCache full:https://registry.npmjs.org/@jridgewell%2fsourcemap-codec cache-hit
760 silly placeDep ROOT @babel/compat-data@7.29.7 OK for: @babel/helper-compilation-targets@7.29.7 want: ^7.29.7
761 silly placeDep ROOT @babel/helper-validator-option@7.29.7 OK for: @babel/helper-compilation-targets@7.29.7 want: ^7.29.7
762 silly placeDep ROOT browserslist@4.28.7 OK for: @babel/helper-compilation-targets@7.29.7 want: ^4.24.0
763 silly placeDep ROOT lru-cache@5.1.1 OK for: @babel/helper-compilation-targets@7.29.7 want: ^5.1.1
764 silly fetch manifest caniuse-lite@^1.0.30001806
765 silly packumentCache full:https://registry.npmjs.org/caniuse-lite cache-miss
766 http fetch GET 200 https://registry.npmjs.org/caniuse-lite 207ms (cache revalidated)
767 silly packumentCache full:https://registry.npmjs.org/caniuse-lite set size:2311190 disposed:false
768 silly fetch manifest node-releases@^2.0.51
769 silly packumentCache full:https://registry.npmjs.org/node-releases cache-miss
770 http fetch GET 200 https://registry.npmjs.org/node-releases 204ms (cache revalidated)
771 silly packumentCache full:https://registry.npmjs.org/node-releases set size:294065 disposed:false
772 silly fetch manifest electron-to-chromium@^1.5.393
773 silly packumentCache full:https://registry.npmjs.org/electron-to-chromium cache-miss
774 http fetch GET 200 https://registry.npmjs.org/electron-to-chromium 215ms (cache revalidated)
775 silly packumentCache full:https://registry.npmjs.org/electron-to-chromium set size:4888164 disposed:false
776 silly fetch manifest update-browserslist-db@^1.2.3
777 silly packumentCache full:https://registry.npmjs.org/update-browserslist-db cache-miss
778 http fetch GET 200 https://registry.npmjs.org/update-browserslist-db 205ms (cache revalidated)
779 silly packumentCache full:https://registry.npmjs.org/update-browserslist-db set size:64432 disposed:false
780 silly fetch manifest baseline-browser-mapping@^2.10.44
781 silly packumentCache full:https://registry.npmjs.org/baseline-browser-mapping cache-miss
782 http fetch GET 200 https://registry.npmjs.org/baseline-browser-mapping 611ms (cache revalidated)
783 silly packumentCache full:https://registry.npmjs.org/baseline-browser-mapping set size:589004 disposed:false
784 silly fetch manifest yallist@^3.0.2
785 silly packumentCache full:https://registry.npmjs.org/yallist cache-miss
786 http fetch GET 200 https://registry.npmjs.org/yallist 605ms (cache revalidated)
787 silly packumentCache full:https://registry.npmjs.org/yallist set size:34610 disposed:false
788 silly placeDep ROOT @babel/helper-module-imports@7.29.7 OK for: @babel/helper-module-transforms@7.29.7 want: ^7.29.7
789 silly placeDep ROOT @babel/helper-globals@7.29.7 OK for: @babel/traverse@7.29.8 want: ^7.29.7
790 silly placeDep ROOT @babel/helper-string-parser@7.29.7 OK for: @babel/types@7.29.8 want: ^7.29.7
791 silly placeDep ROOT @jest/schemas@29.6.3 OK for: @jest/types@29.6.3 want: ^29.6.3
792 silly placeDep ROOT @types/istanbul-reports@3.0.4 OK for: @jest/types@29.6.3 want: ^3.0.0
793 silly placeDep ROOT @types/yargs@17.0.35 OK for: @jest/types@29.6.3 want: ^17.0.8
794 silly fetch manifest @sinclair/typebox@^0.27.8
795 silly packumentCache full:https://registry.npmjs.org/@sinclair%2ftypebox cache-miss
796 http fetch GET 200 https://registry.npmjs.org/@sinclair%2ftypebox 247ms (cache revalidated)
797 silly packumentCache full:https://registry.npmjs.org/@sinclair%2ftypebox set size:1212785 disposed:false
798 silly fetch manifest @types/istanbul-lib-report@*
799 silly packumentCache full:https://registry.npmjs.org/@types%2fistanbul-lib-report cache-miss
800 http fetch GET 200 https://registry.npmjs.org/@types%2fistanbul-lib-report 210ms (cache revalidated)
801 silly packumentCache full:https://registry.npmjs.org/@types%2fistanbul-lib-report set size:12674 disposed:false
802 silly fetch manifest @types/yargs-parser@*
803 silly packumentCache full:https://registry.npmjs.org/@types%2fyargs-parser cache-miss
804 http fetch GET 200 https://registry.npmjs.org/@types%2fyargs-parser 207ms (cache revalidated)
805 silly packumentCache full:https://registry.npmjs.org/@types%2fyargs-parser set size:42751 disposed:false
806 silly placeDep ROOT @sinclair/typebox@0.27.12 OK for: @jest/schemas@29.6.3 want: ^0.27.8
807 silly placeDep ROOT @jridgewell/sourcemap-codec@1.5.5 OK for: @jridgewell/gen-mapping@0.3.13 want: ^1.5.0
808 silly placeDep ROOT @jridgewell/resolve-uri@3.1.2 OK for: @jridgewell/trace-mapping@0.3.31 want: ^3.1.0
809 silly placeDep ROOT @types/istanbul-lib-report@3.0.3 OK for: @types/istanbul-reports@3.0.4 want: *
810 silly placeDep ROOT undici-types@8.3.0 OK for: @types/node@26.1.2 want: ~8.3.0
811 silly placeDep ROOT @types/yargs-parser@21.0.3 OK for: @types/yargs@17.0.35 want: *
812 silly placeDep ROOT type-fest@0.21.3 OK for: ansi-escapes@4.3.2 want: ^0.21.3
813 silly placeDep ROOT @babel/helper-plugin-utils@7.29.7 OK for: babel-plugin-istanbul@6.1.1 want: ^7.0.0
814 silly placeDep ROOT @istanbuljs/load-nyc-config@1.1.0 OK for: babel-plugin-istanbul@6.1.1 want: ^1.0.0
815 silly placeDep ROOT @istanbuljs/schema@0.1.6 OK for: babel-plugin-istanbul@6.1.1 want: ^0.1.2
816 silly placeDep node_modules/babel-plugin-istanbul istanbul-lib-instrument@5.2.1 OK for: babel-plugin-istanbul@6.1.1 want: ^5.0.4
817 silly placeDep ROOT test-exclude@6.0.0 OK for: babel-plugin-istanbul@6.1.1 want: ^6.0.0
818 silly fetch manifest camelcase@^5.3.1
819 silly packumentCache full:https://registry.npmjs.org/camelcase cache-hit
820 silly fetch manifest find-up@^4.1.0
821 silly packumentCache full:https://registry.npmjs.org/find-up cache-miss
822 http fetch GET 200 https://registry.npmjs.org/find-up 202ms (cache revalidated)
823 silly packumentCache full:https://registry.npmjs.org/find-up set size:42620 disposed:false
824 silly fetch manifest get-package-type@^0.1.0
825 silly packumentCache full:https://registry.npmjs.org/get-package-type cache-miss
826 http fetch GET 200 https://registry.npmjs.org/get-package-type 202ms (cache revalidated)
827 silly packumentCache full:https://registry.npmjs.org/get-package-type set size:4414 disposed:false
828 silly fetch manifest js-yaml@^3.13.1
829 silly packumentCache full:https://registry.npmjs.org/js-yaml cache-miss
830 http fetch GET 200 https://registry.npmjs.org/js-yaml 608ms (cache revalidated)
831 silly packumentCache full:https://registry.npmjs.org/js-yaml set size:184624 disposed:false
832 silly fetch manifest resolve-from@^5.0.0
833 silly packumentCache full:https://registry.npmjs.org/resolve-from cache-miss
834 http fetch GET 200 https://registry.npmjs.org/resolve-from 206ms (cache revalidated)
835 silly packumentCache full:https://registry.npmjs.org/resolve-from set size:12911 disposed:false
836 silly fetch manifest minimatch@^3.0.4
837 silly packumentCache full:https://registry.npmjs.org/minimatch cache-hit
838 silly placeDep ROOT camelcase@5.3.1 OK for: @istanbuljs/load-nyc-config@1.1.0 want: ^5.3.1
839 silly placeDep ROOT find-up@4.1.0 OK for: @istanbuljs/load-nyc-config@1.1.0 want: ^4.1.0
840 silly placeDep ROOT get-package-type@0.1.0 OK for: @istanbuljs/load-nyc-config@1.1.0 want: ^0.1.0
841 silly placeDep ROOT js-yaml@3.15.1 OK for: @istanbuljs/load-nyc-config@1.1.0 want: ^3.13.1
842 silly placeDep ROOT resolve-from@5.0.0 OK for: @istanbuljs/load-nyc-config@1.1.0 want: ^5.0.0
843 silly fetch manifest locate-path@^5.0.0
844 silly packumentCache full:https://registry.npmjs.org/locate-path cache-miss
845 http fetch GET 200 https://registry.npmjs.org/locate-path 202ms (cache revalidated)
846 silly packumentCache full:https://registry.npmjs.org/locate-path set size:31329 disposed:false
847 silly fetch manifest path-exists@^4.0.0
848 silly packumentCache full:https://registry.npmjs.org/path-exists cache-miss
849 http fetch GET 200 https://registry.npmjs.org/path-exists 586ms (cache miss)
850 silly packumentCache full:https://registry.npmjs.org/path-exists set size:undefined disposed:false
851 silly fetch manifest esprima@^4.0.0
852 silly packumentCache full:https://registry.npmjs.org/esprima cache-miss
853 http fetch GET 200 https://registry.npmjs.org/esprima 583ms (cache miss)
854 silly packumentCache full:https://registry.npmjs.org/esprima set size:undefined disposed:false
855 silly fetch manifest argparse@^1.0.7
856 silly packumentCache full:https://registry.npmjs.org/argparse cache-miss
857 http fetch GET 200 https://registry.npmjs.org/argparse 447ms (cache miss)
858 silly packumentCache full:https://registry.npmjs.org/argparse set size:undefined disposed:false
859 silly fetch manifest browserslist@>= 4.21.0
860 silly packumentCache full:https://registry.npmjs.org/browserslist cache-hit
861 silly placeDep ROOT baseline-browser-mapping@2.11.12 OK for: browserslist@4.28.7 want: ^2.10.44
862 silly placeDep ROOT caniuse-lite@1.0.30001809 OK for: browserslist@4.28.7 want: ^1.0.30001806
863 silly placeDep ROOT electron-to-chromium@1.5.402 OK for: browserslist@4.28.7 want: ^1.5.393
864 silly placeDep ROOT node-releases@2.0.53 OK for: browserslist@4.28.7 want: ^2.0.51
865 silly placeDep ROOT update-browserslist-db@1.3.0 OK for: browserslist@4.28.7 want: ^1.2.3
866 silly fetch manifest escalade@^3.2.0
867 silly packumentCache full:https://registry.npmjs.org/escalade cache-miss
868 http fetch GET 200 https://registry.npmjs.org/escalade 236ms (cache miss)
869 silly packumentCache full:https://registry.npmjs.org/escalade set size:undefined disposed:false
870 silly placeDep ROOT ansi-styles@4.3.0 OK for: chalk@4.1.2 want: ^4.1.0
871 silly placeDep ROOT supports-color@7.2.0 OK for: chalk@4.1.2 want: ^7.1.0
872 silly fetch manifest color-convert@^2.0.1
873 silly packumentCache full:https://registry.npmjs.org/color-convert cache-miss
874 http fetch GET 200 https://registry.npmjs.org/color-convert 990ms (cache miss)
875 silly packumentCache full:https://registry.npmjs.org/color-convert set size:undefined disposed:false
876 silly fetch manifest has-flag@^4.0.0
877 silly packumentCache full:https://registry.npmjs.org/has-flag cache-miss
878 http fetch GET 200 https://registry.npmjs.org/has-flag 441ms (cache miss)
879 silly packumentCache full:https://registry.npmjs.org/has-flag set size:undefined disposed:false
880 silly placeDep ROOT color-convert@2.0.1 OK for: ansi-styles@4.3.0 want: ^2.0.1
881 silly fetch manifest color-name@~1.1.4
882 silly packumentCache full:https://registry.npmjs.org/color-name cache-miss
883 http fetch GET 200 https://registry.npmjs.org/color-name 207ms (cache miss)
884 silly packumentCache full:https://registry.npmjs.org/color-name set size:undefined disposed:false
885 silly placeDep ROOT color-name@1.1.4 OK for: color-convert@2.0.1 want: ~1.1.4
886 silly placeDep ROOT ms@2.1.3 OK for: debug@4.4.3 want: ^2.1.3
887 silly placeDep ROOT locate-path@5.0.0 OK for: find-up@4.1.0 want: ^5.0.0
888 silly placeDep ROOT path-exists@4.0.0 OK for: find-up@4.1.0 want: ^4.0.0
889 silly fetch manifest p-locate@^4.1.0
890 silly packumentCache full:https://registry.npmjs.org/p-locate cache-miss
891 http fetch GET 200 https://registry.npmjs.org/p-locate 642ms (cache miss)
892 silly packumentCache full:https://registry.npmjs.org/p-locate set size:undefined disposed:false
893 silly placeDep ROOT fs.realpath@1.0.0 OK for: glob@7.2.3 want: ^1.0.0
894 silly placeDep ROOT inflight@1.0.6 OK for: glob@7.2.3 want: ^1.0.4
895 silly placeDep ROOT inherits@2.0.4 OK for: glob@7.2.3 want: 2
896 silly placeDep ROOT minimatch@3.1.5 OK for: glob@7.2.3 want: ^3.1.1
897 silly placeDep ROOT once@1.4.0 OK for: glob@7.2.3 want: ^1.3.0
898 silly placeDep ROOT path-is-absolute@1.0.1 OK for: glob@7.2.3 want: ^1.0.0
899 silly fetch manifest wrappy@1
900 silly packumentCache full:https://registry.npmjs.org/wrappy cache-miss
901 http fetch GET 200 https://registry.npmjs.org/wrappy 233ms (cache miss)
902 silly packumentCache full:https://registry.npmjs.org/wrappy set size:undefined disposed:false
903 silly fetch manifest brace-expansion@^1.1.7
904 silly packumentCache full:https://registry.npmjs.org/brace-expansion cache-miss
905 http fetch GET 200 https://registry.npmjs.org/brace-expansion 1812ms (cache miss)
906 silly packumentCache full:https://registry.npmjs.org/brace-expansion set size:undefined disposed:false
907 silly placeDep ROOT pkg-dir@4.2.0 OK for: import-local@3.2.0 want: ^4.2.0
908 silly placeDep ROOT resolve-cwd@3.0.0 OK for: import-local@3.2.0 want: ^3.0.0
909 silly placeDep ROOT wrappy@1.0.2 OK for: inflight@1.0.6 want: 1
910 silly placeDep node_modules/istanbul-lib-instrument semver@7.8.5 OK for: istanbul-lib-instrument@6.0.3 want: ^7.5.4
911 silly placeDep ROOT make-dir@4.0.0 OK for: istanbul-lib-report@3.0.1 want: ^4.0.0
912 silly placeDep ROOT source-map@0.6.1 OK for: istanbul-lib-source-maps@4.0.1 want: ^0.6.1
913 silly placeDep ROOT html-escaper@2.0.2 OK for: istanbul-reports@3.2.0 want: ^2.0.0
914 silly placeDep ROOT execa@5.1.1 OK for: jest-changed-files@29.7.0 want: ^5.0.0
915 silly placeDep ROOT p-limit@3.1.0 OK for: jest-changed-files@29.7.0 want: ^3.1.0
916 silly fetch manifest onetime@^5.1.2
917 silly packumentCache full:https://registry.npmjs.org/onetime cache-miss
918 http fetch GET 200 https://registry.npmjs.org/onetime 1017ms (cache miss)
919 silly packumentCache full:https://registry.npmjs.org/onetime set size:undefined disposed:false
920 silly fetch manifest is-stream@^2.0.0
921 silly packumentCache full:https://registry.npmjs.org/is-stream cache-miss
922 http fetch GET 200 https://registry.npmjs.org/is-stream 325ms (cache miss)
923 silly packumentCache full:https://registry.npmjs.org/is-stream set size:undefined disposed:false
924 silly fetch manifest get-stream@^6.0.0
925 silly packumentCache full:https://registry.npmjs.org/get-stream cache-miss
926 http fetch GET 200 https://registry.npmjs.org/get-stream 704ms (cache miss)
927 silly packumentCache full:https://registry.npmjs.org/get-stream set size:undefined disposed:false
928 silly fetch manifest cross-spawn@^7.0.3
929 silly packumentCache full:https://registry.npmjs.org/cross-spawn cache-miss
930 http fetch GET 200 https://registry.npmjs.org/cross-spawn 746ms (cache miss)
931 silly packumentCache full:https://registry.npmjs.org/cross-spawn set size:undefined disposed:false
932 silly fetch manifest signal-exit@^3.0.3
933 silly packumentCache full:https://registry.npmjs.org/signal-exit cache-hit
934 silly fetch manifest npm-run-path@^4.0.1
935 silly packumentCache full:https://registry.npmjs.org/npm-run-path cache-miss
936 http fetch GET 200 https://registry.npmjs.org/npm-run-path 409ms (cache miss)
937 silly packumentCache full:https://registry.npmjs.org/npm-run-path set size:undefined disposed:false
938 silly fetch manifest human-signals@^2.1.0
939 silly packumentCache full:https://registry.npmjs.org/human-signals cache-miss
940 http fetch GET 200 https://registry.npmjs.org/human-signals 1122ms (cache miss)
941 silly packumentCache full:https://registry.npmjs.org/human-signals set size:undefined disposed:false
942 silly fetch manifest strip-final-newline@^2.0.0
943 silly packumentCache full:https://registry.npmjs.org/strip-final-newline cache-miss
944 http fetch GET 200 https://registry.npmjs.org/strip-final-newline 280ms (cache miss)
945 silly packumentCache full:https://registry.npmjs.org/strip-final-newline set size:undefined disposed:false
946 silly fetch manifest yocto-queue@^0.1.0
947 silly packumentCache full:https://registry.npmjs.org/yocto-queue cache-miss
948 http fetch GET 200 https://registry.npmjs.org/yocto-queue 514ms (cache miss)
949 silly packumentCache full:https://registry.npmjs.org/yocto-queue set size:undefined disposed:false
950 silly placeDep ROOT cross-spawn@7.0.6 OK for: execa@5.1.1 want: ^7.0.3
951 silly placeDep ROOT get-stream@6.0.1 OK for: execa@5.1.1 want: ^6.0.0
952 silly placeDep ROOT human-signals@2.1.0 OK for: execa@5.1.1 want: ^2.1.0
953 silly placeDep ROOT is-stream@2.0.1 OK for: execa@5.1.1 want: ^2.0.0
954 silly placeDep ROOT merge-stream@2.0.0 OK for: execa@5.1.1 want: ^2.0.0
955 silly placeDep ROOT npm-run-path@4.0.1 OK for: execa@5.1.1 want: ^4.0.1
956 silly placeDep ROOT onetime@5.1.2 OK for: execa@5.1.1 want: ^5.1.2
957 silly placeDep ROOT signal-exit@3.0.7 OK for: execa@5.1.1 want: ^3.0.3
958 silly placeDep ROOT strip-final-newline@2.0.0 OK for: execa@5.1.1 want: ^2.0.0
959 silly fetch manifest which@^2.0.1
960 silly packumentCache full:https://registry.npmjs.org/which cache-miss
961 http fetch GET 200 https://registry.npmjs.org/which 2022ms (cache miss)
962 silly packumentCache full:https://registry.npmjs.org/which set size:undefined disposed:false
963 silly fetch manifest path-key@^3.1.0
964 silly packumentCache full:https://registry.npmjs.org/path-key cache-miss
965 http fetch GET 200 https://registry.npmjs.org/path-key 311ms (cache miss)
966 silly packumentCache full:https://registry.npmjs.org/path-key set size:undefined disposed:false
967 silly fetch manifest shebang-command@^2.0.0
968 silly packumentCache full:https://registry.npmjs.org/shebang-command cache-miss
969 http fetch GET 200 https://registry.npmjs.org/shebang-command 271ms (cache miss)
970 silly packumentCache full:https://registry.npmjs.org/shebang-command set size:undefined disposed:false
971 silly fetch manifest path-key@^3.0.0
972 silly packumentCache full:https://registry.npmjs.org/path-key cache-miss
973 http cache https://registry.npmjs.org/path-key 1ms (cache hit)
974 silly packumentCache full:https://registry.npmjs.org/path-key set size:16975 disposed:false
975 silly fetch manifest mimic-fn@^2.1.0
976 silly packumentCache full:https://registry.npmjs.org/mimic-fn cache-miss
977 http fetch GET 200 https://registry.npmjs.org/mimic-fn 470ms (cache miss)
978 silly packumentCache full:https://registry.npmjs.org/mimic-fn set size:undefined disposed:false
979 silly placeDep ROOT path-key@3.1.1 OK for: cross-spawn@7.0.6 want: ^3.1.0
980 silly placeDep ROOT shebang-command@2.0.0 OK for: cross-spawn@7.0.6 want: ^2.0.0
981 silly placeDep ROOT which@2.0.2 OK for: cross-spawn@7.0.6 want: ^2.0.1
982 silly fetch manifest shebang-regex@^3.0.0
983 silly packumentCache full:https://registry.npmjs.org/shebang-regex cache-miss
984 http fetch GET 200 https://registry.npmjs.org/shebang-regex 294ms (cache miss)
985 silly packumentCache full:https://registry.npmjs.org/shebang-regex set size:undefined disposed:false
986 silly fetch manifest isexe@^2.0.0
987 silly packumentCache full:https://registry.npmjs.org/isexe cache-miss
988 http fetch GET 200 https://registry.npmjs.org/isexe 1079ms (cache miss)
989 silly packumentCache full:https://registry.npmjs.org/isexe set size:undefined disposed:false
990 silly placeDep ROOT create-jest@29.7.0 OK for: jest-cli@29.7.0 want: ^29.7.0
991 silly placeDep ROOT yargs@17.7.3 OK for: jest-cli@29.7.0 want: ^17.3.1
992 silly fetch manifest prompts@^2.0.1
993 silly packumentCache full:https://registry.npmjs.org/prompts cache-miss
994 http fetch GET 200 https://registry.npmjs.org/prompts 1025ms (cache miss)
995 silly packumentCache full:https://registry.npmjs.org/prompts set size:undefined disposed:false
996 silly fetch manifest y18n@^5.0.5
997 silly packumentCache full:https://registry.npmjs.org/y18n cache-miss
998 http fetch GET 200 https://registry.npmjs.org/y18n 1327ms (cache miss)
999 silly packumentCache full:https://registry.npmjs.org/y18n set size:undefined disposed:false
1000 silly fetch manifest cliui@^8.0.1
1001 silly packumentCache full:https://registry.npmjs.org/cliui cache-miss
1002 http fetch GET 200 https://registry.npmjs.org/cliui 1128ms (cache miss)
1003 silly packumentCache full:https://registry.npmjs.org/cliui set size:undefined disposed:false
1004 silly fetch manifest escalade@^3.1.1
1005 silly packumentCache full:https://registry.npmjs.org/escalade cache-miss
1006 http cache https://registry.npmjs.org/escalade 1ms (cache hit)
1007 silly packumentCache full:https://registry.npmjs.org/escalade set size:33724 disposed:false
1008 silly fetch manifest string-width@^4.2.3
1009 silly packumentCache full:https://registry.npmjs.org/string-width cache-miss
1010 http fetch GET 200 https://registry.npmjs.org/string-width 777ms (cache miss)
1011 silly packumentCache full:https://registry.npmjs.org/string-width set size:undefined disposed:false
1012 silly fetch manifest yargs-parser@^21.1.1
1013 silly packumentCache full:https://registry.npmjs.org/yargs-parser cache-miss
1014 http fetch GET 200 https://registry.npmjs.org/yargs-parser 2678ms (cache miss)
1015 silly packumentCache full:https://registry.npmjs.org/yargs-parser set size:undefined disposed:false
1016 silly fetch manifest get-caller-file@^2.0.5
1017 silly packumentCache full:https://registry.npmjs.org/get-caller-file cache-miss
1018 http fetch GET 200 https://registry.npmjs.org/get-caller-file 937ms (cache miss)
1019 silly packumentCache full:https://registry.npmjs.org/get-caller-file set size:undefined disposed:false
1020 silly fetch manifest require-directory@^2.1.1
1021 silly packumentCache full:https://registry.npmjs.org/require-directory cache-miss
1022 http fetch GET 200 https://registry.npmjs.org/require-directory 468ms (cache miss)
1023 silly packumentCache full:https://registry.npmjs.org/require-directory set size:undefined disposed:false
1024 silly placeDep ROOT prompts@2.4.2 OK for: create-jest@29.7.0 want: ^2.0.1
1025 silly fetch manifest kleur@^3.0.3
1026 silly packumentCache full:https://registry.npmjs.org/kleur cache-miss
1027 http fetch GET 200 https://registry.npmjs.org/kleur 1471ms (cache miss)
1028 silly packumentCache full:https://registry.npmjs.org/kleur set size:undefined disposed:false
1029 silly fetch manifest sisteransi@^1.0.5
1030 silly packumentCache full:https://registry.npmjs.org/sisteransi cache-miss
1031 http fetch GET 200 https://registry.npmjs.org/sisteransi 648ms (cache miss)
1032 silly packumentCache full:https://registry.npmjs.org/sisteransi set size:undefined disposed:false
1033 silly placeDep ROOT @jest/test-sequencer@29.7.0 OK for: jest-config@29.7.0 want: ^29.7.0
1034 silly placeDep ROOT babel-jest@29.7.0 OK for: jest-config@29.7.0 want: ^29.7.0
1035 silly placeDep ROOT deepmerge@4.3.1 OK for: jest-config@29.7.0 want: ^4.2.2
1036 silly placeDep ROOT jest-circus@29.7.0 OK for: jest-config@29.7.0 want: ^29.7.0
1037 silly placeDep ROOT jest-environment-node@29.7.0 OK for: jest-config@29.7.0 want: ^29.7.0
1038 silly placeDep ROOT jest-get-type@29.6.3 OK for: jest-config@29.7.0 want: ^29.6.3
1039 silly placeDep ROOT parse-json@5.2.0 OK for: jest-config@29.7.0 want: ^5.2.0
1040 silly placeDep ROOT strip-json-comments@3.1.1 OK for: jest-config@29.7.0 want: ^3.1.1
1041 silly fetch manifest babel-preset-jest@^29.6.3
1042 silly packumentCache full:https://registry.npmjs.org/babel-preset-jest cache-miss
1043 http fetch GET 200 https://registry.npmjs.org/babel-preset-jest 5187ms (cache miss)
1044 silly packumentCache full:https://registry.npmjs.org/babel-preset-jest set size:undefined disposed:false
1045 silly fetch manifest @types/babel__core@^7.1.14
1046 silly packumentCache full:https://registry.npmjs.org/@types%2fbabel__core cache-miss
1047 http fetch GET 200 https://registry.npmjs.org/@types%2fbabel__core 2076ms (cache miss)
1048 silly packumentCache full:https://registry.npmjs.org/@types%2fbabel__core set size:undefined disposed:false
1049 silly fetch manifest co@^4.6.0
1050 silly packumentCache full:https://registry.npmjs.org/co cache-miss
1051 http fetch GET 200 https://registry.npmjs.org/co 925ms (cache miss)
1052 silly packumentCache full:https://registry.npmjs.org/co set size:undefined disposed:false
1053 silly fetch manifest dedent@^1.0.0
1054 silly packumentCache full:https://registry.npmjs.org/dedent cache-miss
1055 http fetch GET 200 https://registry.npmjs.org/dedent 2115ms (cache miss)
1056 silly packumentCache full:https://registry.npmjs.org/dedent set size:undefined disposed:false
1057 silly fetch manifest jest-each@^29.7.0
1058 silly packumentCache full:https://registry.npmjs.org/jest-each cache-miss
1059 http fetch GET 200 https://registry.npmjs.org/jest-each 5669ms (cache miss)
1060 silly packumentCache full:https://registry.npmjs.org/jest-each set size:undefined disposed:false
1061 silly fetch manifest pure-rand@^6.0.0
1062 silly packumentCache full:https://registry.npmjs.org/pure-rand cache-miss
1063 http fetch GET 200 https://registry.npmjs.org/pure-rand 2038ms (cache miss)
1064 silly packumentCache full:https://registry.npmjs.org/pure-rand set size:undefined disposed:false
1065 silly fetch manifest @jest/expect@^29.7.0
1066 silly packumentCache full:https://registry.npmjs.org/@jest%2fexpect cache-miss
1067 http fetch GET 200 https://registry.npmjs.org/@jest%2fexpect 3732ms (cache miss)
1068 silly packumentCache full:https://registry.npmjs.org/@jest%2fexpect set size:undefined disposed:false
1069 silly fetch manifest is-generator-fn@^2.0.0
1070 silly packumentCache full:https://registry.npmjs.org/is-generator-fn cache-miss
1071 http fetch GET 200 https://registry.npmjs.org/is-generator-fn 916ms (cache miss)
1072 silly packumentCache full:https://registry.npmjs.org/is-generator-fn set size:undefined disposed:false
1073 silly fetch manifest error-ex@^1.3.1
1074 silly packumentCache full:https://registry.npmjs.org/error-ex cache-miss
1075 http fetch GET 200 https://registry.npmjs.org/error-ex 561ms (cache miss)
1076 silly packumentCache full:https://registry.npmjs.org/error-ex set size:undefined disposed:false
1077 silly fetch manifest lines-and-columns@^1.1.6
1078 silly packumentCache full:https://registry.npmjs.org/lines-and-columns cache-miss
1079 http fetch GET 200 https://registry.npmjs.org/lines-and-columns 782ms (cache miss)
1080 silly packumentCache full:https://registry.npmjs.org/lines-and-columns set size:undefined disposed:false
1081 silly fetch manifest json-parse-even-better-errors@^2.3.0
1082 silly packumentCache full:https://registry.npmjs.org/json-parse-even-better-errors cache-miss
1083 http fetch GET 200 https://registry.npmjs.org/json-parse-even-better-errors 822ms (cache miss)
1084 silly packumentCache full:https://registry.npmjs.org/json-parse-even-better-errors set size:undefined disposed:false
1085 silly fetch manifest @babel/core@^7.8.0
1086 silly packumentCache full:https://registry.npmjs.org/@babel%2fcore cache-hit
1087 silly placeDep ROOT @types/babel__core@7.20.5 OK for: babel-jest@29.7.0 want: ^7.1.14
1088 silly placeDep ROOT babel-preset-jest@29.6.3 OK for: babel-jest@29.7.0 want: ^29.6.3
1089 silly fetch manifest @types/babel__template@*
1090 silly packumentCache full:https://registry.npmjs.org/@types%2fbabel__template cache-miss
1091 http fetch GET 200 https://registry.npmjs.org/@types%2fbabel__template 1034ms (cache miss)
1092 silly packumentCache full:https://registry.npmjs.org/@types%2fbabel__template set size:undefined disposed:false
1093 silly fetch manifest @types/babel__traverse@*
1094 silly packumentCache full:https://registry.npmjs.org/@types%2fbabel__traverse cache-miss
1095 http fetch GET 200 https://registry.npmjs.org/@types%2fbabel__traverse 2190ms (cache miss)
1096 silly packumentCache full:https://registry.npmjs.org/@types%2fbabel__traverse set size:undefined disposed:false
1097 silly fetch manifest @types/babel__generator@*
1098 silly packumentCache full:https://registry.npmjs.org/@types%2fbabel__generator cache-miss
1099 http fetch GET 200 https://registry.npmjs.org/@types%2fbabel__generator 526ms (cache miss)
1100 silly packumentCache full:https://registry.npmjs.org/@types%2fbabel__generator set size:undefined disposed:false
1101 silly fetch manifest babel-plugin-jest-hoist@^29.6.3
1102 silly packumentCache full:https://registry.npmjs.org/babel-plugin-jest-hoist cache-miss
1103 http fetch GET 200 https://registry.npmjs.org/babel-plugin-jest-hoist 6109ms (cache miss)
1104 silly packumentCache full:https://registry.npmjs.org/babel-plugin-jest-hoist set size:undefined disposed:false
1105 silly placeDep ROOT @types/babel__generator@7.27.0 OK for: @types/babel__core@7.20.5 want: *
1106 silly placeDep ROOT @types/babel__template@7.4.4 OK for: @types/babel__core@7.20.5 want: *
1107 silly placeDep ROOT @types/babel__traverse@7.28.0 OK for: @types/babel__core@7.20.5 want: *
1108 silly placeDep ROOT babel-plugin-jest-hoist@29.6.3 OK for: babel-preset-jest@29.6.3 want: ^29.6.3
1109 silly placeDep ROOT babel-preset-current-node-syntax@1.2.0 OK for: babel-preset-jest@29.6.3 want: ^1.0.0
1110 silly fetch manifest @babel/plugin-syntax-async-generators@^7.8.4
1111 silly packumentCache full:https://registry.npmjs.org/@babel%2fplugin-syntax-async-generators cache-miss
1112 http fetch GET 200 https://registry.npmjs.org/@babel%2fplugin-syntax-async-generators 1296ms (cache miss)
1113 silly packumentCache full:https://registry.npmjs.org/@babel%2fplugin-syntax-async-generators set size:undefined disposed:false
1114 silly fetch manifest @babel/plugin-syntax-bigint@^7.8.3
1115 silly packumentCache full:https://registry.npmjs.org/@babel%2fplugin-syntax-bigint cache-miss
1116 http fetch GET 200 https://registry.npmjs.org/@babel%2fplugin-syntax-bigint 2201ms (cache miss)
1117 silly packumentCache full:https://registry.npmjs.org/@babel%2fplugin-syntax-bigint set size:undefined disposed:false
1118 silly fetch manifest @babel/plugin-syntax-class-properties@^7.12.13
1119 silly packumentCache full:https://registry.npmjs.org/@babel%2fplugin-syntax-class-properties cache-miss
1120 http fetch GET 200 https://registry.npmjs.org/@babel%2fplugin-syntax-class-properties 2621ms (cache miss)
1121 silly packumentCache full:https://registry.npmjs.org/@babel%2fplugin-syntax-class-properties set size:undefined disposed:false
1122 silly fetch manifest @babel/plugin-syntax-class-static-block@^7.14.5
1123 silly packumentCache full:https://registry.npmjs.org/@babel%2fplugin-syntax-class-static-block cache-miss
1124 http fetch GET 200 https://registry.npmjs.org/@babel%2fplugin-syntax-class-static-block 571ms (cache miss)
1125 silly packumentCache full:https://registry.npmjs.org/@babel%2fplugin-syntax-class-static-block set size:undefined disposed:false
1126 silly fetch manifest @babel/plugin-syntax-import-attributes@^7.24.7
1127 silly packumentCache full:https://registry.npmjs.org/@babel%2fplugin-syntax-import-attributes cache-miss
1128 http fetch GET 200 https://registry.npmjs.org/@babel%2fplugin-syntax-import-attributes 1097ms (cache miss)
1129 silly packumentCache full:https://registry.npmjs.org/@babel%2fplugin-syntax-import-attributes set size:undefined disposed:false
1130 silly fetch manifest @babel/plugin-syntax-import-meta@^7.10.4
1131 silly packumentCache full:https://registry.npmjs.org/@babel%2fplugin-syntax-import-meta cache-miss
1132 http fetch GET 200 https://registry.npmjs.org/@babel%2fplugin-syntax-import-meta 4336ms (cache miss)
1133 silly packumentCache full:https://registry.npmjs.org/@babel%2fplugin-syntax-import-meta set size:undefined disposed:false
1134 silly fetch manifest @babel/plugin-syntax-json-strings@^7.8.3
1135 silly packumentCache full:https://registry.npmjs.org/@babel%2fplugin-syntax-json-strings cache-miss
1136 http fetch GET 200 https://registry.npmjs.org/@babel%2fplugin-syntax-json-strings 1194ms (cache miss)
1137 silly packumentCache full:https://registry.npmjs.org/@babel%2fplugin-syntax-json-strings set size:undefined disposed:false
1138 silly fetch manifest @babel/plugin-syntax-logical-assignment-operators@^7.10.4
1139 silly packumentCache full:https://registry.npmjs.org/@babel%2fplugin-syntax-logical-assignment-operators cache-miss
1140 http fetch GET 200 https://registry.npmjs.org/@babel%2fplugin-syntax-logical-assignment-operators 1473ms (cache miss)
1141 silly packumentCache full:https://registry.npmjs.org/@babel%2fplugin-syntax-logical-assignment-operators set size:undefined disposed:false
1142 silly fetch manifest @babel/plugin-syntax-nullish-coalescing-operator@^7.8.3
1143 silly packumentCache full:https://registry.npmjs.org/@babel%2fplugin-syntax-nullish-coalescing-operator cache-miss
1144 http fetch GET 200 https://registry.npmjs.org/@babel%2fplugin-syntax-nullish-coalescing-operator 1265ms (cache miss)
1145 silly packumentCache full:https://registry.npmjs.org/@babel%2fplugin-syntax-nullish-coalescing-operator set size:undefined disposed:false
1146 silly fetch manifest @babel/plugin-syntax-numeric-separator@^7.10.4
1147 silly packumentCache full:https://registry.npmjs.org/@babel%2fplugin-syntax-numeric-separator cache-miss
1148 http fetch GET 200 https://registry.npmjs.org/@babel%2fplugin-syntax-numeric-separator 1398ms (cache miss)
1149 silly packumentCache full:https://registry.npmjs.org/@babel%2fplugin-syntax-numeric-separator set size:undefined disposed:false
1150 silly fetch manifest @babel/plugin-syntax-object-rest-spread@^7.8.3
1151 silly packumentCache full:https://registry.npmjs.org/@babel%2fplugin-syntax-object-rest-spread cache-miss
1152 http fetch GET 200 https://registry.npmjs.org/@babel%2fplugin-syntax-object-rest-spread 1452ms (cache miss)
1153 silly packumentCache full:https://registry.npmjs.org/@babel%2fplugin-syntax-object-rest-spread set size:undefined disposed:false
1154 silly fetch manifest @babel/plugin-syntax-optional-catch-binding@^7.8.3
1155 silly packumentCache full:https://registry.npmjs.org/@babel%2fplugin-syntax-optional-catch-binding cache-miss
1156 http fetch GET 200 https://registry.npmjs.org/@babel%2fplugin-syntax-optional-catch-binding 1545ms (cache miss)
1157 silly packumentCache full:https://registry.npmjs.org/@babel%2fplugin-syntax-optional-catch-binding set size:undefined disposed:false
1158 silly fetch manifest @babel/plugin-syntax-optional-chaining@^7.8.3
1159 silly packumentCache full:https://registry.npmjs.org/@babel%2fplugin-syntax-optional-chaining cache-miss
1160 http fetch GET 200 https://registry.npmjs.org/@babel%2fplugin-syntax-optional-chaining 1163ms (cache miss)
1161 silly packumentCache full:https://registry.npmjs.org/@babel%2fplugin-syntax-optional-chaining set size:undefined disposed:false
1162 silly fetch manifest @babel/plugin-syntax-private-property-in-object@^7.14.5
1163 silly packumentCache full:https://registry.npmjs.org/@babel%2fplugin-syntax-private-property-in-object cache-miss
1164 http fetch GET 200 https://registry.npmjs.org/@babel%2fplugin-syntax-private-property-in-object 321ms (cache miss)
1165 silly packumentCache full:https://registry.npmjs.org/@babel%2fplugin-syntax-private-property-in-object set size:undefined disposed:false
1166 silly fetch manifest @babel/plugin-syntax-top-level-await@^7.14.5
1167 silly packumentCache full:https://registry.npmjs.org/@babel%2fplugin-syntax-top-level-await cache-miss
1168 http fetch GET 200 https://registry.npmjs.org/@babel%2fplugin-syntax-top-level-await 561ms (cache miss)
1169 silly packumentCache full:https://registry.npmjs.org/@babel%2fplugin-syntax-top-level-await set size:undefined disposed:false
1170 silly fetch manifest @babel/core@^7.0.0 || ^8.0.0-0
1171 silly packumentCache full:https://registry.npmjs.org/@babel%2fcore cache-hit
1172 silly fetch manifest @babel/core@^7.0.0-0
1173 silly packumentCache full:https://registry.npmjs.org/@babel%2fcore cache-hit
1174 silly placeDep ROOT @babel/plugin-syntax-async-generators@7.8.4 OK for: babel-preset-current-node-syntax@1.2.0 want: ^7.8.4
1175 silly placeDep ROOT @babel/plugin-syntax-bigint@7.8.3 OK for: babel-preset-current-node-syntax@1.2.0 want: ^7.8.3
1176 silly placeDep ROOT @babel/plugin-syntax-class-properties@7.12.13 OK for: babel-preset-current-node-syntax@1.2.0 want: ^7.12.13
1177 silly placeDep ROOT @babel/plugin-syntax-class-static-block@7.14.5 OK for: babel-preset-current-node-syntax@1.2.0 want: ^7.14.5
1178 silly placeDep ROOT @babel/plugin-syntax-import-attributes@7.29.7 OK for: babel-preset-current-node-syntax@1.2.0 want: ^7.24.7
1179 silly placeDep ROOT @babel/plugin-syntax-import-meta@7.10.4 OK for: babel-preset-current-node-syntax@1.2.0 want: ^7.10.4
1180 silly placeDep ROOT @babel/plugin-syntax-json-strings@7.8.3 OK for: babel-preset-current-node-syntax@1.2.0 want: ^7.8.3
1181 silly placeDep ROOT @babel/plugin-syntax-logical-assignment-operators@7.10.4 OK for: babel-preset-current-node-syntax@1.2.0 want: ^7.10.4
1182 silly placeDep ROOT @babel/plugin-syntax-nullish-coalescing-operator@7.8.3 OK for: babel-preset-current-node-syntax@1.2.0 want: ^7.8.3
1183 silly placeDep ROOT @babel/plugin-syntax-numeric-separator@7.10.4 OK for: babel-preset-current-node-syntax@1.2.0 want: ^7.10.4
1184 silly placeDep ROOT @babel/plugin-syntax-object-rest-spread@7.8.3 OK for: babel-preset-current-node-syntax@1.2.0 want: ^7.8.3
1185 silly placeDep ROOT @babel/plugin-syntax-optional-catch-binding@7.8.3 OK for: babel-preset-current-node-syntax@1.2.0 want: ^7.8.3
1186 silly placeDep ROOT @babel/plugin-syntax-optional-chaining@7.8.3 OK for: babel-preset-current-node-syntax@1.2.0 want: ^7.8.3
1187 silly placeDep ROOT @babel/plugin-syntax-private-property-in-object@7.14.5 OK for: babel-preset-current-node-syntax@1.2.0 want: ^7.14.5
1188 silly placeDep ROOT @babel/plugin-syntax-top-level-await@7.14.5 OK for: babel-preset-current-node-syntax@1.2.0 want: ^7.14.5
1189 silly fetch manifest babel-plugin-macros@^3.1.0
1190 silly packumentCache full:https://registry.npmjs.org/babel-plugin-macros cache-miss
1191 http fetch GET 200 https://registry.npmjs.org/babel-plugin-macros 1583ms (cache miss)
1192 silly packumentCache full:https://registry.npmjs.org/babel-plugin-macros set size:undefined disposed:false
1193 silly placeDep ROOT @jest/environment@29.7.0 OK for: jest-circus@29.7.0 want: ^29.7.0
1194 silly placeDep ROOT @jest/expect@29.7.0 OK for: jest-circus@29.7.0 want: ^29.7.0
1195 silly placeDep ROOT co@4.6.0 OK for: jest-circus@29.7.0 want: ^4.6.0
1196 silly placeDep ROOT dedent@1.7.2 OK for: jest-circus@29.7.0 want: ^1.0.0
1197 silly placeDep ROOT is-generator-fn@2.1.0 OK for: jest-circus@29.7.0 want: ^2.0.0
1198 silly placeDep ROOT jest-each@29.7.0 OK for: jest-circus@29.7.0 want: ^29.7.0
1199 silly placeDep ROOT jest-matcher-utils@29.7.0 OK for: jest-circus@29.7.0 want: ^29.7.0
1200 silly placeDep ROOT pure-rand@6.1.0 OK for: jest-circus@29.7.0 want: ^6.0.0
1201 silly placeDep ROOT stack-utils@2.0.6 OK for: jest-circus@29.7.0 want: ^2.0.3
1202 silly fetch manifest escape-string-regexp@^2.0.0
1203 silly packumentCache full:https://registry.npmjs.org/escape-string-regexp cache-miss
1204 http fetch GET 200 https://registry.npmjs.org/escape-string-regexp 526ms (cache miss)
1205 silly packumentCache full:https://registry.npmjs.org/escape-string-regexp set size:undefined disposed:false
1206 silly placeDep ROOT @jest/fake-timers@29.7.0 OK for: @jest/environment@29.7.0 want: ^29.7.0
1207 silly placeDep ROOT jest-mock@29.7.0 OK for: @jest/environment@29.7.0 want: ^29.7.0
1208 silly fetch manifest @sinonjs/fake-timers@^10.0.2
1209 silly packumentCache full:https://registry.npmjs.org/@sinonjs%2ffake-timers cache-miss
1210 http fetch GET 200 https://registry.npmjs.org/@sinonjs%2ffake-timers 1545ms (cache miss)
1211 silly packumentCache full:https://registry.npmjs.org/@sinonjs%2ffake-timers set size:undefined disposed:false
1212 silly placeDep ROOT expect@29.7.0 OK for: @jest/expect@29.7.0 want: ^29.7.0
1213 silly placeDep ROOT @sinonjs/fake-timers@10.3.0 OK for: @jest/fake-timers@29.7.0 want: ^10.0.2
1214 silly fetch manifest @sinonjs/commons@^3.0.0
1215 silly packumentCache full:https://registry.npmjs.org/@sinonjs%2fcommons cache-miss
1216 http fetch GET 200 https://registry.npmjs.org/@sinonjs%2fcommons 995ms (cache miss)
1217 silly packumentCache full:https://registry.npmjs.org/@sinonjs%2fcommons set size:undefined disposed:false
1218 silly placeDep ROOT @sinonjs/commons@3.0.1 OK for: @sinonjs/fake-timers@10.3.0 want: ^3.0.0
1219 silly fetch manifest type-detect@4.0.8
1220 silly packumentCache full:https://registry.npmjs.org/type-detect cache-miss
1221 http fetch GET 200 https://registry.npmjs.org/type-detect 674ms (cache miss)
1222 silly packumentCache full:https://registry.npmjs.org/type-detect set size:undefined disposed:false
1223 silly placeDep ROOT type-detect@4.0.8 OK for: @sinonjs/commons@3.0.1 want: 4.0.8
1224 silly placeDep ROOT @jest/expect-utils@29.7.0 OK for: expect@29.7.0 want: ^29.7.0
1225 silly placeDep ROOT @types/graceful-fs@4.1.9 OK for: jest-haste-map@29.7.0 want: ^4.1.3
1226 silly placeDep ROOT anymatch@3.1.3 OK for: jest-haste-map@29.7.0 want: ^3.0.3
1227 silly placeDep ROOT fb-watchman@2.0.2 OK for: jest-haste-map@29.7.0 want: ^2.0.0
1228 silly placeDep ROOT fsevents@2.3.3 OK for: jest-haste-map@29.7.0 want: ^2.3.2
1229 silly placeDep ROOT walker@1.0.8 OK for: jest-haste-map@29.7.0 want: ^1.0.8
1230 silly fetch manifest picomatch@^2.0.4
1231 silly packumentCache full:https://registry.npmjs.org/picomatch cache-hit
1232 silly fetch manifest normalize-path@^3.0.0
1233 silly packumentCache full:https://registry.npmjs.org/normalize-path cache-miss
1234 http fetch GET 200 https://registry.npmjs.org/normalize-path 741ms (cache miss)
1235 silly packumentCache full:https://registry.npmjs.org/normalize-path set size:undefined disposed:false
1236 silly fetch manifest bser@2.1.1
1237 silly packumentCache full:https://registry.npmjs.org/bser cache-miss
1238 http fetch GET 200 https://registry.npmjs.org/bser 461ms (cache miss)
1239 silly packumentCache full:https://registry.npmjs.org/bser set size:undefined disposed:false
1240 silly fetch manifest makeerror@1.0.12
1241 silly packumentCache full:https://registry.npmjs.org/makeerror cache-miss
1242 http fetch GET 200 https://registry.npmjs.org/makeerror 1301ms (cache miss)
1243 silly packumentCache full:https://registry.npmjs.org/makeerror set size:undefined disposed:false
1244 silly placeDep ROOT normalize-path@3.0.0 OK for: anymatch@3.1.3 want: ^3.0.0
1245 silly placeDep ROOT picomatch@2.3.2 OK for: anymatch@3.1.3 want: ^2.0.4
1246 silly placeDep ROOT bser@2.1.1 OK for: fb-watchman@2.0.2 want: 2.1.1
1247 silly fetch manifest node-int64@^0.4.0
1248 silly packumentCache full:https://registry.npmjs.org/node-int64 cache-miss
1249 http fetch GET 200 https://registry.npmjs.org/node-int64 296ms (cache miss)
1250 silly packumentCache full:https://registry.npmjs.org/node-int64 set size:undefined disposed:false
1251 silly placeDep ROOT node-int64@0.4.0 OK for: bser@2.1.1 want: ^0.4.0
1252 silly placeDep ROOT jest-diff@29.7.0 OK for: jest-matcher-utils@29.7.0 want: ^29.7.0
1253 silly fetch manifest diff-sequences@^29.6.3
1254 silly packumentCache full:https://registry.npmjs.org/diff-sequences cache-miss
1255 http fetch GET 200 https://registry.npmjs.org/diff-sequences 2017ms (cache miss)
1256 silly packumentCache full:https://registry.npmjs.org/diff-sequences set size:undefined disposed:false
1257 silly placeDep ROOT diff-sequences@29.6.3 OK for: jest-diff@29.7.0 want: ^29.6.3
1258 silly placeDep ROOT @types/stack-utils@2.0.3 OK for: jest-message-util@29.7.0 want: ^2.0.0
1259 silly fetch manifest jest-resolve@*
1260 silly packumentCache full:https://registry.npmjs.org/jest-resolve cache-hit
1261 silly placeDep ROOT jest-pnp-resolver@1.2.3 OK for: jest-resolve@29.7.0 want: ^1.2.2
1262 silly placeDep ROOT resolve@1.22.12 OK for: jest-resolve@29.7.0 want: ^1.20.0
1263 silly placeDep ROOT resolve.exports@2.0.3 OK for: jest-resolve@29.7.0 want: ^2.0.0
1264 silly fetch manifest es-errors@^1.3.0
1265 silly packumentCache full:https://registry.npmjs.org/es-errors cache-miss
1266 http fetch GET 200 https://registry.npmjs.org/es-errors 440ms (cache miss)
1267 silly packumentCache full:https://registry.npmjs.org/es-errors set size:undefined disposed:false
1268 silly fetch manifest path-parse@^1.0.7
1269 silly packumentCache full:https://registry.npmjs.org/path-parse cache-miss
1270 http fetch GET 200 https://registry.npmjs.org/path-parse 318ms (cache miss)
1271 silly packumentCache full:https://registry.npmjs.org/path-parse set size:undefined disposed:false
1272 silly fetch manifest is-core-module@^2.16.1
1273 silly packumentCache full:https://registry.npmjs.org/is-core-module cache-miss
1274 http fetch GET 200 https://registry.npmjs.org/is-core-module 943ms (cache miss)
1275 silly packumentCache full:https://registry.npmjs.org/is-core-module set size:undefined disposed:false
1276 silly fetch manifest supports-preserve-symlinks-flag@^1.0.0
1277 silly packumentCache full:https://registry.npmjs.org/supports-preserve-symlinks-flag cache-miss
1278 http fetch GET 200 https://registry.npmjs.org/supports-preserve-symlinks-flag 1243ms (cache miss)
1279 silly packumentCache full:https://registry.npmjs.org/supports-preserve-symlinks-flag set size:undefined disposed:false
1280 silly placeDep ROOT emittery@0.13.1 OK for: jest-runner@29.7.0 want: ^0.13.1
1281 silly placeDep ROOT jest-docblock@29.7.0 OK for: jest-runner@29.7.0 want: ^29.7.0
1282 silly placeDep ROOT jest-leak-detector@29.7.0 OK for: jest-runner@29.7.0 want: ^29.7.0
1283 silly placeDep ROOT source-map-support@0.5.13 OK for: jest-runner@29.7.0 want: 0.5.13
1284 silly fetch manifest detect-newline@^3.0.0
1285 silly packumentCache full:https://registry.npmjs.org/detect-newline cache-miss
1286 http fetch GET 200 https://registry.npmjs.org/detect-newline 364ms (cache miss)
1287 silly packumentCache full:https://registry.npmjs.org/detect-newline set size:undefined disposed:false
1288 silly fetch manifest buffer-from@^1.0.0
1289 silly packumentCache full:https://registry.npmjs.org/buffer-from cache-miss
1290 http fetch GET 200 https://registry.npmjs.org/buffer-from 441ms (cache miss)
1291 silly packumentCache full:https://registry.npmjs.org/buffer-from set size:undefined disposed:false
1292 silly placeDep ROOT detect-newline@3.1.0 OK for: jest-docblock@29.7.0 want: ^3.0.0
1293 silly placeDep ROOT @jest/globals@29.7.0 OK for: jest-runtime@29.7.0 want: ^29.7.0
1294 silly placeDep ROOT @jest/source-map@29.6.3 OK for: jest-runtime@29.7.0 want: ^29.6.3
1295 silly placeDep ROOT cjs-module-lexer@1.4.3 OK for: jest-runtime@29.7.0 want: ^1.0.0
1296 silly placeDep ROOT strip-bom@4.0.0 OK for: jest-runtime@29.7.0 want: ^4.0.0
1297 silly fetch manifest callsites@^3.0.0
1298 silly packumentCache full:https://registry.npmjs.org/callsites cache-miss
1299 http fetch GET 200 https://registry.npmjs.org/callsites 497ms (cache miss)
1300 silly packumentCache full:https://registry.npmjs.org/callsites set size:undefined disposed:false
1301 silly placeDep ROOT callsites@3.1.0 OK for: @jest/source-map@29.6.3 want: ^3.0.0
1302 silly placeDep ROOT @babel/plugin-syntax-jsx@7.29.7 OK for: jest-snapshot@29.7.0 want: ^7.7.2
1303 silly placeDep ROOT @babel/plugin-syntax-typescript@7.29.7 OK for: jest-snapshot@29.7.0 want: ^7.7.2
1304 silly placeDep ROOT natural-compare@1.4.0 OK for: jest-snapshot@29.7.0 want: ^1.4.0
1305 silly placeDep node_modules/jest-snapshot semver@7.8.5 OK for: jest-snapshot@29.7.0 want: ^7.5.3
1306 silly placeDep node_modules/jest-validate camelcase@6.3.0 OK for: jest-validate@29.7.0 want: ^6.2.0
1307 silly placeDep ROOT leven@3.1.0 OK for: jest-validate@29.7.0 want: ^3.1.0
1308 silly placeDep node_modules/jest-worker supports-color@8.1.1 OK for: jest-worker@29.7.0 want: ^8.0.0
1309 silly placeDep ROOT argparse@1.0.10 OK for: js-yaml@3.15.1 want: ^1.0.7
1310 silly placeDep ROOT esprima@4.0.1 OK for: js-yaml@3.15.1 want: ^4.0.0
1311 silly fetch manifest sprintf-js@~1.0.2
1312 silly packumentCache full:https://registry.npmjs.org/sprintf-js cache-miss
1313 http fetch GET 200 https://registry.npmjs.org/sprintf-js 581ms (cache miss)
1314 silly packumentCache full:https://registry.npmjs.org/sprintf-js set size:undefined disposed:false
1315 silly placeDep ROOT sprintf-js@1.0.3 OK for: argparse@1.0.10 want: ~1.0.2
1316 silly placeDep ROOT p-locate@4.1.0 OK for: locate-path@5.0.0 want: ^4.1.0
1317 silly fetch manifest p-limit@^2.2.0
1318 silly packumentCache full:https://registry.npmjs.org/p-limit cache-hit
1319 silly placeDep ROOT yallist@3.1.1 OK for: lru-cache@5.1.1 want: ^3.0.2
1320 silly placeDep node_modules/make-dir semver@7.8.5 OK for: make-dir@4.0.0 want: ^7.5.3
1321 silly placeDep ROOT braces@3.0.3 OK for: micromatch@4.0.8 want: ^3.0.3
1322 silly fetch manifest fill-range@^7.1.1
1323 silly packumentCache full:https://registry.npmjs.org/fill-range cache-miss
1324 http fetch GET 200 https://registry.npmjs.org/fill-range 882ms (cache miss)
1325 silly packumentCache full:https://registry.npmjs.org/fill-range set size:undefined disposed:false
1326 silly placeDep ROOT fill-range@7.1.1 OK for: braces@3.0.3 want: ^7.1.1
1327 silly fetch manifest to-regex-range@^5.0.1
1328 silly packumentCache full:https://registry.npmjs.org/to-regex-range cache-miss
1329 http fetch GET 200 https://registry.npmjs.org/to-regex-range 570ms (cache miss)
1330 silly packumentCache full:https://registry.npmjs.org/to-regex-range set size:undefined disposed:false
1331 silly placeDep ROOT to-regex-range@5.0.1 OK for: fill-range@7.1.1 want: ^5.0.1
1332 silly fetch manifest is-number@^7.0.0
1333 silly packumentCache full:https://registry.npmjs.org/is-number cache-miss
1334 http fetch GET 200 https://registry.npmjs.org/is-number 797ms (cache miss)
1335 silly packumentCache full:https://registry.npmjs.org/is-number set size:undefined disposed:false
1336 silly placeDep ROOT brace-expansion@1.1.18 OK for: minimatch@3.1.5 want: ^1.1.7
1337 silly fetch manifest concat-map@0.0.1
1338 silly packumentCache full:https://registry.npmjs.org/concat-map cache-miss
1339 http fetch GET 200 https://registry.npmjs.org/concat-map 299ms (cache miss)
1340 silly packumentCache full:https://registry.npmjs.org/concat-map set size:undefined disposed:false
1341 silly fetch manifest balanced-match@^1.0.0
1342 silly packumentCache full:https://registry.npmjs.org/balanced-match cache-miss
1343 http fetch GET 200 https://registry.npmjs.org/balanced-match 1181ms (cache miss)
1344 silly packumentCache full:https://registry.npmjs.org/balanced-match set size:undefined disposed:false
1345 silly placeDep ROOT balanced-match@1.0.2 OK for: brace-expansion@1.1.18 want: ^1.0.0
1346 silly placeDep ROOT concat-map@0.0.1 OK for: brace-expansion@1.1.18 want: 0.0.1
1347 silly placeDep ROOT mimic-fn@2.1.0 OK for: onetime@5.1.2 want: ^2.1.0
1348 silly placeDep ROOT yocto-queue@0.1.0 OK for: p-limit@3.1.0 want: ^0.1.0
1349 silly placeDep node_modules/p-locate p-limit@2.3.0 OK for: p-locate@4.1.0 want: ^2.2.0
1350 silly fetch manifest p-try@^2.0.0
1351 silly packumentCache full:https://registry.npmjs.org/p-try cache-miss
1352 http fetch GET 200 https://registry.npmjs.org/p-try 340ms (cache miss)
1353 silly packumentCache full:https://registry.npmjs.org/p-try set size:undefined disposed:false
1354 silly placeDep ROOT error-ex@1.3.4 OK for: parse-json@5.2.0 want: ^1.3.1
1355 silly placeDep ROOT json-parse-even-better-errors@2.3.1 OK for: parse-json@5.2.0 want: ^2.3.0
1356 silly placeDep ROOT lines-and-columns@1.2.4 OK for: parse-json@5.2.0 want: ^1.1.6
1357 silly fetch manifest is-arrayish@^0.2.1
1358 silly packumentCache full:https://registry.npmjs.org/is-arrayish cache-miss
1359 http fetch GET 200 https://registry.npmjs.org/is-arrayish 302ms (cache miss)
1360 silly packumentCache full:https://registry.npmjs.org/is-arrayish set size:undefined disposed:false
1361 silly placeDep ROOT is-arrayish@0.2.1 OK for: error-ex@1.3.4 want: ^0.2.1
1362 silly placeDep node_modules/pretty-format ansi-styles@5.2.0 OK for: pretty-format@29.7.0 want: ^5.0.0
1363 silly placeDep ROOT react-is@18.3.1 OK for: pretty-format@29.7.0 want: ^18.0.0
1364 silly placeDep ROOT kleur@3.0.3 OK for: prompts@2.4.2 want: ^3.0.3
1365 silly placeDep ROOT sisteransi@1.0.5 OK for: prompts@2.4.2 want: ^1.0.5
1366 silly placeDep ROOT es-errors@1.3.0 OK for: resolve@1.22.12 want: ^1.3.0
1367 silly placeDep ROOT is-core-module@2.16.2 OK for: resolve@1.22.12 want: ^2.16.1
1368 silly placeDep ROOT path-parse@1.0.7 OK for: resolve@1.22.12 want: ^1.0.7
1369 silly placeDep ROOT supports-preserve-symlinks-flag@1.0.0 OK for: resolve@1.22.12 want: ^1.0.0
1370 silly fetch manifest hasown@^2.0.3
1371 silly packumentCache full:https://registry.npmjs.org/hasown cache-miss
1372 http fetch GET 200 https://registry.npmjs.org/hasown 306ms (cache miss)
1373 silly packumentCache full:https://registry.npmjs.org/hasown set size:undefined disposed:false
1374 silly placeDep ROOT hasown@2.0.4 OK for: is-core-module@2.16.2 want: ^2.0.3
1375 silly fetch manifest function-bind@^1.1.2
1376 silly packumentCache full:https://registry.npmjs.org/function-bind cache-miss
1377 http fetch GET 200 https://registry.npmjs.org/function-bind 440ms (cache miss)
1378 silly packumentCache full:https://registry.npmjs.org/function-bind set size:undefined disposed:false
1379 silly placeDep ROOT function-bind@1.1.2 OK for: hasown@2.0.4 want: ^1.1.2
1380 silly placeDep ROOT shebang-regex@3.0.0 OK for: shebang-command@2.0.0 want: ^3.0.0
1381 silly placeDep ROOT buffer-from@1.1.2 OK for: source-map-support@0.5.13 want: ^1.0.0
1382 silly placeDep ROOT escape-string-regexp@2.0.0 OK for: stack-utils@2.0.6 want: ^2.0.0
1383 silly placeDep ROOT char-regex@1.0.2 OK for: string-length@4.0.2 want: ^1.0.2
1384 silly placeDep ROOT ansi-regex@5.0.1 OK for: strip-ansi@6.0.1 want: ^5.0.1
1385 silly placeDep ROOT has-flag@4.0.0 OK for: supports-color@7.2.0 want: ^4.0.0
1386 silly placeDep ROOT is-number@7.0.0 OK for: to-regex-range@5.0.1 want: ^7.0.0
1387 silly placeDep ROOT escalade@3.2.0 OK for: update-browserslist-db@1.3.0 want: ^3.2.0
1388 silly placeDep ROOT makeerror@1.0.12 OK for: walker@1.0.8 want: 1.0.12
1389 silly fetch manifest tmpl@1.0.5
1390 silly packumentCache full:https://registry.npmjs.org/tmpl cache-miss
1391 http fetch GET 200 https://registry.npmjs.org/tmpl 312ms (cache miss)
1392 silly packumentCache full:https://registry.npmjs.org/tmpl set size:undefined disposed:false
1393 silly placeDep ROOT tmpl@1.0.5 OK for: makeerror@1.0.12 want: 1.0.5
1394 silly placeDep ROOT isexe@2.0.0 OK for: which@2.0.2 want: ^2.0.0
1395 silly placeDep ROOT imurmurhash@0.1.4 OK for: write-file-atomic@4.0.2 want: ^0.1.4
1396 silly placeDep ROOT cliui@8.0.1 OK for: yargs@17.7.3 want: ^8.0.1
1397 silly placeDep ROOT get-caller-file@2.0.5 OK for: yargs@17.7.3 want: ^2.0.5
1398 silly placeDep ROOT require-directory@2.1.1 OK for: yargs@17.7.3 want: ^2.1.1
1399 silly placeDep ROOT string-width@4.2.3 OK for: yargs@17.7.3 want: ^4.2.3
1400 silly placeDep ROOT y18n@5.0.8 OK for: yargs@17.7.3 want: ^5.0.5
1401 silly placeDep ROOT yargs-parser@21.1.1 OK for: yargs@17.7.3 want: ^21.1.1
1402 silly fetch manifest wrap-ansi@^7.0.0
1403 silly packumentCache full:https://registry.npmjs.org/wrap-ansi cache-miss
1404 http fetch GET 200 https://registry.npmjs.org/wrap-ansi 1016ms (cache miss)
1405 silly packumentCache full:https://registry.npmjs.org/wrap-ansi set size:undefined disposed:false
1406 silly fetch manifest string-width@^4.2.0
1407 silly packumentCache full:https://registry.npmjs.org/string-width cache-miss
1408 http cache https://registry.npmjs.org/string-width 2ms (cache hit)
1409 silly packumentCache full:https://registry.npmjs.org/string-width set size:72458 disposed:false
1410 silly fetch manifest emoji-regex@^8.0.0
1411 silly packumentCache full:https://registry.npmjs.org/emoji-regex cache-miss
1412 http fetch GET 200 https://registry.npmjs.org/emoji-regex 1342ms (cache miss)
1413 silly packumentCache full:https://registry.npmjs.org/emoji-regex set size:undefined disposed:false
1414 silly fetch manifest is-fullwidth-code-point@^3.0.0
1415 silly packumentCache full:https://registry.npmjs.org/is-fullwidth-code-point cache-miss
1416 http fetch GET 200 https://registry.npmjs.org/is-fullwidth-code-point 352ms (cache miss)
1417 silly packumentCache full:https://registry.npmjs.org/is-fullwidth-code-point set size:undefined disposed:false
1418 silly placeDep ROOT wrap-ansi@7.0.0 OK for: cliui@8.0.1 want: ^7.0.0
1419 silly placeDep ROOT emoji-regex@8.0.0 OK for: string-width@4.2.3 want: ^8.0.0
1420 silly placeDep ROOT is-fullwidth-code-point@3.0.0 OK for: string-width@4.2.3 want: ^3.0.0
1421 silly placeDep ROOT p-try@2.2.0 OK for: p-limit@2.3.0 want: ^2.0.0
1422 silly reify moves {}
1423 silly audit bulk request {
1423 silly audit   jest: [ '29.7.0' ],
1423 silly audit   '@jest/core': [ '29.7.0' ],
1423 silly audit   '@jest/types': [ '29.6.3' ],
1423 silly audit   'import-local': [ '3.2.0' ],
1423 silly audit   'jest-cli': [ '29.7.0' ],
1423 silly audit   '@jest/console': [ '29.7.0' ],
1423 silly audit   '@jest/reporters': [ '29.7.0' ],
1423 silly audit   '@jest/test-result': [ '29.7.0' ],
1423 silly audit   '@jest/transform': [ '29.7.0' ],
1423 silly audit   '@types/node': [ '26.1.2' ],
1423 silly audit   'ansi-escapes': [ '4.3.2' ],
1423 silly audit   chalk: [ '4.1.2' ],
1423 silly audit   'ci-info': [ '3.9.0' ],
1423 silly audit   exit: [ '0.1.2' ],
1423 silly audit   'graceful-fs': [ '4.2.11' ],
1423 silly audit   'jest-changed-files': [ '29.7.0' ],
1423 silly audit   'jest-config': [ '29.7.0' ],
1423 silly audit   'jest-haste-map': [ '29.7.0' ],
1423 silly audit   'jest-message-util': [ '29.7.0' ],
1423 silly audit   'jest-regex-util': [ '29.6.3' ],
1423 silly audit   'jest-resolve': [ '29.7.0' ],
1423 silly audit   'jest-resolve-dependencies': [ '29.7.0' ],
1423 silly audit   'jest-runner': [ '29.7.0' ],
1423 silly audit   'jest-runtime': [ '29.7.0' ],
1423 silly audit   'jest-snapshot': [ '29.7.0' ],
1423 silly audit   'jest-util': [ '29.7.0' ],
1423 silly audit   'jest-validate': [ '29.7.0' ],
1423 silly audit   'jest-watcher': [ '29.7.0' ],
1423 silly audit   micromatch: [ '4.0.8' ],
1423 silly audit   'pretty-format': [ '29.7.0' ],
1423 silly audit   slash: [ '3.0.0' ],
1423 silly audit   'strip-ansi': [ '6.0.1' ],
1423 silly audit   '@bcoe/v8-coverage': [ '0.2.3' ],
1423 silly audit   '@jridgewell/trace-mapping': [ '0.3.31' ],
1423 silly audit   'collect-v8-coverage': [ '1.0.3' ],
1423 silly audit   glob: [ '7.2.3' ],
1423 silly audit   'istanbul-lib-coverage': [ '3.2.2' ],
1423 silly audit   'istanbul-lib-instrument': [ '6.0.3', '5.2.1' ],
1423 silly audit   'istanbul-lib-report': [ '3.0.1' ],
1423 silly audit   'istanbul-lib-source-maps': [ '4.0.1' ],
1423 silly audit   'istanbul-reports': [ '3.2.0' ],
1423 silly audit   'jest-worker': [ '29.7.0' ],
1423 silly audit   'string-length': [ '4.0.2' ],
1423 silly audit   'v8-to-istanbul': [ '9.3.0' ],
1423 silly audit   '@types/istanbul-lib-coverage': [ '2.0.6' ],
1423 silly audit   '@babel/core': [ '7.29.7' ],
1423 silly audit   'babel-plugin-istanbul': [ '6.1.1' ],
1423 silly audit   'convert-source-map': [ '2.0.0' ],
1423 silly audit   'fast-json-stable-stringify': [ '2.1.0' ],
1423 silly audit   pirates: [ '4.0.7' ],
1423 silly audit   'write-file-atomic': [ '4.0.2' ],
1423 silly audit   '@babel/code-frame': [ '7.29.7' ],
1423 silly audit   '@babel/generator': [ '7.29.8' ],
1423 silly audit   '@babel/helper-compilation-targets': [ '7.29.7' ],
1423 silly audit   '@babel/helper-module-transforms': [ '7.29.7' ],
1423 silly audit   '@babel/helpers': [ '7.29.7' ],
1423 silly audit   '@babel/parser': [ '7.29.8' ],
1423 silly audit   '@babel/template': [ '7.29.7' ],
1423 silly audit   '@babel/traverse': [ '7.29.8' ],
1423 silly audit   '@babel/types': [ '7.29.8' ],
1423 silly audit   '@jridgewell/remapping': [ '2.3.5' ],
1423 silly audit   debug: [ '4.4.3' ],
1423 silly audit   gensync: [ '1.0.0-beta.2' ],
1423 silly audit   json5: [ '2.2.3' ],
1423 silly audit   semver: [ '6.3.1', '7.8.5' ],
1423 silly audit   '@babel/helper-validator-identifier': [ '7.29.7' ],
1423 silly audit   'js-tokens': [ '4.0.0' ],
1423 silly audit   picocolors: [ '1.1.1' ],
1423 silly audit   '@jridgewell/gen-mapping': [ '0.3.13' ],
1423 silly audit   jsesc: [ '3.1.0' ],
1423 silly audit   '@babel/compat-data': [ '7.29.7' ],
1423 silly audit   '@babel/helper-validator-option': [ '7.29.7' ],
1423 silly audit   browserslist: [ '4.28.7' ],
1423 silly audit   'lru-cache': [ '5.1.1' ],
1423 silly audit   '@babel/helper-module-imports': [ '7.29.7' ],
1423 silly audit   '@babel/helper-globals': [ '7.29.7' ],
1423 silly audit   '@babel/helper-string-parser': [ '7.29.7' ],
1423 silly audit   '@jest/schemas': [ '29.6.3' ],
1423 silly audit   '@types/istanbul-reports': [ '3.0.4' ],
1423 silly audit   '@types/yargs': [ '17.0.35' ],
1423 silly audit   '@sinclair/typebox': [ '0.27.12' ],
1423 silly audit   '@jridgewell/sourcemap-codec': [ '1.5.5' ],
1423 silly audit   '@jridgewell/resolve-uri': [ '3.1.2' ],
1423 silly audit   '@types/istanbul-lib-report': [ '3.0.3' ],
1423 silly audit   'undici-types': [ '8.3.0' ],
1423 silly audit   '@types/yargs-parser': [ '21.0.3' ],
1423 silly audit   'type-fest': [ '0.21.3' ],
1423 silly audit   '@babel/helper-plugin-utils': [ '7.29.7' ],
1423 silly audit   '@istanbuljs/load-nyc-config': [ '1.1.0' ],
1423 silly audit   '@istanbuljs/schema': [ '0.1.6' ],
1423 silly audit   'test-exclude': [ '6.0.0' ],
1423 silly audit   camelcase: [ '5.3.1', '6.3.0' ],
1423 silly audit   'find-up': [ '4.1.0' ],
1423 silly audit   'get-package-type': [ '0.1.0' ],
1423 silly audit   'js-yaml': [ '3.15.1' ],
1423 silly audit   'resolve-from': [ '5.0.0' ],
1423 silly audit   'baseline-browser-mapping': [ '2.11.12' ],
1423 silly audit   'caniuse-lite': [ '1.0.30001809' ],
1423 silly audit   'electron-to-chromium': [ '1.5.402' ],
1423 silly audit   'node-releases': [ '2.0.53' ],
1423 silly audit   'update-browserslist-db': [ '1.3.0' ],
1423 silly audit   'ansi-styles': [ '4.3.0', '5.2.0' ],
1423 silly audit   'supports-color': [ '7.2.0', '8.1.1' ],
1423 silly audit   'color-convert': [ '2.0.1' ],
1423 silly audit   'color-name': [ '1.1.4' ],
1423 silly audit   ms: [ '2.1.3' ],
1423 silly audit   'locate-path': [ '5.0.0' ],
1423 silly audit   'path-exists': [ '4.0.0' ],
1423 silly audit   'fs.realpath': [ '1.0.0' ],
1423 silly audit   inflight: [ '1.0.6' ],
1423 silly audit   inherits: [ '2.0.4' ],
1423 silly audit   minimatch: [ '3.1.5' ],
1423 silly audit   once: [ '1.4.0' ],
1423 silly audit   'path-is-absolute': [ '1.0.1' ],
1423 silly audit   'pkg-dir': [ '4.2.0' ],
1423 silly audit   'resolve-cwd': [ '3.0.0' ],
1423 silly audit   wrappy: [ '1.0.2' ],
1423 silly audit   'make-dir': [ '4.0.0' ],
1423 silly audit   'source-map': [ '0.6.1' ],
1423 silly audit   'html-escaper': [ '2.0.2' ],
1423 silly audit   execa: [ '5.1.1' ],
1423 silly audit   'p-limit': [ '3.1.0', '2.3.0' ],
1423 silly audit   'cross-spawn': [ '7.0.6' ],
1423 silly audit   'get-stream': [ '6.0.1' ],
1423 silly audit   'human-signals': [ '2.1.0' ],
1423 silly audit   'is-stream': [ '2.0.1' ],
1423 silly audit   'merge-stream': [ '2.0.0' ],
1423 silly audit   'npm-run-path': [ '4.0.1' ],
1423 silly audit   onetime: [ '5.1.2' ],
1423 silly audit   'signal-exit': [ '3.0.7' ],
1423 silly audit   'strip-final-newline': [ '2.0.0' ],
1423 silly audit   'path-key': [ '3.1.1' ],
1423 silly audit   'shebang-command': [ '2.0.0' ],
1423 silly audit   which: [ '2.0.2' ],
1423 silly audit   'create-jest': [ '29.7.0' ],
1423 silly audit   yargs: [ '17.7.3' ],
1423 silly audit   prompts: [ '2.4.2' ],
1423 silly audit   '@jest/test-sequencer': [ '29.7.0' ],
1423 silly audit   'babel-jest': [ '29.7.0' ],
1423 silly audit   deepmerge: [ '4.3.1' ],
1423 silly audit   'jest-circus': [ '29.7.0' ],
1423 silly audit   'jest-environment-node': [ '29.7.0' ],
1423 silly audit   'jest-get-type': [ '29.6.3' ],
1423 silly audit   'parse-json': [ '5.2.0' ],
1423 silly audit   'strip-json-comments': [ '3.1.1' ],
1423 silly audit   '@types/babel__core': [ '7.20.5' ],
1423 silly audit   'babel-preset-jest': [ '29.6.3' ],
1423 silly audit   '@types/babel__generator': [ '7.27.0' ],
1423 silly audit   '@types/babel__template': [ '7.4.4' ],
1423 silly audit   '@types/babel__traverse': [ '7.28.0' ],
1423 silly audit   'babel-plugin-jest-hoist': [ '29.6.3' ],
1423 silly audit   'babel-preset-current-node-syntax': [ '1.2.0' ],
1423 silly audit   '@babel/plugin-syntax-async-generators': [ '7.8.4' ],
1423 silly audit   '@babel/plugin-syntax-bigint': [ '7.8.3' ],
1423 silly audit   '@babel/plugin-syntax-class-properties': [ '7.12.13' ],
1423 silly audit   '@babel/plugin-syntax-class-static-block': [ '7.14.5' ],
1423 silly audit   '@babel/plugin-syntax-import-attributes': [ '7.29.7' ],
1423 silly audit   '@babel/plugin-syntax-import-meta': [ '7.10.4' ],
1423 silly audit   '@babel/plugin-syntax-json-strings': [ '7.8.3' ],
1423 silly audit   '@babel/plugin-syntax-logical-assignment-operators': [ '7.10.4' ],
1423 silly audit   '@babel/plugin-syntax-nullish-coalescing-operator': [ '7.8.3' ],
1423 silly audit   '@babel/plugin-syntax-numeric-separator': [ '7.10.4' ],
1423 silly audit   '@babel/plugin-syntax-object-rest-spread': [ '7.8.3' ],
1423 silly audit   '@babel/plugin-syntax-optional-catch-binding': [ '7.8.3' ],
1423 silly audit   '@babel/plugin-syntax-optional-chaining': [ '7.8.3' ],
1423 silly audit   '@babel/plugin-syntax-private-property-in-object': [ '7.14.5' ],
1423 silly audit   '@babel/plugin-syntax-top-level-await': [ '7.14.5' ],
1423 silly audit   '@jest/environment': [ '29.7.0' ],
1423 silly audit   '@jest/expect': [ '29.7.0' ],
1423 silly audit   co: [ '4.6.0' ],
1423 silly audit   dedent: [ '1.7.2' ],
1423 silly audit   'is-generator-fn': [ '2.1.0' ],
1423 silly audit   'jest-each': [ '29.7.0' ],
1423 silly audit   'jest-matcher-utils': [ '29.7.0' ],
1423 silly audit   'pure-rand': [ '6.1.0' ],
1423 silly audit   'stack-utils': [ '2.0.6' ],
1423 silly audit   '@jest/fake-timers': [ '29.7.0' ],
1423 silly audit   'jest-mock': [ '29.7.0' ],
1423 silly audit   expect: [ '29.7.0' ],
1423 silly audit   '@sinonjs/fake-timers': [ '10.3.0' ],
1423 silly audit   '@sinonjs/commons': [ '3.0.1' ],
1423 silly audit   'type-detect': [ '4.0.8' ],
1423 silly audit   '@jest/expect-utils': [ '29.7.0' ],
1423 silly audit   '@types/graceful-fs': [ '4.1.9' ],
1423 silly audit   anymatch: [ '3.1.3' ],
1423 silly audit   'fb-watchman': [ '2.0.2' ],
1423 silly audit   fsevents: [ '2.3.3' ],
1423 silly audit   walker: [ '1.0.8' ],
1423 silly audit   'normalize-path': [ '3.0.0' ],
1423 silly audit   picomatch: [ '2.3.2' ],
1423 silly audit   bser: [ '2.1.1' ],
1423 silly audit   'node-int64': [ '0.4.0' ],
1423 silly audit   'jest-diff': [ '29.7.0' ],
1423 silly audit   'diff-sequences': [ '29.6.3' ],
1423 silly audit   '@types/stack-utils': [ '2.0.3' ],
1423 silly audit   'jest-pnp-resolver': [ '1.2.3' ],
1423 silly audit   resolve: [ '1.22.12' ],
1423 silly audit   'resolve.exports': [ '2.0.3' ],
1423 silly audit   emittery: [ '0.13.1' ],
1423 silly audit   'jest-docblock': [ '29.7.0' ],
1423 silly audit   'jest-leak-detector': [ '29.7.0' ],
1423 silly audit   'source-map-support': [ '0.5.13' ],
1423 silly audit   'detect-newline': [ '3.1.0' ],
1423 silly audit   '@jest/globals': [ '29.7.0' ],
1423 silly audit   '@jest/source-map': [ '29.6.3' ],
1423 silly audit   'cjs-module-lexer': [ '1.4.3' ],
1423 silly audit   'strip-bom': [ '4.0.0' ],
1423 silly audit   callsites: [ '3.1.0' ],
1423 silly audit   '@babel/plugin-syntax-jsx': [ '7.29.7' ],
1423 silly audit   '@babel/plugin-syntax-typescript': [ '7.29.7' ],
1423 silly audit   'natural-compare': [ '1.4.0' ],
1423 silly audit   leven: [ '3.1.0' ],
1423 silly audit   argparse: [ '1.0.10' ],
1423 silly audit   esprima: [ '4.0.1' ],
1423 silly audit   'sprintf-js': [ '1.0.3' ],
1423 silly audit   'p-locate': [ '4.1.0' ],
1423 silly audit   yallist: [ '3.1.1' ],
1423 silly audit   braces: [ '3.0.3' ],
1423 silly audit   'fill-range': [ '7.1.1' ],
1423 silly audit   'to-regex-range': [ '5.0.1' ],
1423 silly audit   'brace-expansion': [ '1.1.18' ],
1423 silly audit   'balanced-match': [ '1.0.2' ],
1423 silly audit   'concat-map': [ '0.0.1' ],
1423 silly audit   'mimic-fn': [ '2.1.0' ],
1423 silly audit   'yocto-queue': [ '0.1.0' ],
1423 silly audit   'error-ex': [ '1.3.4' ],
1423 silly audit   'json-parse-even-better-errors': [ '2.3.1' ],
1423 silly audit   'lines-and-columns': [ '1.2.4' ],
1423 silly audit   'is-arrayish': [ '0.2.1' ],
1423 silly audit   'react-is': [ '18.3.1' ],
1423 silly audit   kleur: [ '3.0.3' ],
1423 silly audit   sisteransi: [ '1.0.5' ],
1423 silly audit   'es-errors': [ '1.3.0' ],
1423 silly audit   'is-core-module': [ '2.16.2' ],
1423 silly audit   'path-parse': [ '1.0.7' ],
1423 silly audit   'supports-preserve-symlinks-flag': [ '1.0.0' ],
1423 silly audit   hasown: [ '2.0.4' ],
1423 silly audit   'function-bind': [ '1.1.2' ],
1423 silly audit   'shebang-regex': [ '3.0.0' ],
1423 silly audit   'buffer-from': [ '1.1.2' ],
1423 silly audit   'escape-string-regexp': [ '2.0.0' ],
1423 silly audit   'char-regex': [ '1.0.2' ],
1423 silly audit   'ansi-regex': [ '5.0.1' ],
1423 silly audit   'has-flag': [ '4.0.0' ],
1423 silly audit   'is-number': [ '7.0.0' ],
1423 silly audit   escalade: [ '3.2.0' ],
1423 silly audit   makeerror: [ '1.0.12' ],
1423 silly audit   tmpl: [ '1.0.5' ],
1423 silly audit   isexe: [ '2.0.0' ],
1423 silly audit   imurmurhash: [ '0.1.4' ],
1423 silly audit   cliui: [ '8.0.1' ],
1423 silly audit   'get-caller-file': [ '2.0.5' ],
1423 silly audit   'require-directory': [ '2.1.1' ],
1423 silly audit   'string-width': [ '4.2.3' ],
1423 silly audit   y18n: [ '5.0.8' ],
1423 silly audit   'yargs-parser': [ '21.1.1' ],
1423 silly audit   'wrap-ansi': [ '7.0.0' ],
1423 silly audit   'emoji-regex': [ '8.0.0' ],
1423 silly audit   'is-fullwidth-code-point': [ '3.0.0' ],
1423 silly audit   'p-try': [ '2.2.0' ]
1423 silly audit }
1424 verbose reify failed optional dependency /workspace/wt-b19c772504/node_modules/fsevents
1425 silly reify mark deleted [ '/workspace/wt-b19c772504/node_modules/fsevents' ]
1426 http cache emoji-regex@https://registry.npmjs.org/emoji-regex/-/emoji-regex-8.0.0.tgz 0ms (cache hit)
1427 http cache p-try@https://registry.npmjs.org/p-try/-/p-try-2.2.0.tgz 0ms (cache hit)
1428 http cache is-fullwidth-code-point@https://registry.npmjs.org/is-fullwidth-code-point/-/is-fullwidth-code-point-3.0.0.tgz 0ms (cache hit)
1429 http cache wrap-ansi@https://registry.npmjs.org/wrap-ansi/-/wrap-ansi-7.0.0.tgz 0ms (cache hit)
1430 http cache yargs-parser@https://registry.npmjs.org/yargs-parser/-/yargs-parser-21.1.1.tgz 0ms (cache hit)
1431 http cache string-width@https://registry.npmjs.org/string-width/-/string-width-4.2.3.tgz 0ms (cache hit)
1432 http cache require-directory@https://registry.npmjs.org/require-directory/-/require-directory-2.1.1.tgz 0ms (cache hit)
1433 http cache get-caller-file@https://registry.npmjs.org/get-caller-file/-/get-caller-file-2.0.5.tgz 0ms (cache hit)
1434 http cache y18n@https://registry.npmjs.org/y18n/-/y18n-5.0.8.tgz 0ms (cache hit)
1435 http cache cliui@https://registry.npmjs.org/cliui/-/cliui-8.0.1.tgz 0ms (cache hit)
1436 http cache imurmurhash@https://registry.npmjs.org/imurmurhash/-/imurmurhash-0.1.4.tgz 0ms (cache hit)
1437 http cache isexe@https://registry.npmjs.org/isexe/-/isexe-2.0.0.tgz 0ms (cache hit)
1438 http cache tmpl@https://registry.npmjs.org/tmpl/-/tmpl-1.0.5.tgz 0ms (cache hit)
1439 http cache escalade@https://registry.npmjs.org/escalade/-/escalade-3.2.0.tgz 0ms (cache hit)
1440 http cache makeerror@https://registry.npmjs.org/makeerror/-/makeerror-1.0.12.tgz 0ms (cache hit)
1441 http cache is-number@https://registry.npmjs.org/is-number/-/is-number-7.0.0.tgz 0ms (cache hit)
1442 http cache has-flag@https://registry.npmjs.org/has-flag/-/has-flag-4.0.0.tgz 0ms (cache hit)
1443 http cache ansi-regex@https://registry.npmjs.org/ansi-regex/-/ansi-regex-5.0.1.tgz 0ms (cache hit)
1444 http cache char-regex@https://registry.npmjs.org/char-regex/-/char-regex-1.0.2.tgz 0ms (cache hit)
1445 http cache escape-string-regexp@https://registry.npmjs.org/escape-string-regexp/-/escape-string-regexp-2.0.0.tgz 0ms (cache hit)
1446 http cache shebang-regex@https://registry.npmjs.org/shebang-regex/-/shebang-regex-3.0.0.tgz 0ms (cache hit)
1447 http cache function-bind@https://registry.npmjs.org/function-bind/-/function-bind-1.1.2.tgz 0ms (cache hit)
1448 http cache buffer-from@https://registry.npmjs.org/buffer-from/-/buffer-from-1.1.2.tgz 0ms (cache hit)
1449 http cache hasown@https://registry.npmjs.org/hasown/-/hasown-2.0.4.tgz 0ms (cache hit)
1450 http cache is-core-module@https://registry.npmjs.org/is-core-module/-/is-core-module-2.16.2.tgz 0ms (cache hit)
1451 http cache sisteransi@https://registry.npmjs.org/sisteransi/-/sisteransi-1.0.5.tgz 0ms (cache hit)
1452 http cache kleur@https://registry.npmjs.org/kleur/-/kleur-3.0.3.tgz 0ms (cache hit)
1453 http cache es-errors@https://registry.npmjs.org/es-errors/-/es-errors-1.3.0.tgz 0ms (cache hit)
1454 http cache react-is@https://registry.npmjs.org/react-is/-/react-is-18.3.1.tgz 0ms (cache hit)
1455 http cache is-arrayish@https://registry.npmjs.org/is-arrayish/-/is-arrayish-0.2.1.tgz 0ms (cache hit)
1456 http cache lines-and-columns@https://registry.npmjs.org/lines-and-columns/-/lines-and-columns-1.2.4.tgz 1ms (cache hit)
1457 http cache json-parse-even-better-errors@https://registry.npmjs.org/json-parse-even-better-errors/-/json-parse-even-better-errors-2.3.1.tgz 0ms (cache hit)
1458 http cache error-ex@https://registry.npmjs.org/error-ex/-/error-ex-1.3.4.tgz 0ms (cache hit)
1459 http cache yocto-queue@https://registry.npmjs.org/yocto-queue/-/yocto-queue-0.1.0.tgz 0ms (cache hit)
1460 http cache mimic-fn@https://registry.npmjs.org/mimic-fn/-/mimic-fn-2.1.0.tgz 0ms (cache hit)
1461 http cache balanced-match@https://registry.npmjs.org/balanced-match/-/balanced-match-1.0.2.tgz 0ms (cache hit)
1462 http cache concat-map@https://registry.npmjs.org/concat-map/-/concat-map-0.0.1.tgz 0ms (cache hit)
1463 http cache path-parse@https://registry.npmjs.org/path-parse/-/path-parse-1.0.7.tgz 0ms (cache hit)
1464 http cache supports-preserve-symlinks-flag@https://registry.npmjs.org/supports-preserve-symlinks-flag/-/supports-preserve-symlinks-flag-1.0.0.tgz 0ms (cache hit)
1465 http cache brace-expansion@https://registry.npmjs.org/brace-expansion/-/brace-expansion-1.1.18.tgz 0ms (cache hit)
1466 http cache fill-range@https://registry.npmjs.org/fill-range/-/fill-range-7.1.1.tgz 0ms (cache hit)
1467 http cache to-regex-range@https://registry.npmjs.org/to-regex-range/-/to-regex-range-5.0.1.tgz 0ms (cache hit)
1468 http cache braces@https://registry.npmjs.org/braces/-/braces-3.0.3.tgz 0ms (cache hit)
1469 http cache yallist@https://registry.npmjs.org/yallist/-/yallist-3.1.1.tgz 0ms (cache hit)
1470 http cache esprima@https://registry.npmjs.org/esprima/-/esprima-4.0.1.tgz 0ms (cache hit)
1471 http cache p-locate@https://registry.npmjs.org/p-locate/-/p-locate-4.1.0.tgz 0ms (cache hit)
1472 http cache sprintf-js@https://registry.npmjs.org/sprintf-js/-/sprintf-js-1.0.3.tgz 0ms (cache hit)
1473 http cache argparse@https://registry.npmjs.org/argparse/-/argparse-1.0.10.tgz 0ms (cache hit)
1474 http cache leven@https://registry.npmjs.org/leven/-/leven-3.1.0.tgz 0ms (cache hit)
1475 http cache natural-compare@https://registry.npmjs.org/natural-compare/-/natural-compare-1.4.0.tgz 0ms (cache hit)
1476 http cache @babel/plugin-syntax-typescript@https://registry.npmjs.org/@babel/plugin-syntax-typescript/-/plugin-syntax-typescript-7.29.7.tgz 0ms (cache hit)
1477 http cache callsites@https://registry.npmjs.org/callsites/-/callsites-3.1.0.tgz 0ms (cache hit)
1478 http cache @babel/plugin-syntax-jsx@https://registry.npmjs.org/@babel/plugin-syntax-jsx/-/plugin-syntax-jsx-7.29.7.tgz 0ms (cache hit)
1479 http cache strip-bom@https://registry.npmjs.org/strip-bom/-/strip-bom-4.0.0.tgz 0ms (cache hit)
1480 http cache cjs-module-lexer@https://registry.npmjs.org/cjs-module-lexer/-/cjs-module-lexer-1.4.3.tgz 0ms (cache hit)
1481 http cache @jest/source-map@https://registry.npmjs.org/@jest/source-map/-/source-map-29.6.3.tgz 0ms (cache hit)
1482 http cache detect-newline@https://registry.npmjs.org/detect-newline/-/detect-newline-3.1.0.tgz 0ms (cache hit)
1483 http cache @jest/globals@https://registry.npmjs.org/@jest/globals/-/globals-29.7.0.tgz 0ms (cache hit)
1484 http cache source-map-support@https://registry.npmjs.org/source-map-support/-/source-map-support-0.5.13.tgz 0ms (cache hit)
1485 http cache jest-leak-detector@https://registry.npmjs.org/jest-leak-detector/-/jest-leak-detector-29.7.0.tgz 0ms (cache hit)
1486 http cache jest-docblock@https://registry.npmjs.org/jest-docblock/-/jest-docblock-29.7.0.tgz 0ms (cache hit)
1487 http cache resolve.exports@https://registry.npmjs.org/resolve.exports/-/resolve.exports-2.0.3.tgz 0ms (cache hit)
1488 http cache emittery@https://registry.npmjs.org/emittery/-/emittery-0.13.1.tgz 0ms (cache hit)
1489 http cache resolve@https://registry.npmjs.org/resolve/-/resolve-1.22.12.tgz 0ms (cache hit)
1490 http cache jest-pnp-resolver@https://registry.npmjs.org/jest-pnp-resolver/-/jest-pnp-resolver-1.2.3.tgz 0ms (cache hit)
1491 http cache @types/stack-utils@https://registry.npmjs.org/@types/stack-utils/-/stack-utils-2.0.3.tgz 0ms (cache hit)
1492 http cache diff-sequences@https://registry.npmjs.org/diff-sequences/-/diff-sequences-29.6.3.tgz 0ms (cache hit)
1493 http cache bser@https://registry.npmjs.org/bser/-/bser-2.1.1.tgz 0ms (cache hit)
1494 http cache picomatch@https://registry.npmjs.org/picomatch/-/picomatch-2.3.2.tgz 0ms (cache hit)
1495 http cache jest-diff@https://registry.npmjs.org/jest-diff/-/jest-diff-29.7.0.tgz 0ms (cache hit)
1496 http cache normalize-path@https://registry.npmjs.org/normalize-path/-/normalize-path-3.0.0.tgz 0ms (cache hit)
1497 http cache walker@https://registry.npmjs.org/walker/-/walker-1.0.8.tgz 0ms (cache hit)
1498 http cache fb-watchman@https://registry.npmjs.org/fb-watchman/-/fb-watchman-2.0.2.tgz 0ms (cache hit)
1499 http cache node-int64@https://registry.npmjs.org/node-int64/-/node-int64-0.4.0.tgz 0ms (cache hit)
1500 http cache anymatch@https://registry.npmjs.org/anymatch/-/anymatch-3.1.3.tgz 0ms (cache hit)
1501 http cache @types/graceful-fs@https://registry.npmjs.org/@types/graceful-fs/-/graceful-fs-4.1.9.tgz 0ms (cache hit)
1502 http cache @jest/expect-utils@https://registry.npmjs.org/@jest/expect-utils/-/expect-utils-29.7.0.tgz 0ms (cache hit)
1503 http cache type-detect@https://registry.npmjs.org/type-detect/-/type-detect-4.0.8.tgz 0ms (cache hit)
1504 http cache @sinonjs/commons@https://registry.npmjs.org/@sinonjs/commons/-/commons-3.0.1.tgz 0ms (cache hit)
1505 http cache jest-mock@https://registry.npmjs.org/jest-mock/-/jest-mock-29.7.0.tgz 0ms (cache hit)
1506 http cache @sinonjs/fake-timers@https://registry.npmjs.org/@sinonjs/fake-timers/-/fake-timers-10.3.0.tgz 0ms (cache hit)
1507 http cache expect@https://registry.npmjs.org/expect/-/expect-29.7.0.tgz 0ms (cache hit)
1508 http cache @jest/fake-timers@https://registry.npmjs.org/@jest/fake-timers/-/fake-timers-29.7.0.tgz 0ms (cache hit)
1509 http cache stack-utils@https://registry.npmjs.org/stack-utils/-/stack-utils-2.0.6.tgz 0ms (cache hit)
1510 http cache pure-rand@https://registry.npmjs.org/pure-rand/-/pure-rand-6.1.0.tgz 0ms (cache hit)
1511 http cache jest-each@https://registry.npmjs.org/jest-each/-/jest-each-29.7.0.tgz 0ms (cache hit)
1512 http cache jest-matcher-utils@https://registry.npmjs.org/jest-matcher-utils/-/jest-matcher-utils-29.7.0.tgz 0ms (cache hit)
1513 http cache is-generator-fn@https://registry.npmjs.org/is-generator-fn/-/is-generator-fn-2.1.0.tgz 0ms (cache hit)
1514 http cache co@https://registry.npmjs.org/co/-/co-4.6.0.tgz 0ms (cache hit)
1515 http cache dedent@https://registry.npmjs.org/dedent/-/dedent-1.7.2.tgz 0ms (cache hit)
1516 http cache @jest/expect@https://registry.npmjs.org/@jest/expect/-/expect-29.7.0.tgz 0ms (cache hit)
1517 http cache @babel/plugin-syntax-private-property-in-object@https://registry.npmjs.org/@babel/plugin-syntax-private-property-in-object/-/plugin-syntax-private-property-in-object-7.14.5.tgz 0ms (cache hit)
1518 http cache @babel/plugin-syntax-optional-chaining@https://registry.npmjs.org/@babel/plugin-syntax-optional-chaining/-/plugin-syntax-optional-chaining-7.8.3.tgz 0ms (cache hit)
1519 http cache @babel/plugin-syntax-optional-catch-binding@https://registry.npmjs.org/@babel/plugin-syntax-optional-catch-binding/-/plugin-syntax-optional-catch-binding-7.8.3.tgz 0ms (cache hit)
1520 http cache @babel/plugin-syntax-numeric-separator@https://registry.npmjs.org/@babel/plugin-syntax-numeric-separator/-/plugin-syntax-numeric-separator-7.10.4.tgz 0ms (cache hit)
1521 http cache @babel/plugin-syntax-object-rest-spread@https://registry.npmjs.org/@babel/plugin-syntax-object-rest-spread/-/plugin-syntax-object-rest-spread-7.8.3.tgz 0ms (cache hit)
1522 http cache @babel/plugin-syntax-nullish-coalescing-operator@https://registry.npmjs.org/@babel/plugin-syntax-nullish-coalescing-operator/-/plugin-syntax-nullish-coalescing-operator-7.8.3.tgz 0ms (cache hit)
1523 http cache @babel/plugin-syntax-logical-assignment-operators@https://registry.npmjs.org/@babel/plugin-syntax-logical-assignment-operators/-/plugin-syntax-logical-assignment-operators-7.10.4.tgz 0ms (cache hit)
1524 http cache @babel/plugin-syntax-json-strings@https://registry.npmjs.org/@babel/plugin-syntax-json-strings/-/plugin-syntax-json-strings-7.8.3.tgz 0ms (cache hit)
1525 http cache @babel/plugin-syntax-import-attributes@https://registry.npmjs.org/@babel/plugin-syntax-import-attributes/-/plugin-syntax-import-attributes-7.29.7.tgz 0ms (cache hit)
1526 http cache @babel/plugin-syntax-import-meta@https://registry.npmjs.org/@babel/plugin-syntax-import-meta/-/plugin-syntax-import-meta-7.10.4.tgz 0ms (cache hit)
1527 http cache @babel/plugin-syntax-class-properties@https://registry.npmjs.org/@babel/plugin-syntax-class-properties/-/plugin-syntax-class-properties-7.12.13.tgz 0ms (cache hit)
1528 http cache @babel/plugin-syntax-bigint@https://registry.npmjs.org/@babel/plugin-syntax-bigint/-/plugin-syntax-bigint-7.8.3.tgz 0ms (cache hit)
1529 http cache @babel/plugin-syntax-class-static-block@https://registry.npmjs.org/@babel/plugin-syntax-class-static-block/-/plugin-syntax-class-static-block-7.14.5.tgz 0ms (cache hit)
1530 http cache @babel/plugin-syntax-async-generators@https://registry.npmjs.org/@babel/plugin-syntax-async-generators/-/plugin-syntax-async-generators-7.8.4.tgz 0ms (cache hit)
1531 http cache babel-preset-current-node-syntax@https://registry.npmjs.org/babel-preset-current-node-syntax/-/babel-preset-current-node-syntax-1.2.0.tgz 0ms (cache hit)
1532 http cache babel-plugin-jest-hoist@https://registry.npmjs.org/babel-plugin-jest-hoist/-/babel-plugin-jest-hoist-29.6.3.tgz 0ms (cache hit)
1533 http cache @types/babel__template@https://registry.npmjs.org/@types/babel__template/-/babel__template-7.4.4.tgz 0ms (cache hit)
1534 http cache @types/babel__traverse@https://registry.npmjs.org/@types/babel__traverse/-/babel__traverse-7.28.0.tgz 0ms (cache hit)
1535 http cache @types/babel__generator@https://registry.npmjs.org/@types/babel__generator/-/babel__generator-7.27.0.tgz 0ms (cache hit)
1536 http cache babel-preset-jest@https://registry.npmjs.org/babel-preset-jest/-/babel-preset-jest-29.6.3.tgz 0ms (cache hit)
1537 http cache @types/babel__core@https://registry.npmjs.org/@types/babel__core/-/babel__core-7.20.5.tgz 0ms (cache hit)
1538 http cache parse-json@https://registry.npmjs.org/parse-json/-/parse-json-5.2.0.tgz 0ms (cache hit)
1539 http cache strip-json-comments@https://registry.npmjs.org/strip-json-comments/-/strip-json-comments-3.1.1.tgz 0ms (cache hit)
1540 http cache jest-get-type@https://registry.npmjs.org/jest-get-type/-/jest-get-type-29.6.3.tgz 0ms (cache hit)
1541 http cache jest-environment-node@https://registry.npmjs.org/jest-environment-node/-/jest-environment-node-29.7.0.tgz 0ms (cache hit)
1542 http cache jest-circus@https://registry.npmjs.org/jest-circus/-/jest-circus-29.7.0.tgz 0ms (cache hit)
1543 http cache deepmerge@https://registry.npmjs.org/deepmerge/-/deepmerge-4.3.1.tgz 0ms (cache hit)
1544 http cache @babel/plugin-syntax-top-level-await@https://registry.npmjs.org/@babel/plugin-syntax-top-level-await/-/plugin-syntax-top-level-await-7.14.5.tgz 0ms (cache hit)
1545 http cache @jest/environment@https://registry.npmjs.org/@jest/environment/-/environment-29.7.0.tgz 0ms (cache hit)
1546 http cache babel-jest@https://registry.npmjs.org/babel-jest/-/babel-jest-29.7.0.tgz 0ms (cache hit)
1547 http cache @jest/test-sequencer@https://registry.npmjs.org/@jest/test-sequencer/-/test-sequencer-29.7.0.tgz 0ms (cache hit)
1548 http cache prompts@https://registry.npmjs.org/prompts/-/prompts-2.4.2.tgz 0ms (cache hit)
1549 http cache yargs@https://registry.npmjs.org/yargs/-/yargs-17.7.3.tgz 0ms (cache hit)
1550 http cache create-jest@https://registry.npmjs.org/create-jest/-/create-jest-29.7.0.tgz 0ms (cache hit)
1551 http cache which@https://registry.npmjs.org/which/-/which-2.0.2.tgz 0ms (cache hit)
1552 http cache shebang-command@https://registry.npmjs.org/shebang-command/-/shebang-command-2.0.0.tgz 0ms (cache hit)
1553 http cache strip-final-newline@https://registry.npmjs.org/strip-final-newline/-/strip-final-newline-2.0.0.tgz 0ms (cache hit)
1554 http cache signal-exit@https://registry.npmjs.org/signal-exit/-/signal-exit-3.0.7.tgz 0ms (cache hit)
1555 http cache onetime@https://registry.npmjs.org/onetime/-/onetime-5.1.2.tgz 0ms (cache hit)
1556 http cache npm-run-path@https://registry.npmjs.org/npm-run-path/-/npm-run-path-4.0.1.tgz 0ms (cache hit)
1557 http cache merge-stream@https://registry.npmjs.org/merge-stream/-/merge-stream-2.0.0.tgz 0ms (cache hit)
1558 http cache is-stream@https://registry.npmjs.org/is-stream/-/is-stream-2.0.1.tgz 0ms (cache hit)
1559 http cache get-stream@https://registry.npmjs.org/get-stream/-/get-stream-6.0.1.tgz 0ms (cache hit)
1560 http cache cross-spawn@https://registry.npmjs.org/cross-spawn/-/cross-spawn-7.0.6.tgz 0ms (cache hit)
1561 http cache human-signals@https://registry.npmjs.org/human-signals/-/human-signals-2.1.0.tgz 1ms (cache hit)
1562 http cache path-key@https://registry.npmjs.org/path-key/-/path-key-3.1.1.tgz 0ms (cache hit)
1563 http cache p-limit@https://registry.npmjs.org/p-limit/-/p-limit-3.1.0.tgz 0ms (cache hit)
1564 http cache execa@https://registry.npmjs.org/execa/-/execa-5.1.1.tgz 0ms (cache hit)
1565 http cache html-escaper@https://registry.npmjs.org/html-escaper/-/html-escaper-2.0.2.tgz 0ms (cache hit)
1566 http cache make-dir@https://registry.npmjs.org/make-dir/-/make-dir-4.0.0.tgz 0ms (cache hit)
1567 http cache wrappy@https://registry.npmjs.org/wrappy/-/wrappy-1.0.2.tgz 0ms (cache hit)
1568 http cache source-map@https://registry.npmjs.org/source-map/-/source-map-0.6.1.tgz 0ms (cache hit)
1569 http cache pkg-dir@https://registry.npmjs.org/pkg-dir/-/pkg-dir-4.2.0.tgz 0ms (cache hit)
1570 http cache path-is-absolute@https://registry.npmjs.org/path-is-absolute/-/path-is-absolute-1.0.1.tgz 0ms (cache hit)
1571 http cache once@https://registry.npmjs.org/once/-/once-1.4.0.tgz 0ms (cache hit)
1572 http cache minimatch@https://registry.npmjs.org/minimatch/-/minimatch-3.1.5.tgz 0ms (cache hit)
1573 http cache inherits@https://registry.npmjs.org/inherits/-/inherits-2.0.4.tgz 0ms (cache hit)
1574 http cache fs.realpath@https://registry.npmjs.org/fs.realpath/-/fs.realpath-1.0.0.tgz 0ms (cache hit)
1575 http cache inflight@https://registry.npmjs.org/inflight/-/inflight-1.0.6.tgz 0ms (cache hit)
1576 http cache path-exists@https://registry.npmjs.org/path-exists/-/path-exists-4.0.0.tgz 0ms (cache hit)
1577 http cache resolve-cwd@https://registry.npmjs.org/resolve-cwd/-/resolve-cwd-3.0.0.tgz 0ms (cache hit)
1578 http cache locate-path@https://registry.npmjs.org/locate-path/-/locate-path-5.0.0.tgz 0ms (cache hit)
1579 http cache color-name@https://registry.npmjs.org/color-name/-/color-name-1.1.4.tgz 0ms (cache hit)
1580 http cache ms@https://registry.npmjs.org/ms/-/ms-2.1.3.tgz 0ms (cache hit)
1581 http cache supports-color@https://registry.npmjs.org/supports-color/-/supports-color-7.2.0.tgz 0ms (cache hit)
1582 http cache color-convert@https://registry.npmjs.org/color-convert/-/color-convert-2.0.1.tgz 0ms (cache hit)
1583 http cache ansi-styles@https://registry.npmjs.org/ansi-styles/-/ansi-styles-4.3.0.tgz 0ms (cache hit)
1584 http cache node-releases@https://registry.npmjs.org/node-releases/-/node-releases-2.0.53.tgz 0ms (cache hit)
1585 http cache update-browserslist-db@https://registry.npmjs.org/update-browserslist-db/-/update-browserslist-db-1.3.0.tgz 0ms (cache hit)
1586 http cache electron-to-chromium@https://registry.npmjs.org/electron-to-chromium/-/electron-to-chromium-1.5.402.tgz 0ms (cache hit)
1587 http cache caniuse-lite@https://registry.npmjs.org/caniuse-lite/-/caniuse-lite-1.0.30001809.tgz 0ms (cache hit)
1588 http cache baseline-browser-mapping@https://registry.npmjs.org/baseline-browser-mapping/-/baseline-browser-mapping-2.11.12.tgz 0ms (cache hit)
1589 http cache get-package-type@https://registry.npmjs.org/get-package-type/-/get-package-type-0.1.0.tgz 0ms (cache hit)
1590 http cache resolve-from@https://registry.npmjs.org/resolve-from/-/resolve-from-5.0.0.tgz 0ms (cache hit)
1591 http cache js-yaml@https://registry.npmjs.org/js-yaml/-/js-yaml-3.15.1.tgz 0ms (cache hit)
1592 http cache find-up@https://registry.npmjs.org/find-up/-/find-up-4.1.0.tgz 0ms (cache hit)
1593 http cache camelcase@https://registry.npmjs.org/camelcase/-/camelcase-5.3.1.tgz 0ms (cache hit)
1594 http cache @istanbuljs/load-nyc-config@https://registry.npmjs.org/@istanbuljs/load-nyc-config/-/load-nyc-config-1.1.0.tgz 0ms (cache hit)
1595 http cache test-exclude@https://registry.npmjs.org/test-exclude/-/test-exclude-6.0.0.tgz 0ms (cache hit)
1596 http cache @istanbuljs/schema@https://registry.npmjs.org/@istanbuljs/schema/-/schema-0.1.6.tgz 0ms (cache hit)
1597 http cache @babel/helper-plugin-utils@https://registry.npmjs.org/@babel/helper-plugin-utils/-/helper-plugin-utils-7.29.7.tgz 0ms (cache hit)
1598 http cache type-fest@https://registry.npmjs.org/type-fest/-/type-fest-0.21.3.tgz 0ms (cache hit)
1599 http cache undici-types@https://registry.npmjs.org/undici-types/-/undici-types-8.3.0.tgz 0ms (cache hit)
1600 http cache @types/istanbul-lib-report@https://registry.npmjs.org/@types/istanbul-lib-report/-/istanbul-lib-report-3.0.3.tgz 0ms (cache hit)
1601 http cache @types/yargs-parser@https://registry.npmjs.org/@types/yargs-parser/-/yargs-parser-21.0.3.tgz 0ms (cache hit)
1602 http cache @jridgewell/resolve-uri@https://registry.npmjs.org/@jridgewell/resolve-uri/-/resolve-uri-3.1.2.tgz 0ms (cache hit)
1603 http cache @jridgewell/sourcemap-codec@https://registry.npmjs.org/@jridgewell/sourcemap-codec/-/sourcemap-codec-1.5.5.tgz 0ms (cache hit)
1604 http cache @sinclair/typebox@https://registry.npmjs.org/@sinclair/typebox/-/typebox-0.27.12.tgz 0ms (cache hit)
1605 http cache @types/yargs@https://registry.npmjs.org/@types/yargs/-/yargs-17.0.35.tgz 0ms (cache hit)
1606 http cache @types/istanbul-reports@https://registry.npmjs.org/@types/istanbul-reports/-/istanbul-reports-3.0.4.tgz 0ms (cache hit)
1607 http cache @jest/schemas@https://registry.npmjs.org/@jest/schemas/-/schemas-29.6.3.tgz 0ms (cache hit)
1608 http cache @babel/helper-globals@https://registry.npmjs.org/@babel/helper-globals/-/helper-globals-7.29.7.tgz 0ms (cache hit)
1609 http cache @babel/helper-validator-option@https://registry.npmjs.org/@babel/helper-validator-option/-/helper-validator-option-7.29.7.tgz 0ms (cache hit)
1610 http cache @babel/compat-data@https://registry.npmjs.org/@babel/compat-data/-/compat-data-7.29.7.tgz 0ms (cache hit)
1611 http cache jsesc@https://registry.npmjs.org/jsesc/-/jsesc-3.1.0.tgz 0ms (cache hit)
1612 http cache @babel/helper-module-imports@https://registry.npmjs.org/@babel/helper-module-imports/-/helper-module-imports-7.29.7.tgz 0ms (cache hit)
1613 http cache @jridgewell/gen-mapping@https://registry.npmjs.org/@jridgewell/gen-mapping/-/gen-mapping-0.3.13.tgz 0ms (cache hit)
1614 http cache picocolors@https://registry.npmjs.org/picocolors/-/picocolors-1.1.1.tgz 1ms (cache hit)
1615 http cache js-tokens@https://registry.npmjs.org/js-tokens/-/js-tokens-4.0.0.tgz 0ms (cache hit)
1616 http cache @babel/helper-validator-identifier@https://registry.npmjs.org/@babel/helper-validator-identifier/-/helper-validator-identifier-7.29.7.tgz 0ms (cache hit)
1617 http cache semver@https://registry.npmjs.org/semver/-/semver-6.3.1.tgz 0ms (cache hit)
1618 http cache json5@https://registry.npmjs.org/json5/-/json5-2.2.3.tgz 0ms (cache hit)
1619 http cache gensync@https://registry.npmjs.org/gensync/-/gensync-1.0.0-beta.2.tgz 0ms (cache hit)
1620 http cache debug@https://registry.npmjs.org/debug/-/debug-4.4.3.tgz 0ms (cache hit)
1621 http cache browserslist@https://registry.npmjs.org/browserslist/-/browserslist-4.28.7.tgz 0ms (cache hit)
1622 http cache lru-cache@https://registry.npmjs.org/lru-cache/-/lru-cache-5.1.1.tgz 0ms (cache hit)
1623 http cache @babel/helper-string-parser@https://registry.npmjs.org/@babel/helper-string-parser/-/helper-string-parser-7.29.7.tgz 0ms (cache hit)
1624 http cache @babel/template@https://registry.npmjs.org/@babel/template/-/template-7.29.7.tgz 0ms (cache hit)
1625 http cache @babel/traverse@https://registry.npmjs.org/@babel/traverse/-/traverse-7.29.8.tgz 0ms (cache hit)
1626 http cache @jridgewell/remapping@https://registry.npmjs.org/@jridgewell/remapping/-/remapping-2.3.5.tgz 0ms (cache hit)
1627 http cache @babel/types@https://registry.npmjs.org/@babel/types/-/types-7.29.8.tgz 0ms (cache hit)
1628 http cache @babel/parser@https://registry.npmjs.org/@babel/parser/-/parser-7.29.8.tgz 0ms (cache hit)
1629 http cache @babel/helpers@https://registry.npmjs.org/@babel/helpers/-/helpers-7.29.7.tgz 0ms (cache hit)
1630 http cache @babel/helper-compilation-targets@https://registry.npmjs.org/@babel/helper-compilation-targets/-/helper-compilation-targets-7.29.7.tgz 0ms (cache hit)
1631 http cache @babel/helper-module-transforms@https://registry.npmjs.org/@babel/helper-module-transforms/-/helper-module-transforms-7.29.7.tgz 0ms (cache hit)
1632 http cache @babel/generator@https://registry.npmjs.org/@babel/generator/-/generator-7.29.8.tgz 0ms (cache hit)
1633 http cache @babel/code-frame@https://registry.npmjs.org/@babel/code-frame/-/code-frame-7.29.7.tgz 0ms (cache hit)
1634 http cache write-file-atomic@https://registry.npmjs.org/write-file-atomic/-/write-file-atomic-4.0.2.tgz 0ms (cache hit)
1635 http cache fast-json-stable-stringify@https://registry.npmjs.org/fast-json-stable-stringify/-/fast-json-stable-stringify-2.1.0.tgz 0ms (cache hit)
1636 http cache convert-source-map@https://registry.npmjs.org/convert-source-map/-/convert-source-map-2.0.0.tgz 0ms (cache hit)
1637 http cache babel-plugin-istanbul@https://registry.npmjs.org/babel-plugin-istanbul/-/babel-plugin-istanbul-6.1.1.tgz 0ms (cache hit)
1638 http cache pirates@https://registry.npmjs.org/pirates/-/pirates-4.0.7.tgz 0ms (cache hit)
1639 http cache @babel/core@https://registry.npmjs.org/@babel/core/-/core-7.29.7.tgz 0ms (cache hit)
1640 http cache @types/istanbul-lib-coverage@https://registry.npmjs.org/@types/istanbul-lib-coverage/-/istanbul-lib-coverage-2.0.6.tgz 0ms (cache hit)
1641 http cache v8-to-istanbul@https://registry.npmjs.org/v8-to-istanbul/-/v8-to-istanbul-9.3.0.tgz 0ms (cache hit)
1642 http cache string-length@https://registry.npmjs.org/string-length/-/string-length-4.0.2.tgz 0ms (cache hit)
1643 http cache jest-worker@https://registry.npmjs.org/jest-worker/-/jest-worker-29.7.0.tgz 0ms (cache hit)
1644 http cache istanbul-reports@https://registry.npmjs.org/istanbul-reports/-/istanbul-reports-3.2.0.tgz 0ms (cache hit)
1645 http cache istanbul-lib-source-maps@https://registry.npmjs.org/istanbul-lib-source-maps/-/istanbul-lib-source-maps-4.0.1.tgz 0ms (cache hit)
1646 http cache istanbul-lib-instrument@https://registry.npmjs.org/istanbul-lib-instrument/-/istanbul-lib-instrument-6.0.3.tgz 0ms (cache hit)
1647 http cache istanbul-lib-coverage@https://registry.npmjs.org/istanbul-lib-coverage/-/istanbul-lib-coverage-3.2.2.tgz 0ms (cache hit)
1648 http cache glob@https://registry.npmjs.org/glob/-/glob-7.2.3.tgz 0ms (cache hit)
1649 http cache istanbul-lib-report@https://registry.npmjs.org/istanbul-lib-report/-/istanbul-lib-report-3.0.1.tgz 0ms (cache hit)
1650 http cache collect-v8-coverage@https://registry.npmjs.org/collect-v8-coverage/-/collect-v8-coverage-1.0.3.tgz 0ms (cache hit)
1651 http cache @jridgewell/trace-mapping@https://registry.npmjs.org/@jridgewell/trace-mapping/-/trace-mapping-0.3.31.tgz 0ms (cache hit)
1652 http cache @bcoe/v8-coverage@https://registry.npmjs.org/@bcoe/v8-coverage/-/v8-coverage-0.2.3.tgz 0ms (cache hit)
1653 http cache slash@https://registry.npmjs.org/slash/-/slash-3.0.0.tgz 0ms (cache hit)
1654 http cache strip-ansi@https://registry.npmjs.org/strip-ansi/-/strip-ansi-6.0.1.tgz 0ms (cache hit)
1655 http cache pretty-format@https://registry.npmjs.org/pretty-format/-/pretty-format-29.7.0.tgz 0ms (cache hit)
1656 http cache micromatch@https://registry.npmjs.org/micromatch/-/micromatch-4.0.8.tgz 0ms (cache hit)
1657 http cache jest-watcher@https://registry.npmjs.org/jest-watcher/-/jest-watcher-29.7.0.tgz 0ms (cache hit)
1658 http cache jest-util@https://registry.npmjs.org/jest-util/-/jest-util-29.7.0.tgz 0ms (cache hit)
1659 http cache jest-snapshot@https://registry.npmjs.org/jest-snapshot/-/jest-snapshot-29.7.0.tgz 0ms (cache hit)
1660 http cache jest-validate@https://registry.npmjs.org/jest-validate/-/jest-validate-29.7.0.tgz 0ms (cache hit)
1661 http cache jest-runtime@https://registry.npmjs.org/jest-runtime/-/jest-runtime-29.7.0.tgz 0ms (cache hit)
1662 http cache jest-runner@https://registry.npmjs.org/jest-runner/-/jest-runner-29.7.0.tgz 0ms (cache hit)
1663 http cache jest-resolve-dependencies@https://registry.npmjs.org/jest-resolve-dependencies/-/jest-resolve-dependencies-29.7.0.tgz 0ms (cache hit)
1664 http cache jest-resolve@https://registry.npmjs.org/jest-resolve/-/jest-resolve-29.7.0.tgz 0ms (cache hit)
1665 http cache jest-haste-map@https://registry.npmjs.org/jest-haste-map/-/jest-haste-map-29.7.0.tgz 0ms (cache hit)
1666 http cache jest-regex-util@https://registry.npmjs.org/jest-regex-util/-/jest-regex-util-29.6.3.tgz 0ms (cache hit)
1667 http cache jest-message-util@https://registry.npmjs.org/jest-message-util/-/jest-message-util-29.7.0.tgz 0ms (cache hit)
1668 http cache graceful-fs@https://registry.npmjs.org/graceful-fs/-/graceful-fs-4.2.11.tgz 0ms (cache hit)
1669 http cache exit@https://registry.npmjs.org/exit/-/exit-0.1.2.tgz 0ms (cache hit)
1670 http cache jest-config@https://registry.npmjs.org/jest-config/-/jest-config-29.7.0.tgz 0ms (cache hit)
1671 http cache jest-changed-files@https://registry.npmjs.org/jest-changed-files/-/jest-changed-files-29.7.0.tgz 0ms (cache hit)
1672 http cache chalk@https://registry.npmjs.org/chalk/-/chalk-4.1.2.tgz 0ms (cache hit)
1673 http cache ci-info@https://registry.npmjs.org/ci-info/-/ci-info-3.9.0.tgz 0ms (cache hit)
1674 http cache @types/node@https://registry.npmjs.org/@types/node/-/node-26.1.2.tgz 0ms (cache hit)
1675 http cache ansi-escapes@https://registry.npmjs.org/ansi-escapes/-/ansi-escapes-4.3.2.tgz 0ms (cache hit)
1676 http cache @jest/reporters@https://registry.npmjs.org/@jest/reporters/-/reporters-29.7.0.tgz 0ms (cache hit)
1677 http cache @jest/test-result@https://registry.npmjs.org/@jest/test-result/-/test-result-29.7.0.tgz 0ms (cache hit)
1678 http cache @jest/console@https://registry.npmjs.org/@jest/console/-/console-29.7.0.tgz 0ms (cache hit)
1679 http cache @jest/transform@https://registry.npmjs.org/@jest/transform/-/transform-29.7.0.tgz 0ms (cache hit)
1680 http cache jest-cli@https://registry.npmjs.org/jest-cli/-/jest-cli-29.7.0.tgz 0ms (cache hit)
1681 http cache import-local@https://registry.npmjs.org/import-local/-/import-local-3.2.0.tgz 0ms (cache hit)
1682 http cache @jest/core@https://registry.npmjs.org/@jest/core/-/core-29.7.0.tgz 0ms (cache hit)
1683 http cache jest@https://registry.npmjs.org/jest/-/jest-29.7.0.tgz 0ms (cache hit)
1684 http cache p-limit@https://registry.npmjs.org/p-limit/-/p-limit-2.3.0.tgz 0ms (cache hit)
1685 http cache @jest/types@https://registry.npmjs.org/@jest/types/-/types-29.6.3.tgz 0ms (cache hit)
1686 http cache semver@https://registry.npmjs.org/semver/-/semver-7.8.5.tgz 0ms (cache hit)
1687 http cache istanbul-lib-instrument@https://registry.npmjs.org/istanbul-lib-instrument/-/istanbul-lib-instrument-5.2.1.tgz 0ms (cache hit)
1688 http cache supports-color@https://registry.npmjs.org/supports-color/-/supports-color-8.1.1.tgz 0ms (cache hit)
1689 http cache ansi-styles@https://registry.npmjs.org/ansi-styles/-/ansi-styles-5.2.0.tgz 0ms (cache hit)
1690 http cache camelcase@https://registry.npmjs.org/camelcase/-/camelcase-6.3.0.tgz 0ms (cache hit)
1691 http cache semver@https://registry.npmjs.org/semver/-/semver-7.8.5.tgz 0ms (cache hit)
1692 http cache semver@https://registry.npmjs.org/semver/-/semver-7.8.5.tgz 1ms (cache hit)
1693 silly tarball no local data for emoji-regex@https://registry.npmjs.org/emoji-regex/-/emoji-regex-8.0.0.tgz. Extracting by manifest.
1694 silly tarball no local data for p-try@https://registry.npmjs.org/p-try/-/p-try-2.2.0.tgz. Extracting by manifest.
1695 silly tarball no local data for is-fullwidth-code-point@https://registry.npmjs.org/is-fullwidth-code-point/-/is-fullwidth-code-point-3.0.0.tgz. Extracting by manifest.
1696 silly tarball no local data for wrap-ansi@https://registry.npmjs.org/wrap-ansi/-/wrap-ansi-7.0.0.tgz. Extracting by manifest.
1697 silly tarball no local data for yargs-parser@https://registry.npmjs.org/yargs-parser/-/yargs-parser-21.1.1.tgz. Extracting by manifest.
1698 silly tarball no local data for string-width@https://registry.npmjs.org/string-width/-/string-width-4.2.3.tgz. Extracting by manifest.
1699 silly tarball no local data for require-directory@https://registry.npmjs.org/require-directory/-/require-directory-2.1.1.tgz. Extracting by manifest.
1700 silly tarball no local data for get-caller-file@https://registry.npmjs.org/get-caller-file/-/get-caller-file-2.0.5.tgz. Extracting by manifest.
1701 silly tarball no local data for y18n@https://registry.npmjs.org/y18n/-/y18n-5.0.8.tgz. Extracting by manifest.
1702 silly tarball no local data for cliui@https://registry.npmjs.org/cliui/-/cliui-8.0.1.tgz. Extracting by manifest.
1703 silly tarball no local data for imurmurhash@https://registry.npmjs.org/imurmurhash/-/imurmurhash-0.1.4.tgz. Extracting by manifest.
1704 silly tarball no local data for isexe@https://registry.npmjs.org/isexe/-/isexe-2.0.0.tgz. Extracting by manifest.
1705 silly tarball no local data for tmpl@https://registry.npmjs.org/tmpl/-/tmpl-1.0.5.tgz. Extracting by manifest.
1706 silly tarball no local data for escalade@https://registry.npmjs.org/escalade/-/escalade-3.2.0.tgz. Extracting by manifest.
1707 silly tarball no local data for makeerror@https://registry.npmjs.org/makeerror/-/makeerror-1.0.12.tgz. Extracting by manifest.
1708 silly tarball no local data for is-number@https://registry.npmjs.org/is-number/-/is-number-7.0.0.tgz. Extracting by manifest.
1709 silly tarball no local data for has-flag@https://registry.npmjs.org/has-flag/-/has-flag-4.0.0.tgz. Extracting by manifest.
1710 silly tarball no local data for ansi-regex@https://registry.npmjs.org/ansi-regex/-/ansi-regex-5.0.1.tgz. Extracting by manifest.
1711 silly tarball no local data for char-regex@https://registry.npmjs.org/char-regex/-/char-regex-1.0.2.tgz. Extracting by manifest.
1712 silly tarball no local data for escape-string-regexp@https://registry.npmjs.org/escape-string-regexp/-/escape-string-regexp-2.0.0.tgz. Extracting by manifest.
1713 silly tarball no local data for shebang-regex@https://registry.npmjs.org/shebang-regex/-/shebang-regex-3.0.0.tgz. Extracting by manifest.
1714 silly tarball no local data for function-bind@https://registry.npmjs.org/function-bind/-/function-bind-1.1.2.tgz. Extracting by manifest.
1715 silly tarball no local data for buffer-from@https://registry.npmjs.org/buffer-from/-/buffer-from-1.1.2.tgz. Extracting by manifest.
1716 silly tarball no local data for hasown@https://registry.npmjs.org/hasown/-/hasown-2.0.4.tgz. Extracting by manifest.
1717 silly tarball no local data for is-core-module@https://registry.npmjs.org/is-core-module/-/is-core-module-2.16.2.tgz. Extracting by manifest.
1718 silly tarball no local data for sisteransi@https://registry.npmjs.org/sisteransi/-/sisteransi-1.0.5.tgz. Extracting by manifest.
1719 silly tarball no local data for kleur@https://registry.npmjs.org/kleur/-/kleur-3.0.3.tgz. Extracting by manifest.
1720 silly tarball no local data for es-errors@https://registry.npmjs.org/es-errors/-/es-errors-1.3.0.tgz. Extracting by manifest.
1721 silly tarball no local data for react-is@https://registry.npmjs.org/react-is/-/react-is-18.3.1.tgz. Extracting by manifest.
1722 silly tarball no local data for is-arrayish@https://registry.npmjs.org/is-arrayish/-/is-arrayish-0.2.1.tgz. Extracting by manifest.
1723 silly tarball no local data for lines-and-columns@https://registry.npmjs.org/lines-and-columns/-/lines-and-columns-1.2.4.tgz. Extracting by manifest.
1724 silly tarball no local data for json-parse-even-better-errors@https://registry.npmjs.org/json-parse-even-better-errors/-/json-parse-even-better-errors-2.3.1.tgz. Extracting by manifest.
1725 silly tarball no local data for error-ex@https://registry.npmjs.org/error-ex/-/error-ex-1.3.4.tgz. Extracting by manifest.
1726 silly tarball no local data for yocto-queue@https://registry.npmjs.org/yocto-queue/-/yocto-queue-0.1.0.tgz. Extracting by manifest.
1727 silly tarball no local data for mimic-fn@https://registry.npmjs.org/mimic-fn/-/mimic-fn-2.1.0.tgz. Extracting by manifest.
1728 silly tarball no local data for balanced-match@https://registry.npmjs.org/balanced-match/-/balanced-match-1.0.2.tgz. Extracting by manifest.
1729 silly tarball no local data for concat-map@https://registry.npmjs.org/concat-map/-/concat-map-0.0.1.tgz. Extracting by manifest.
1730 silly tarball no local data for path-parse@https://registry.npmjs.org/path-parse/-/path-parse-1.0.7.tgz. Extracting by manifest.
1731 silly tarball no local data for supports-preserve-symlinks-flag@https://registry.npmjs.org/supports-preserve-symlinks-flag/-/supports-preserve-symlinks-flag-1.0.0.tgz. Extracting by manifest.
1732 silly tarball no local data for brace-expansion@https://registry.npmjs.org/brace-expansion/-/brace-expansion-1.1.18.tgz. Extracting by manifest.
1733 silly tarball no local data for fill-range@https://registry.npmjs.org/fill-range/-/fill-range-7.1.1.tgz. Extracting by manifest.
1734 silly tarball no local data for to-regex-range@https://registry.npmjs.org/to-regex-range/-/to-regex-range-5.0.1.tgz. Extracting by manifest.
1735 silly tarball no local data for braces@https://registry.npmjs.org/braces/-/braces-3.0.3.tgz. Extracting by manifest.
1736 silly tarball no local data for yallist@https://registry.npmjs.org/yallist/-/yallist-3.1.1.tgz. Extracting by manifest.
1737 silly tarball no local data for esprima@https://registry.npmjs.org/esprima/-/esprima-4.0.1.tgz. Extracting by manifest.
1738 silly tarball no local data for p-locate@https://registry.npmjs.org/p-locate/-/p-locate-4.1.0.tgz. Extracting by manifest.
1739 silly tarball no local data for sprintf-js@https://registry.npmjs.org/sprintf-js/-/sprintf-js-1.0.3.tgz. Extracting by manifest.
1740 silly tarball no local data for argparse@https://registry.npmjs.org/argparse/-/argparse-1.0.10.tgz. Extracting by manifest.
1741 silly tarball no local data for leven@https://registry.npmjs.org/leven/-/leven-3.1.0.tgz. Extracting by manifest.
1742 silly tarball no local data for natural-compare@https://registry.npmjs.org/natural-compare/-/natural-compare-1.4.0.tgz. Extracting by manifest.
1743 silly tarball no local data for @babel/plugin-syntax-typescript@https://registry.npmjs.org/@babel/plugin-syntax-typescript/-/plugin-syntax-typescript-7.29.7.tgz. Extracting by manifest.
1744 silly tarball no local data for callsites@https://registry.npmjs.org/callsites/-/callsites-3.1.0.tgz. Extracting by manifest.
1745 silly tarball no local data for @babel/plugin-syntax-jsx@https://registry.npmjs.org/@babel/plugin-syntax-jsx/-/plugin-syntax-jsx-7.29.7.tgz. Extracting by manifest.
1746 silly tarball no local data for strip-bom@https://registry.npmjs.org/strip-bom/-/strip-bom-4.0.0.tgz. Extracting by manifest.
1747 silly tarball no local data for cjs-module-lexer@https://registry.npmjs.org/cjs-module-lexer/-/cjs-module-lexer-1.4.3.tgz. Extracting by manifest.
1748 silly tarball no local data for @jest/source-map@https://registry.npmjs.org/@jest/source-map/-/source-map-29.6.3.tgz. Extracting by manifest.
1749 silly tarball no local data for detect-newline@https://registry.npmjs.org/detect-newline/-/detect-newline-3.1.0.tgz. Extracting by manifest.
1750 silly tarball no local data for @jest/globals@https://registry.npmjs.org/@jest/globals/-/globals-29.7.0.tgz. Extracting by manifest.
1751 silly tarball no local data for source-map-support@https://registry.npmjs.org/source-map-support/-/source-map-support-0.5.13.tgz. Extracting by manifest.
1752 silly tarball no local data for jest-leak-detector@https://registry.npmjs.org/jest-leak-detector/-/jest-leak-detector-29.7.0.tgz. Extracting by manifest.
1753 silly tarball no local data for jest-docblock@https://registry.npmjs.org/jest-docblock/-/jest-docblock-29.7.0.tgz. Extracting by manifest.
1754 silly tarball no local data for resolve.exports@https://registry.npmjs.org/resolve.exports/-/resolve.exports-2.0.3.tgz. Extracting by manifest.
1755 silly tarball no local data for emittery@https://registry.npmjs.org/emittery/-/emittery-0.13.1.tgz. Extracting by manifest.
1756 silly tarball no local data for resolve@https://registry.npmjs.org/resolve/-/resolve-1.22.12.tgz. Extracting by manifest.
1757 silly tarball no local data for jest-pnp-resolver@https://registry.npmjs.org/jest-pnp-resolver/-/jest-pnp-resolver-1.2.3.tgz. Extracting by manifest.
1758 silly tarball no local data for @types/stack-utils@https://registry.npmjs.org/@types/stack-utils/-/stack-utils-2.0.3.tgz. Extracting by manifest.
1759 silly tarball no local data for diff-sequences@https://registry.npmjs.org/diff-sequences/-/diff-sequences-29.6.3.tgz. Extracting by manifest.
1760 silly tarball no local data for bser@https://registry.npmjs.org/bser/-/bser-2.1.1.tgz. Extracting by manifest.
1761 silly tarball no local data for picomatch@https://registry.npmjs.org/picomatch/-/picomatch-2.3.2.tgz. Extracting by manifest.
1762 silly tarball no local data for jest-diff@https://registry.npmjs.org/jest-diff/-/jest-diff-29.7.0.tgz. Extracting by manifest.
1763 silly tarball no local data for normalize-path@https://registry.npmjs.org/normalize-path/-/normalize-path-3.0.0.tgz. Extracting by manifest.
1764 silly tarball no local data for walker@https://registry.npmjs.org/walker/-/walker-1.0.8.tgz. Extracting by manifest.
1765 silly tarball no local data for fb-watchman@https://registry.npmjs.org/fb-watchman/-/fb-watchman-2.0.2.tgz. Extracting by manifest.
1766 silly tarball no local data for node-int64@https://registry.npmjs.org/node-int64/-/node-int64-0.4.0.tgz. Extracting by manifest.
1767 silly tarball no local data for anymatch@https://registry.npmjs.org/anymatch/-/anymatch-3.1.3.tgz. Extracting by manifest.
1768 silly tarball no local data for @types/graceful-fs@https://registry.npmjs.org/@types/graceful-fs/-/graceful-fs-4.1.9.tgz. Extracting by manifest.
1769 silly tarball no local data for @jest/expect-utils@https://registry.npmjs.org/@jest/expect-utils/-/expect-utils-29.7.0.tgz. Extracting by manifest.
1770 silly tarball no local data for type-detect@https://registry.npmjs.org/type-detect/-/type-detect-4.0.8.tgz. Extracting by manifest.
1771 silly tarball no local data for @sinonjs/commons@https://registry.npmjs.org/@sinonjs/commons/-/commons-3.0.1.tgz. Extracting by manifest.
1772 silly tarball no local data for jest-mock@https://registry.npmjs.org/jest-mock/-/jest-mock-29.7.0.tgz. Extracting by manifest.
1773 silly tarball no local data for @sinonjs/fake-timers@https://registry.npmjs.org/@sinonjs/fake-timers/-/fake-timers-10.3.0.tgz. Extracting by manifest.
1774 silly tarball no local data for expect@https://registry.npmjs.org/expect/-/expect-29.7.0.tgz. Extracting by manifest.
1775 silly tarball no local data for @jest/fake-timers@https://registry.npmjs.org/@jest/fake-timers/-/fake-timers-29.7.0.tgz. Extracting by manifest.
1776 silly tarball no local data for stack-utils@https://registry.npmjs.org/stack-utils/-/stack-utils-2.0.6.tgz. Extracting by manifest.
1777 silly tarball no local data for pure-rand@https://registry.npmjs.org/pure-rand/-/pure-rand-6.1.0.tgz. Extracting by manifest.
1778 silly tarball no local data for jest-each@https://registry.npmjs.org/jest-each/-/jest-each-29.7.0.tgz. Extracting by manifest.
1779 silly tarball no local data for jest-matcher-utils@https://registry.npmjs.org/jest-matcher-utils/-/jest-matcher-utils-29.7.0.tgz. Extracting by manifest.
1780 silly tarball no local data for is-generator-fn@https://registry.npmjs.org/is-generator-fn/-/is-generator-fn-2.1.0.tgz. Extracting by manifest.
1781 silly tarball no local data for co@https://registry.npmjs.org/co/-/co-4.6.0.tgz. Extracting by manifest.
1782 silly tarball no local data for dedent@https://registry.npmjs.org/dedent/-/dedent-1.7.2.tgz. Extracting by manifest.
1783 silly tarball no local data for @jest/expect@https://registry.npmjs.org/@jest/expect/-/expect-29.7.0.tgz. Extracting by manifest.
1784 silly tarball no local data for @babel/plugin-syntax-private-property-in-object@https://registry.npmjs.org/@babel/plugin-syntax-private-property-in-object/-/plugin-syntax-private-property-in-object-7.14.5.tgz. Extracting by manifest.
1785 silly tarball no local data for @babel/plugin-syntax-optional-chaining@https://registry.npmjs.org/@babel/plugin-syntax-optional-chaining/-/plugin-syntax-optional-chaining-7.8.3.tgz. Extracting by manifest.
1786 silly tarball no local data for @babel/plugin-syntax-optional-catch-binding@https://registry.npmjs.org/@babel/plugin-syntax-optional-catch-binding/-/plugin-syntax-optional-catch-binding-7.8.3.tgz. Extracting by manifest.
1787 silly tarball no local data for @babel/plugin-syntax-numeric-separator@https://registry.npmjs.org/@babel/plugin-syntax-numeric-separator/-/plugin-syntax-numeric-separator-7.10.4.tgz. Extracting by manifest.
1788 silly tarball no local data for @babel/plugin-syntax-object-rest-spread@https://registry.npmjs.org/@babel/plugin-syntax-object-rest-spread/-/plugin-syntax-object-rest-spread-7.8.3.tgz. Extracting by manifest.
1789 silly tarball no local data for @babel/plugin-syntax-nullish-coalescing-operator@https://registry.npmjs.org/@babel/plugin-syntax-nullish-coalescing-operator/-/plugin-syntax-nullish-coalescing-operator-7.8.3.tgz. Extracting by manifest.
1790 silly tarball no local data for @babel/plugin-syntax-logical-assignment-operators@https://registry.npmjs.org/@babel/plugin-syntax-logical-assignment-operators/-/plugin-syntax-logical-assignment-operators-7.10.4.tgz. Extracting by manifest.
1791 silly tarball no local data for @babel/plugin-syntax-json-strings@https://registry.npmjs.org/@babel/plugin-syntax-json-strings/-/plugin-syntax-json-strings-7.8.3.tgz. Extracting by manifest.
1792 silly tarball no local data for @babel/plugin-syntax-import-attributes@https://registry.npmjs.org/@babel/plugin-syntax-import-attributes/-/plugin-syntax-import-attributes-7.29.7.tgz. Extracting by manifest.
1793 silly tarball no local data for @babel/plugin-syntax-import-meta@https://registry.npmjs.org/@babel/plugin-syntax-import-meta/-/plugin-syntax-import-meta-7.10.4.tgz. Extracting by manifest.
1794 silly tarball no local data for @babel/plugin-syntax-class-properties@https://registry.npmjs.org/@babel/plugin-syntax-class-properties/-/plugin-syntax-class-properties-7.12.13.tgz. Extracting by manifest.
1795 silly tarball no local data for @babel/plugin-syntax-bigint@https://registry.npmjs.org/@babel/plugin-syntax-bigint/-/plugin-syntax-bigint-7.8.3.tgz. Extracting by manifest.
1796 silly tarball no local data for @babel/plugin-syntax-class-static-block@https://registry.npmjs.org/@babel/plugin-syntax-class-static-block/-/plugin-syntax-class-static-block-7.14.5.tgz. Extracting by manifest.
1797 silly tarball no local data for @babel/plugin-syntax-async-generators@https://registry.npmjs.org/@babel/plugin-syntax-async-generators/-/plugin-syntax-async-generators-7.8.4.tgz. Extracting by manifest.
1798 silly tarball no local data for babel-preset-current-node-syntax@https://registry.npmjs.org/babel-preset-current-node-syntax/-/babel-preset-current-node-syntax-1.2.0.tgz. Extracting by manifest.
1799 silly tarball no local data for babel-plugin-jest-hoist@https://registry.npmjs.org/babel-plugin-jest-hoist/-/babel-plugin-jest-hoist-29.6.3.tgz. Extracting by manifest.
1800 silly tarball no local data for @types/babel__template@https://registry.npmjs.org/@types/babel__template/-/babel__template-7.4.4.tgz. Extracting by manifest.
1801 silly tarball no local data for @types/babel__traverse@https://registry.npmjs.org/@types/babel__traverse/-/babel__traverse-7.28.0.tgz. Extracting by manifest.
1802 silly tarball no local data for @types/babel__generator@https://registry.npmjs.org/@types/babel__generator/-/babel__generator-7.27.0.tgz. Extracting by manifest.
1803 silly tarball no local data for babel-preset-jest@https://registry.npmjs.org/babel-preset-jest/-/babel-preset-jest-29.6.3.tgz. Extracting by manifest.
1804 silly tarball no local data for @types/babel__core@https://registry.npmjs.org/@types/babel__core/-/babel__core-7.20.5.tgz. Extracting by manifest.
1805 silly tarball no local data for parse-json@https://registry.npmjs.org/parse-json/-/parse-json-5.2.0.tgz. Extracting by manifest.
1806 silly tarball no local data for strip-json-comments@https://registry.npmjs.org/strip-json-comments/-/strip-json-comments-3.1.1.tgz. Extracting by manifest.
1807 silly tarball no local data for jest-get-type@https://registry.npmjs.org/jest-get-type/-/jest-get-type-29.6.3.tgz. Extracting by manifest.
1808 silly tarball no local data for jest-environment-node@https://registry.npmjs.org/jest-environment-node/-/jest-environment-node-29.7.0.tgz. Extracting by manifest.
1809 silly tarball no local data for jest-circus@https://registry.npmjs.org/jest-circus/-/jest-circus-29.7.0.tgz. Extracting by manifest.
1810 silly tarball no local data for deepmerge@https://registry.npmjs.org/deepmerge/-/deepmerge-4.3.1.tgz. Extracting by manifest.
1811 silly tarball no local data for @babel/plugin-syntax-top-level-await@https://registry.npmjs.org/@babel/plugin-syntax-top-level-await/-/plugin-syntax-top-level-await-7.14.5.tgz. Extracting by manifest.
1812 silly tarball no local data for @jest/environment@https://registry.npmjs.org/@jest/environment/-/environment-29.7.0.tgz. Extracting by manifest.
1813 silly tarball no local data for babel-jest@https://registry.npmjs.org/babel-jest/-/babel-jest-29.7.0.tgz. Extracting by manifest.
1814 silly tarball no local data for @jest/test-sequencer@https://registry.npmjs.org/@jest/test-sequencer/-/test-sequencer-29.7.0.tgz. Extracting by manifest.
1815 silly tarball no local data for prompts@https://registry.npmjs.org/prompts/-/prompts-2.4.2.tgz. Extracting by manifest.
1816 silly tarball no local data for yargs@https://registry.npmjs.org/yargs/-/yargs-17.7.3.tgz. Extracting by manifest.
1817 silly tarball no local data for create-jest@https://registry.npmjs.org/create-jest/-/create-jest-29.7.0.tgz. Extracting by manifest.
1818 silly tarball no local data for which@https://registry.npmjs.org/which/-/which-2.0.2.tgz. Extracting by manifest.
1819 silly tarball no local data for shebang-command@https://registry.npmjs.org/shebang-command/-/shebang-command-2.0.0.tgz. Extracting by manifest.
1820 silly tarball no local data for strip-final-newline@https://registry.npmjs.org/strip-final-newline/-/strip-final-newline-2.0.0.tgz. Extracting by manifest.
1821 silly tarball no local data for signal-exit@https://registry.npmjs.org/signal-exit/-/signal-exit-3.0.7.tgz. Extracting by manifest.
1822 silly tarball no local data for onetime@https://registry.npmjs.org/onetime/-/onetime-5.1.2.tgz. Extracting by manifest.
1823 silly tarball no local data for npm-run-path@https://registry.npmjs.org/npm-run-path/-/npm-run-path-4.0.1.tgz. Extracting by manifest.
1824 silly tarball no local data for merge-stream@https://registry.npmjs.org/merge-stream/-/merge-stream-2.0.0.tgz. Extracting by manifest.
1825 silly tarball no local data for is-stream@https://registry.npmjs.org/is-stream/-/is-stream-2.0.1.tgz. Extracting by manifest.
1826 silly tarball no local data for get-stream@https://registry.npmjs.org/get-stream/-/get-stream-6.0.1.tgz. Extracting by manifest.
1827 silly tarball no local data for cross-spawn@https://registry.npmjs.org/cross-spawn/-/cross-spawn-7.0.6.tgz. Extracting by manifest.
1828 silly tarball no local data for human-signals@https://registry.npmjs.org/human-signals/-/human-signals-2.1.0.tgz. Extracting by manifest.
1829 silly tarball no local data for path-key@https://registry.npmjs.org/path-key/-/path-key-3.1.1.tgz. Extracting by manifest.
1830 silly tarball no local data for p-limit@https://registry.npmjs.org/p-limit/-/p-limit-3.1.0.tgz. Extracting by manifest.
1831 silly tarball no local data for execa@https://registry.npmjs.org/execa/-/execa-5.1.1.tgz. Extracting by manifest.
1832 silly tarball no local data for html-escaper@https://registry.npmjs.org/html-escaper/-/html-escaper-2.0.2.tgz. Extracting by manifest.
1833 silly tarball no local data for make-dir@https://registry.npmjs.org/make-dir/-/make-dir-4.0.0.tgz. Extracting by manifest.
1834 silly tarball no local data for wrappy@https://registry.npmjs.org/wrappy/-/wrappy-1.0.2.tgz. Extracting by manifest.
1835 silly tarball no local data for source-map@https://registry.npmjs.org/source-map/-/source-map-0.6.1.tgz. Extracting by manifest.
1836 silly tarball no local data for pkg-dir@https://registry.npmjs.org/pkg-dir/-/pkg-dir-4.2.0.tgz. Extracting by manifest.
1837 silly tarball no local data for path-is-absolute@https://registry.npmjs.org/path-is-absolute/-/path-is-absolute-1.0.1.tgz. Extracting by manifest.
1838 silly tarball no local data for once@https://registry.npmjs.org/once/-/once-1.4.0.tgz. Extracting by manifest.
1839 silly tarball no local data for minimatch@https://registry.npmjs.org/minimatch/-/minimatch-3.1.5.tgz. Extracting by manifest.
1840 silly tarball no local data for inherits@https://registry.npmjs.org/inherits/-/inherits-2.0.4.tgz. Extracting by manifest.
1841 silly tarball no local data for fs.realpath@https://registry.npmjs.org/fs.realpath/-/fs.realpath-1.0.0.tgz. Extracting by manifest.
1842 silly tarball no local data for inflight@https://registry.npmjs.org/inflight/-/inflight-1.0.6.tgz. Extracting by manifest.
1843 silly tarball no local data for path-exists@https://registry.npmjs.org/path-exists/-/path-exists-4.0.0.tgz. Extracting by manifest.
1844 silly tarball no local data for resolve-cwd@https://registry.npmjs.org/resolve-cwd/-/resolve-cwd-3.0.0.tgz. Extracting by manifest.
1845 silly tarball no local data for locate-path@https://registry.npmjs.org/locate-path/-/locate-path-5.0.0.tgz. Extracting by manifest.
1846 silly tarball no local data for color-name@https://registry.npmjs.org/color-name/-/color-name-1.1.4.tgz. Extracting by manifest.
1847 silly tarball no local data for ms@https://registry.npmjs.org/ms/-/ms-2.1.3.tgz. Extracting by manifest.
1848 silly tarball no local data for supports-color@https://registry.npmjs.org/supports-color/-/supports-color-7.2.0.tgz. Extracting by manifest.
1849 silly tarball no local data for color-convert@https://registry.npmjs.org/color-convert/-/color-convert-2.0.1.tgz. Extracting by manifest.
1850 silly tarball no local data for ansi-styles@https://registry.npmjs.org/ansi-styles/-/ansi-styles-4.3.0.tgz. Extracting by manifest.
1851 silly tarball no local data for node-releases@https://registry.npmjs.org/node-releases/-/node-releases-2.0.53.tgz. Extracting by manifest.
1852 silly tarball no local data for update-browserslist-db@https://registry.npmjs.org/update-browserslist-db/-/update-browserslist-db-1.3.0.tgz. Extracting by manifest.
1853 silly tarball no local data for electron-to-chromium@https://registry.npmjs.org/electron-to-chromium/-/electron-to-chromium-1.5.402.tgz. Extracting by manifest.
1854 silly tarball no local data for caniuse-lite@https://registry.npmjs.org/caniuse-lite/-/caniuse-lite-1.0.30001809.tgz. Extracting by manifest.
1855 silly tarball no local data for baseline-browser-mapping@https://registry.npmjs.org/baseline-browser-mapping/-/baseline-browser-mapping-2.11.12.tgz. Extracting by manifest.
1856 silly tarball no local data for get-package-type@https://registry.npmjs.org/get-package-type/-/get-package-type-0.1.0.tgz. Extracting by manifest.
1857 silly tarball no local data for resolve-from@https://registry.npmjs.org/resolve-from/-/resolve-from-5.0.0.tgz. Extracting by manifest.
1858 silly tarball no local data for js-yaml@https://registry.npmjs.org/js-yaml/-/js-yaml-3.15.1.tgz. Extracting by manifest.
1859 silly tarball no local data for find-up@https://registry.npmjs.org/find-up/-/find-up-4.1.0.tgz. Extracting by manifest.
1860 silly tarball no local data for camelcase@https://registry.npmjs.org/camelcase/-/camelcase-5.3.1.tgz. Extracting by manifest.
1861 silly tarball no local data for @istanbuljs/load-nyc-config@https://registry.npmjs.org/@istanbuljs/load-nyc-config/-/load-nyc-config-1.1.0.tgz. Extracting by manifest.
1862 silly tarball no local data for test-exclude@https://registry.npmjs.org/test-exclude/-/test-exclude-6.0.0.tgz. Extracting by manifest.
1863 silly tarball no local data for @istanbuljs/schema@https://registry.npmjs.org/@istanbuljs/schema/-/schema-0.1.6.tgz. Extracting by manifest.
1864 silly tarball no local data for @babel/helper-plugin-utils@https://registry.npmjs.org/@babel/helper-plugin-utils/-/helper-plugin-utils-7.29.7.tgz. Extracting by manifest.
1865 silly tarball no local data for type-fest@https://registry.npmjs.org/type-fest/-/type-fest-0.21.3.tgz. Extracting by manifest.
1866 silly tarball no local data for undici-types@https://registry.npmjs.org/undici-types/-/undici-types-8.3.0.tgz. Extracting by manifest.
1867 silly tarball no local data for @types/istanbul-lib-report@https://registry.npmjs.org/@types/istanbul-lib-report/-/istanbul-lib-report-3.0.3.tgz. Extracting by manifest.
1868 silly tarball no local data for @types/yargs-parser@https://registry.npmjs.org/@types/yargs-parser/-/yargs-parser-21.0.3.tgz. Extracting by manifest.
1869 silly tarball no local data for @jridgewell/resolve-uri@https://registry.npmjs.org/@jridgewell/resolve-uri/-/resolve-uri-3.1.2.tgz. Extracting by manifest.
1870 silly tarball no local data for @jridgewell/sourcemap-codec@https://registry.npmjs.org/@jridgewell/sourcemap-codec/-/sourcemap-codec-1.5.5.tgz. Extracting by manifest.
1871 silly tarball no local data for @sinclair/typebox@https://registry.npmjs.org/@sinclair/typebox/-/typebox-0.27.12.tgz. Extracting by manifest.
1872 silly tarball no local data for @types/yargs@https://registry.npmjs.org/@types/yargs/-/yargs-17.0.35.tgz. Extracting by manifest.
1873 silly tarball no local data for @types/istanbul-reports@https://registry.npmjs.org/@types/istanbul-reports/-/istanbul-reports-3.0.4.tgz. Extracting by manifest.
1874 silly tarball no local data for @jest/schemas@https://registry.npmjs.org/@jest/schemas/-/schemas-29.6.3.tgz. Extracting by manifest.
1875 silly tarball no local data for @babel/helper-globals@https://registry.npmjs.org/@babel/helper-globals/-/helper-globals-7.29.7.tgz. Extracting by manifest.
1876 silly tarball no local data for @babel/helper-validator-option@https://registry.npmjs.org/@babel/helper-validator-option/-/helper-validator-option-7.29.7.tgz. Extracting by manifest.
1877 silly tarball no local data for @babel/compat-data@https://registry.npmjs.org/@babel/compat-data/-/compat-data-7.29.7.tgz. Extracting by manifest.
1878 silly tarball no local data for jsesc@https://registry.npmjs.org/jsesc/-/jsesc-3.1.0.tgz. Extracting by manifest.
1879 silly tarball no local data for @babel/helper-module-imports@https://registry.npmjs.org/@babel/helper-module-imports/-/helper-module-imports-7.29.7.tgz. Extracting by manifest.
1880 silly tarball no local data for @jridgewell/gen-mapping@https://registry.npmjs.org/@jridgewell/gen-mapping/-/gen-mapping-0.3.13.tgz. Extracting by manifest.
1881 silly tarball no local data for picocolors@https://registry.npmjs.org/picocolors/-/picocolors-1.1.1.tgz. Extracting by manifest.
1882 silly tarball no local data for js-tokens@https://registry.npmjs.org/js-tokens/-/js-tokens-4.0.0.tgz. Extracting by manifest.
1883 silly tarball no local data for @babel/helper-validator-identifier@https://registry.npmjs.org/@babel/helper-validator-identifier/-/helper-validator-identifier-7.29.7.tgz. Extracting by manifest.
1884 silly tarball no local data for semver@https://registry.npmjs.org/semver/-/semver-6.3.1.tgz. Extracting by manifest.
1885 silly tarball no local data for json5@https://registry.npmjs.org/json5/-/json5-2.2.3.tgz. Extracting by manifest.
1886 silly tarball no local data for gensync@https://registry.npmjs.org/gensync/-/gensync-1.0.0-beta.2.tgz. Extracting by manifest.
1887 silly tarball no local data for debug@https://registry.npmjs.org/debug/-/debug-4.4.3.tgz. Extracting by manifest.
1888 silly tarball no local data for browserslist@https://registry.npmjs.org/browserslist/-/browserslist-4.28.7.tgz. Extracting by manifest.
1889 silly tarball no local data for lru-cache@https://registry.npmjs.org/lru-cache/-/lru-cache-5.1.1.tgz. Extracting by manifest.
1890 silly tarball no local data for @babel/helper-string-parser@https://registry.npmjs.org/@babel/helper-string-parser/-/helper-string-parser-7.29.7.tgz. Extracting by manifest.
1891 silly tarball no local data for @babel/template@https://registry.npmjs.org/@babel/template/-/template-7.29.7.tgz. Extracting by manifest.
1892 silly tarball no local data for @babel/traverse@https://registry.npmjs.org/@babel/traverse/-/traverse-7.29.8.tgz. Extracting by manifest.
1893 silly tarball no local data for @jridgewell/remapping@https://registry.npmjs.org/@jridgewell/remapping/-/remapping-2.3.5.tgz. Extracting by manifest.
1894 silly tarball no local data for @babel/types@https://registry.npmjs.org/@babel/types/-/types-7.29.8.tgz. Extracting by manifest.
1895 silly tarball no local data for @babel/parser@https://registry.npmjs.org/@babel/parser/-/parser-7.29.8.tgz. Extracting by manifest.
1896 silly tarball no local data for @babel/helpers@https://registry.npmjs.org/@babel/helpers/-/helpers-7.29.7.tgz. Extracting by manifest.
1897 silly tarball no local data for @babel/helper-compilation-targets@https://registry.npmjs.org/@babel/helper-compilation-targets/-/helper-compilation-targets-7.29.7.tgz. Extracting by manifest.
1898 silly tarball no local data for @babel/helper-module-transforms@https://registry.npmjs.org/@babel/helper-module-transforms/-/helper-module-transforms-7.29.7.tgz. Extracting by manifest.
1899 silly tarball no local data for @babel/generator@https://registry.npmjs.org/@babel/generator/-/generator-7.29.8.tgz. Extracting by manifest.
1900 silly tarball no local data for @babel/code-frame@https://registry.npmjs.org/@babel/code-frame/-/code-frame-7.29.7.tgz. Extracting by manifest.
1901 silly tarball no local data for write-file-atomic@https://registry.npmjs.org/write-file-atomic/-/write-file-atomic-4.0.2.tgz. Extracting by manifest.
1902 silly tarball no local data for fast-json-stable-stringify@https://registry.npmjs.org/fast-json-stable-stringify/-/fast-json-stable-stringify-2.1.0.tgz. Extracting by manifest.
1903 silly tarball no local data for convert-source-map@https://registry.npmjs.org/convert-source-map/-/convert-source-map-2.0.0.tgz. Extracting by manifest.
1904 silly tarball no local data for babel-plugin-istanbul@https://registry.npmjs.org/babel-plugin-istanbul/-/babel-plugin-istanbul-6.1.1.tgz. Extracting by manifest.
1905 silly tarball no local data for pirates@https://registry.npmjs.org/pirates/-/pirates-4.0.7.tgz. Extracting by manifest.
1906 silly tarball no local data for @babel/core@https://registry.npmjs.org/@babel/core/-/core-7.29.7.tgz. Extracting by manifest.
1907 silly tarball no local data for @types/istanbul-lib-coverage@https://registry.npmjs.org/@types/istanbul-lib-coverage/-/istanbul-lib-coverage-2.0.6.tgz. Extracting by manifest.
1908 silly tarball no local data for v8-to-istanbul@https://registry.npmjs.org/v8-to-istanbul/-/v8-to-istanbul-9.3.0.tgz. Extracting by manifest.
1909 silly tarball no local data for string-length@https://registry.npmjs.org/string-length/-/string-length-4.0.2.tgz. Extracting by manifest.
1910 silly tarball no local data for jest-worker@https://registry.npmjs.org/jest-worker/-/jest-worker-29.7.0.tgz. Extracting by manifest.
1911 silly tarball no local data for istanbul-reports@https://registry.npmjs.org/istanbul-reports/-/istanbul-reports-3.2.0.tgz. Extracting by manifest.
1912 silly tarball no local data for istanbul-lib-source-maps@https://registry.npmjs.org/istanbul-lib-source-maps/-/istanbul-lib-source-maps-4.0.1.tgz. Extracting by manifest.
1913 silly tarball no local data for istanbul-lib-instrument@https://registry.npmjs.org/istanbul-lib-instrument/-/istanbul-lib-instrument-6.0.3.tgz. Extracting by manifest.
1914 silly tarball no local data for istanbul-lib-coverage@https://registry.npmjs.org/istanbul-lib-coverage/-/istanbul-lib-coverage-3.2.2.tgz. Extracting by manifest.
1915 silly tarball no local data for glob@https://registry.npmjs.org/glob/-/glob-7.2.3.tgz. Extracting by manifest.
1916 silly tarball no local data for istanbul-lib-report@https://registry.npmjs.org/istanbul-lib-report/-/istanbul-lib-report-3.0.1.tgz. Extracting by manifest.
1917 silly tarball no local data for collect-v8-coverage@https://registry.npmjs.org/collect-v8-coverage/-/collect-v8-coverage-1.0.3.tgz. Extracting by manifest.
1918 silly tarball no local data for @jridgewell/trace-mapping@https://registry.npmjs.org/@jridgewell/trace-mapping/-/trace-mapping-0.3.31.tgz. Extracting by manifest.
1919 silly tarball no local data for @bcoe/v8-coverage@https://registry.npmjs.org/@bcoe/v8-coverage/-/v8-coverage-0.2.3.tgz. Extracting by manifest.
1920 silly tarball no local data for slash@https://registry.npmjs.org/slash/-/slash-3.0.0.tgz. Extracting by manifest.
1921 silly tarball no local data for strip-ansi@https://registry.npmjs.org/strip-ansi/-/strip-ansi-6.0.1.tgz. Extracting by manifest.
1922 silly tarball no local data for pretty-format@https://registry.npmjs.org/pretty-format/-/pretty-format-29.7.0.tgz. Extracting by manifest.
1923 silly tarball no local data for micromatch@https://registry.npmjs.org/micromatch/-/micromatch-4.0.8.tgz. Extracting by manifest.
1924 silly tarball no local data for jest-watcher@https://registry.npmjs.org/jest-watcher/-/jest-watcher-29.7.0.tgz. Extracting by manifest.
1925 silly tarball no local data for jest-util@https://registry.npmjs.org/jest-util/-/jest-util-29.7.0.tgz. Extracting by manifest.
1926 silly tarball no local data for jest-snapshot@https://registry.npmjs.org/jest-snapshot/-/jest-snapshot-29.7.0.tgz. Extracting by manifest.
1927 silly tarball no local data for jest-validate@https://registry.npmjs.org/jest-validate/-/jest-validate-29.7.0.tgz. Extracting by manifest.
1928 silly tarball no local data for jest-runtime@https://registry.npmjs.org/jest-runtime/-/jest-runtime-29.7.0.tgz. Extracting by manifest.
1929 silly tarball no local data for jest-runner@https://registry.npmjs.org/jest-runner/-/jest-runner-29.7.0.tgz. Extracting by manifest.
1930 silly tarball no local data for jest-resolve-dependencies@https://registry.npmjs.org/jest-resolve-dependencies/-/jest-resolve-dependencies-29.7.0.tgz. Extracting by manifest.
1931 silly tarball no local data for jest-resolve@https://registry.npmjs.org/jest-resolve/-/jest-resolve-29.7.0.tgz. Extracting by manifest.
1932 silly tarball no local data for jest-haste-map@https://registry.npmjs.org/jest-haste-map/-/jest-haste-map-29.7.0.tgz. Extracting by manifest.
1933 silly tarball no local data for jest-regex-util@https://registry.npmjs.org/jest-regex-util/-/jest-regex-util-29.6.3.tgz. Extracting by manifest.
1934 silly tarball no local data for jest-message-util@https://registry.npmjs.org/jest-message-util/-/jest-message-util-29.7.0.tgz. Extracting by manifest.
1935 silly tarball no local data for graceful-fs@https://registry.npmjs.org/graceful-fs/-/graceful-fs-4.2.11.tgz. Extracting by manifest.
1936 silly tarball no local data for exit@https://registry.npmjs.org/exit/-/exit-0.1.2.tgz. Extracting by manifest.
1937 silly tarball no local data for jest-config@https://registry.npmjs.org/jest-config/-/jest-config-29.7.0.tgz. Extracting by manifest.
1938 silly tarball no local data for jest-changed-files@https://registry.npmjs.org/jest-changed-files/-/jest-changed-files-29.7.0.tgz. Extracting by manifest.
1939 silly tarball no local data for chalk@https://registry.npmjs.org/chalk/-/chalk-4.1.2.tgz. Extracting by manifest.
1940 silly tarball no local data for ci-info@https://registry.npmjs.org/ci-info/-/ci-info-3.9.0.tgz. Extracting by manifest.
1941 silly tarball no local data for @types/node@https://registry.npmjs.org/@types/node/-/node-26.1.2.tgz. Extracting by manifest.
1942 silly tarball no local data for ansi-escapes@https://registry.npmjs.org/ansi-escapes/-/ansi-escapes-4.3.2.tgz. Extracting by manifest.
1943 silly tarball no local data for @jest/reporters@https://registry.npmjs.org/@jest/reporters/-/reporters-29.7.0.tgz. Extracting by manifest.
1944 silly tarball no local data for @jest/test-result@https://registry.npmjs.org/@jest/test-result/-/test-result-29.7.0.tgz. Extracting by manifest.
1945 silly tarball no local data for @jest/console@https://registry.npmjs.org/@jest/console/-/console-29.7.0.tgz. Extracting by manifest.
1946 silly tarball no local data for @jest/transform@https://registry.npmjs.org/@jest/transform/-/transform-29.7.0.tgz. Extracting by manifest.
1947 silly tarball no local data for jest-cli@https://registry.npmjs.org/jest-cli/-/jest-cli-29.7.0.tgz. Extracting by manifest.
1948 silly tarball no local data for import-local@https://registry.npmjs.org/import-local/-/import-local-3.2.0.tgz. Extracting by manifest.
1949 silly tarball no local data for @jest/core@https://registry.npmjs.org/@jest/core/-/core-29.7.0.tgz. Extracting by manifest.
1950 silly tarball no local data for jest@https://registry.npmjs.org/jest/-/jest-29.7.0.tgz. Extracting by manifest.
1951 silly tarball no local data for p-limit@https://registry.npmjs.org/p-limit/-/p-limit-2.3.0.tgz. Extracting by manifest.
1952 silly tarball no local data for @jest/types@https://registry.npmjs.org/@jest/types/-/types-29.6.3.tgz. Extracting by manifest.
1953 silly tarball no local data for semver@https://registry.npmjs.org/semver/-/semver-7.8.5.tgz. Extracting by manifest.
1954 silly tarball no local data for istanbul-lib-instrument@https://registry.npmjs.org/istanbul-lib-instrument/-/istanbul-lib-instrument-5.2.1.tgz. Extracting by manifest.
1955 silly tarball no local data for supports-color@https://registry.npmjs.org/supports-color/-/supports-color-8.1.1.tgz. Extracting by manifest.
1956 silly tarball no local data for ansi-styles@https://registry.npmjs.org/ansi-styles/-/ansi-styles-5.2.0.tgz. Extracting by manifest.
1957 silly tarball no local data for camelcase@https://registry.npmjs.org/camelcase/-/camelcase-6.3.0.tgz. Extracting by manifest.
1958 silly tarball no local data for semver@https://registry.npmjs.org/semver/-/semver-7.8.5.tgz. Extracting by manifest.
1959 silly tarball no local data for semver@https://registry.npmjs.org/semver/-/semver-7.8.5.tgz. Extracting by manifest.
1960 http fetch POST 200 https://registry.npmjs.org/-/npm/v1/security/advisories/bulk 460ms
1961 silly audit report {}
1962 http fetch GET 200 https://registry.npmjs.org/get-caller-file/-/get-caller-file-2.0.5.tgz 924ms (cache miss)
1963 http fetch GET 200 https://registry.npmjs.org/makeerror/-/makeerror-1.0.12.tgz 984ms (cache miss)
1964 http fetch GET 200 https://registry.npmjs.org/require-directory/-/require-directory-2.1.1.tgz 1076ms (cache miss)
1965 http fetch GET 200 https://registry.npmjs.org/cliui/-/cliui-8.0.1.tgz 1103ms (cache miss)
1966 http fetch GET 200 https://registry.npmjs.org/wrap-ansi/-/wrap-ansi-7.0.0.tgz 1196ms (cache miss)
1967 http fetch GET 200 https://registry.npmjs.org/char-regex/-/char-regex-1.0.2.tgz 1313ms (cache miss)
1968 http fetch GET 200 https://registry.npmjs.org/p-try/-/p-try-2.2.0.tgz 1358ms (cache miss)
1969 http fetch GET 200 https://registry.npmjs.org/escape-string-regexp/-/escape-string-regexp-2.0.0.tgz 1415ms (cache miss)
1970 http fetch GET 200 https://registry.npmjs.org/ansi-regex/-/ansi-regex-5.0.1.tgz 1477ms (cache miss)
1971 http fetch GET 200 https://registry.npmjs.org/shebang-regex/-/shebang-regex-3.0.0.tgz 1539ms (cache miss)
1972 http fetch GET 200 https://registry.npmjs.org/hasown/-/hasown-2.0.4.tgz 1670ms (cache miss)
1973 http fetch GET 200 https://registry.npmjs.org/function-bind/-/function-bind-1.1.2.tgz 1791ms (cache miss)
1974 http fetch GET 200 https://registry.npmjs.org/escalade/-/escalade-3.2.0.tgz 1850ms (cache miss)
1975 http fetch GET 200 https://registry.npmjs.org/sisteransi/-/sisteransi-1.0.5.tgz 1869ms (cache miss)
1976 http fetch GET 200 https://registry.npmjs.org/has-flag/-/has-flag-4.0.0.tgz 2207ms (cache miss)
1977 http fetch GET 200 https://registry.npmjs.org/is-number/-/is-number-7.0.0.tgz 2225ms (cache miss)
1978 http fetch GET 200 https://registry.npmjs.org/kleur/-/kleur-3.0.3.tgz 2234ms (cache miss)
1979 http fetch GET 200 https://registry.npmjs.org/react-is/-/react-is-18.3.1.tgz 2241ms (cache miss)
1980 http fetch GET 200 https://registry.npmjs.org/is-fullwidth-code-point/-/is-fullwidth-code-point-3.0.0.tgz 2331ms (cache miss)
1981 http fetch GET 200 https://registry.npmjs.org/es-errors/-/es-errors-1.3.0.tgz 2327ms (cache miss)
1982 http fetch GET 200 https://registry.npmjs.org/buffer-from/-/buffer-from-1.1.2.tgz 2336ms (cache miss)
1983 http fetch GET 200 https://registry.npmjs.org/y18n/-/y18n-5.0.8.tgz 2393ms (cache miss)
1984 http fetch GET 200 https://registry.npmjs.org/error-ex/-/error-ex-1.3.4.tgz 2453ms (cache miss)
1985 http fetch GET 200 https://registry.npmjs.org/is-arrayish/-/is-arrayish-0.2.1.tgz 2499ms (cache miss)
1986 http fetch GET 200 https://registry.npmjs.org/mimic-fn/-/mimic-fn-2.1.0.tgz 2568ms (cache miss)
1987 http fetch GET 200 https://registry.npmjs.org/imurmurhash/-/imurmurhash-0.1.4.tgz 2587ms (cache miss)
1988 http fetch GET 200 https://registry.npmjs.org/concat-map/-/concat-map-0.0.1.tgz 2586ms (cache miss)
1989 http fetch GET 200 https://registry.npmjs.org/emoji-regex/-/emoji-regex-8.0.0.tgz 2673ms (cache miss)
1990 http fetch GET 200 https://registry.npmjs.org/json-parse-even-better-errors/-/json-parse-even-better-errors-2.3.1.tgz 2676ms (cache miss)
1991 http fetch GET 200 https://registry.npmjs.org/lines-and-columns/-/lines-and-columns-1.2.4.tgz 2682ms (cache miss)
1992 http fetch GET 200 https://registry.npmjs.org/isexe/-/isexe-2.0.0.tgz 2731ms (cache miss)
1993 http fetch GET 200 https://registry.npmjs.org/yallist/-/yallist-3.1.1.tgz 2875ms (cache miss)
1994 http fetch GET 200 https://registry.npmjs.org/p-locate/-/p-locate-4.1.0.tgz 2920ms (cache miss)
1995 http fetch GET 200 https://registry.npmjs.org/yargs-parser/-/yargs-parser-21.1.1.tgz 3038ms (cache miss)
1996 http fetch GET 200 https://registry.npmjs.org/braces/-/braces-3.0.3.tgz 3108ms (cache miss)
1997 http fetch GET 200 https://registry.npmjs.org/string-width/-/string-width-4.2.3.tgz 3256ms (cache miss)
1998 http fetch GET 200 https://registry.npmjs.org/balanced-match/-/balanced-match-1.0.2.tgz 3254ms (cache miss)
1999 http fetch GET 200 https://registry.npmjs.org/leven/-/leven-3.1.0.tgz 3252ms (cache miss)
2000 http fetch GET 200 https://registry.npmjs.org/path-parse/-/path-parse-1.0.7.tgz 3258ms (cache miss)
2001 http fetch GET 200 https://registry.npmjs.org/yocto-queue/-/yocto-queue-0.1.0.tgz 3269ms (cache miss)
2002 http fetch GET 200 https://registry.npmjs.org/esprima/-/esprima-4.0.1.tgz 3291ms (cache miss)
2003 http fetch GET 200 https://registry.npmjs.org/argparse/-/argparse-1.0.10.tgz 3319ms (cache miss)
2004 http fetch GET 200 https://registry.npmjs.org/natural-compare/-/natural-compare-1.4.0.tgz 3368ms (cache miss)
2005 http fetch GET 200 https://registry.npmjs.org/tmpl/-/tmpl-1.0.5.tgz 3433ms (cache miss)
2006 http fetch GET 200 https://registry.npmjs.org/to-regex-range/-/to-regex-range-5.0.1.tgz 3463ms (cache miss)
2007 http fetch GET 200 https://registry.npmjs.org/fill-range/-/fill-range-7.1.1.tgz 3466ms (cache miss)
2008 http fetch GET 200 https://registry.npmjs.org/sprintf-js/-/sprintf-js-1.0.3.tgz 3469ms (cache miss)
2009 http fetch GET 200 https://registry.npmjs.org/@babel/plugin-syntax-typescript/-/plugin-syntax-typescript-7.29.7.tgz 3473ms (cache miss)
2010 http fetch GET 200 https://registry.npmjs.org/callsites/-/callsites-3.1.0.tgz 3483ms (cache miss)
2011 http fetch GET 200 https://registry.npmjs.org/@jest/source-map/-/source-map-29.6.3.tgz 3516ms (cache miss)
2012 http fetch GET 200 https://registry.npmjs.org/brace-expansion/-/brace-expansion-1.1.18.tgz 3623ms (cache miss)
2013 http fetch GET 200 https://registry.npmjs.org/jest-leak-detector/-/jest-leak-detector-29.7.0.tgz 3671ms (cache miss)
2014 http fetch GET 200 https://registry.npmjs.org/emittery/-/emittery-0.13.1.tgz 3705ms (cache miss)
2015 http fetch GET 200 https://registry.npmjs.org/jest-pnp-resolver/-/jest-pnp-resolver-1.2.3.tgz 3744ms (cache miss)
2016 http fetch GET 200 https://registry.npmjs.org/@babel/plugin-syntax-jsx/-/plugin-syntax-jsx-7.29.7.tgz 3767ms (cache miss)
2017 http fetch GET 200 https://registry.npmjs.org/resolve.exports/-/resolve.exports-2.0.3.tgz 3796ms (cache miss)
2018 http fetch GET 200 https://registry.npmjs.org/@types/stack-utils/-/stack-utils-2.0.3.tgz 3850ms (cache miss)
2019 http fetch GET 200 https://registry.npmjs.org/supports-preserve-symlinks-flag/-/supports-preserve-symlinks-flag-1.0.0.tgz 3866ms (cache miss)
2020 http fetch GET 200 https://registry.npmjs.org/cjs-module-lexer/-/cjs-module-lexer-1.4.3.tgz 3936ms (cache miss)
2021 http fetch GET 200 https://registry.npmjs.org/bser/-/bser-2.1.1.tgz 3937ms (cache miss)
2022 http fetch GET 200 https://registry.npmjs.org/jest-docblock/-/jest-docblock-29.7.0.tgz 4039ms (cache miss)
2023 http fetch GET 200 https://registry.npmjs.org/is-core-module/-/is-core-module-2.16.2.tgz 4062ms (cache miss)
2024 http fetch GET 200 https://registry.npmjs.org/walker/-/walker-1.0.8.tgz 4067ms (cache miss)
2025 http fetch GET 200 https://registry.npmjs.org/@jest/globals/-/globals-29.7.0.tgz 4083ms (cache miss)
2026 http fetch GET 200 https://registry.npmjs.org/diff-sequences/-/diff-sequences-29.6.3.tgz 4084ms (cache miss)
2027 http fetch GET 200 https://registry.npmjs.org/strip-bom/-/strip-bom-4.0.0.tgz 4143ms (cache miss)
2028 http fetch GET 200 https://registry.npmjs.org/anymatch/-/anymatch-3.1.3.tgz 4163ms (cache miss)
2029 http fetch GET 200 https://registry.npmjs.org/resolve/-/resolve-1.22.12.tgz 4172ms (cache miss)
2030 http fetch GET 200 https://registry.npmjs.org/fb-watchman/-/fb-watchman-2.0.2.tgz 4201ms (cache miss)
2031 http fetch GET 200 https://registry.npmjs.org/detect-newline/-/detect-newline-3.1.0.tgz 4299ms (cache miss)
2032 http fetch GET 200 https://registry.npmjs.org/type-detect/-/type-detect-4.0.8.tgz 4297ms (cache miss)
2033 http fetch GET 200 https://registry.npmjs.org/jest-diff/-/jest-diff-29.7.0.tgz 4307ms (cache miss)
2034 http fetch GET 200 https://registry.npmjs.org/node-int64/-/node-int64-0.4.0.tgz 4344ms (cache miss)
2035 http fetch GET 200 https://registry.npmjs.org/@types/graceful-fs/-/graceful-fs-4.1.9.tgz 4361ms (cache miss)
2036 http fetch GET 200 https://registry.npmjs.org/jest-mock/-/jest-mock-29.7.0.tgz 4493ms (cache miss)
2037 http fetch GET 200 https://registry.npmjs.org/source-map-support/-/source-map-support-0.5.13.tgz 4517ms (cache miss)
2038 http fetch GET 200 https://registry.npmjs.org/is-generator-fn/-/is-generator-fn-2.1.0.tgz 4550ms (cache miss)
2039 http fetch GET 200 https://registry.npmjs.org/@jest/expect-utils/-/expect-utils-29.7.0.tgz 4685ms (cache miss)
2040 http fetch GET 200 https://registry.npmjs.org/stack-utils/-/stack-utils-2.0.6.tgz 4740ms (cache miss)
2041 http fetch GET 200 https://registry.npmjs.org/@babel/plugin-syntax-private-property-in-object/-/plugin-syntax-private-property-in-object-7.14.5.tgz 4771ms (cache miss)
2042 http fetch GET 200 https://registry.npmjs.org/picomatch/-/picomatch-2.3.2.tgz 4801ms (cache miss)
2043 http fetch GET 200 https://registry.npmjs.org/co/-/co-4.6.0.tgz 4799ms (cache miss)
2044 http fetch GET 200 https://registry.npmjs.org/@jest/fake-timers/-/fake-timers-29.7.0.tgz 4905ms (cache miss)
2045 http fetch GET 200 https://registry.npmjs.org/dedent/-/dedent-1.7.2.tgz 4958ms (cache miss)
2046 http fetch GET 200 https://registry.npmjs.org/@sinonjs/commons/-/commons-3.0.1.tgz 4967ms (cache miss)
2047 http fetch GET 200 https://registry.npmjs.org/@jest/expect/-/expect-29.7.0.tgz 4964ms (cache miss)
2048 http fetch GET 200 https://registry.npmjs.org/@babel/plugin-syntax-numeric-separator/-/plugin-syntax-numeric-separator-7.10.4.tgz 4994ms (cache miss)
2049 http fetch GET 200 https://registry.npmjs.org/@babel/plugin-syntax-optional-catch-binding/-/plugin-syntax-optional-catch-binding-7.8.3.tgz 4997ms (cache miss)
2050 http fetch GET 200 https://registry.npmjs.org/@babel/plugin-syntax-object-rest-spread/-/plugin-syntax-object-rest-spread-7.8.3.tgz 5012ms (cache miss)
2051 http fetch GET 200 https://registry.npmjs.org/@babel/plugin-syntax-import-attributes/-/plugin-syntax-import-attributes-7.29.7.tgz 5170ms (cache miss)
2052 http fetch GET 200 https://registry.npmjs.org/@babel/plugin-syntax-import-meta/-/plugin-syntax-import-meta-7.10.4.tgz 5182ms (cache miss)
2053 http fetch GET 200 https://registry.npmjs.org/@babel/plugin-syntax-optional-chaining/-/plugin-syntax-optional-chaining-7.8.3.tgz 5186ms (cache miss)
2054 http fetch GET 200 https://registry.npmjs.org/@babel/plugin-syntax-class-properties/-/plugin-syntax-class-properties-7.12.13.tgz 5212ms (cache miss)
2055 http fetch GET 200 https://registry.npmjs.org/@sinonjs/fake-timers/-/fake-timers-10.3.0.tgz 5222ms (cache miss)
2056 http fetch GET 200 https://registry.npmjs.org/@babel/plugin-syntax-bigint/-/plugin-syntax-bigint-7.8.3.tgz 5246ms (cache miss)
2057 http fetch GET 200 https://registry.npmjs.org/@babel/plugin-syntax-nullish-coalescing-operator/-/plugin-syntax-nullish-coalescing-operator-7.8.3.tgz 5266ms (cache miss)
2058 http fetch GET 200 https://registry.npmjs.org/@babel/plugin-syntax-async-generators/-/plugin-syntax-async-generators-7.8.4.tgz 5380ms (cache miss)
2059 http fetch GET 200 https://registry.npmjs.org/babel-preset-current-node-syntax/-/babel-preset-current-node-syntax-1.2.0.tgz 5406ms (cache miss)
2060 http fetch GET 200 https://registry.npmjs.org/@types/babel__template/-/babel__template-7.4.4.tgz 5426ms (cache miss)
2061 http fetch GET 200 https://registry.npmjs.org/jest-matcher-utils/-/jest-matcher-utils-29.7.0.tgz 5466ms (cache miss)
2062 http fetch GET 200 https://registry.npmjs.org/@babel/plugin-syntax-class-static-block/-/plugin-syntax-class-static-block-7.14.5.tgz 5481ms (cache miss)
2063 http fetch GET 200 https://registry.npmjs.org/babel-preset-jest/-/babel-preset-jest-29.6.3.tgz 5504ms (cache miss)
2064 http fetch GET 200 https://registry.npmjs.org/parse-json/-/parse-json-5.2.0.tgz 5615ms (cache miss)
2065 http fetch GET 200 https://registry.npmjs.org/babel-plugin-jest-hoist/-/babel-plugin-jest-hoist-29.6.3.tgz 5630ms (cache miss)
2066 http fetch GET 200 https://registry.npmjs.org/strip-json-comments/-/strip-json-comments-3.1.1.tgz 5633ms (cache miss)
2067 http fetch GET 200 https://registry.npmjs.org/pure-rand/-/pure-rand-6.1.0.tgz 5655ms (cache miss)
2068 http fetch GET 200 https://registry.npmjs.org/@types/babel__traverse/-/babel__traverse-7.28.0.tgz 5694ms (cache miss)
2069 http fetch GET 200 https://registry.npmjs.org/@types/babel__generator/-/babel__generator-7.27.0.tgz 5782ms (cache miss)
2070 http fetch GET 200 https://registry.npmjs.org/@babel/plugin-syntax-logical-assignment-operators/-/plugin-syntax-logical-assignment-operators-7.10.4.tgz 5832ms (cache miss)
2071 http fetch GET 200 https://registry.npmjs.org/deepmerge/-/deepmerge-4.3.1.tgz 5830ms (cache miss)
2072 http fetch GET 200 https://registry.npmjs.org/@jest/environment/-/environment-29.7.0.tgz 5877ms (cache miss)
2073 http fetch GET 200 https://registry.npmjs.org/@babel/plugin-syntax-json-strings/-/plugin-syntax-json-strings-7.8.3.tgz 5901ms (cache miss)
2074 http fetch GET 200 https://registry.npmjs.org/@jest/test-sequencer/-/test-sequencer-29.7.0.tgz 5969ms (cache miss)
2075 http fetch GET 200 https://registry.npmjs.org/normalize-path/-/normalize-path-3.0.0.tgz 6067ms (cache miss)
2076 http fetch GET 200 https://registry.npmjs.org/create-jest/-/create-jest-29.7.0.tgz 6059ms (cache miss)
2077 http fetch GET 200 https://registry.npmjs.org/jest-environment-node/-/jest-environment-node-29.7.0.tgz 6140ms (cache miss)
2078 http fetch GET 200 https://registry.npmjs.org/jest-get-type/-/jest-get-type-29.6.3.tgz 6375ms (cache miss)
2079 http fetch GET 200 https://registry.npmjs.org/expect/-/expect-29.7.0.tgz 6387ms (cache miss)
2080 http fetch GET 200 https://registry.npmjs.org/babel-jest/-/babel-jest-29.7.0.tgz 6472ms (cache miss)
2081 http fetch GET 200 https://registry.npmjs.org/signal-exit/-/signal-exit-3.0.7.tgz 6497ms (cache miss)
2082 http fetch GET 200 https://registry.npmjs.org/onetime/-/onetime-5.1.2.tgz 6512ms (cache miss)
2083 http fetch GET 200 https://registry.npmjs.org/which/-/which-2.0.2.tgz 6513ms (cache miss)
2084 http fetch GET 200 https://registry.npmjs.org/@types/babel__core/-/babel__core-7.20.5.tgz 6595ms (cache miss)
2085 http fetch GET 200 https://registry.npmjs.org/strip-final-newline/-/strip-final-newline-2.0.0.tgz 6764ms (cache miss)
2086 http fetch GET 200 https://registry.npmjs.org/shebang-command/-/shebang-command-2.0.0.tgz 6788ms (cache miss)
2087 http fetch GET 200 https://registry.npmjs.org/npm-run-path/-/npm-run-path-4.0.1.tgz 6792ms (cache miss)
2088 http fetch GET 200 https://registry.npmjs.org/jest-circus/-/jest-circus-29.7.0.tgz 6801ms (cache miss)
2089 http fetch GET 200 https://registry.npmjs.org/merge-stream/-/merge-stream-2.0.0.tgz 6850ms (cache miss)
2090 http fetch GET 200 https://registry.npmjs.org/p-limit/-/p-limit-3.1.0.tgz 6848ms (cache miss)
2091 http fetch GET 200 https://registry.npmjs.org/get-stream/-/get-stream-6.0.1.tgz 6874ms (cache miss)
2092 http fetch GET 200 https://registry.npmjs.org/cross-spawn/-/cross-spawn-7.0.6.tgz 6987ms (cache miss)
2093 http fetch GET 200 https://registry.npmjs.org/html-escaper/-/html-escaper-2.0.2.tgz 7033ms (cache miss)
2094 http fetch GET 200 https://registry.npmjs.org/path-key/-/path-key-3.1.1.tgz 7054ms (cache miss)
2095 http fetch GET 200 https://registry.npmjs.org/jest-each/-/jest-each-29.7.0.tgz 7098ms (cache miss)
2096 http fetch GET 200 https://registry.npmjs.org/pkg-dir/-/pkg-dir-4.2.0.tgz 7088ms (cache miss)
2097 http fetch GET 200 https://registry.npmjs.org/wrappy/-/wrappy-1.0.2.tgz 7254ms (cache miss)
2098 http fetch GET 200 https://registry.npmjs.org/make-dir/-/make-dir-4.0.0.tgz 7279ms (cache miss)
2099 http fetch GET 200 https://registry.npmjs.org/is-stream/-/is-stream-2.0.1.tgz 7327ms (cache miss)
2100 http fetch GET 200 https://registry.npmjs.org/inflight/-/inflight-1.0.6.tgz 7325ms (cache miss)
2101 warn deprecated inflight@1.0.6: This module is not supported, and leaks memory. Do not use it. Check out lru-cache if you want a good and tested way to coalesce async requests by a key value, which is much more comprehensive and powerful.
2102 http fetch GET 200 https://registry.npmjs.org/@babel/plugin-syntax-top-level-await/-/plugin-syntax-top-level-await-7.14.5.tgz 7490ms (cache miss)
2103 http fetch GET 200 https://registry.npmjs.org/fs.realpath/-/fs.realpath-1.0.0.tgz 7550ms (cache miss)
2104 http fetch GET 200 https://registry.npmjs.org/inherits/-/inherits-2.0.4.tgz 7556ms (cache miss)
2105 http fetch GET 200 https://registry.npmjs.org/color-name/-/color-name-1.1.4.tgz 7562ms (cache miss)
2106 http fetch GET 200 https://registry.npmjs.org/locate-path/-/locate-path-5.0.0.tgz 7575ms (cache miss)
2107 http fetch GET 200 https://registry.npmjs.org/path-exists/-/path-exists-4.0.0.tgz 7589ms (cache miss)
2108 http fetch GET 200 https://registry.npmjs.org/path-is-absolute/-/path-is-absolute-1.0.1.tgz 7695ms (cache miss)
2109 http fetch GET 200 https://registry.npmjs.org/ms/-/ms-2.1.3.tgz 7798ms (cache miss)
2110 http fetch GET 200 https://registry.npmjs.org/execa/-/execa-5.1.1.tgz 7812ms (cache miss)
2111 http fetch GET 200 https://registry.npmjs.org/node-releases/-/node-releases-2.0.53.tgz 8052ms (cache miss)
2112 http fetch GET 200 https://registry.npmjs.org/human-signals/-/human-signals-2.1.0.tgz 8066ms (cache miss)
2113 http fetch GET 200 https://registry.npmjs.org/resolve-cwd/-/resolve-cwd-3.0.0.tgz 8153ms (cache miss)
2114 http fetch GET 200 https://registry.npmjs.org/once/-/once-1.4.0.tgz 8204ms (cache miss)
2115 http fetch GET 200 https://registry.npmjs.org/get-package-type/-/get-package-type-0.1.0.tgz 8328ms (cache miss)
2116 http fetch GET 200 https://registry.npmjs.org/resolve-from/-/resolve-from-5.0.0.tgz 8400ms (cache miss)
2117 http fetch GET 200 https://registry.npmjs.org/yargs/-/yargs-17.7.3.tgz 8412ms (cache miss)
2118 http fetch GET 200 https://registry.npmjs.org/test-exclude/-/test-exclude-6.0.0.tgz 8631ms (cache miss)
2119 http fetch GET 200 https://registry.npmjs.org/camelcase/-/camelcase-5.3.1.tgz 8639ms (cache miss)
2120 http fetch GET 200 https://registry.npmjs.org/update-browserslist-db/-/update-browserslist-db-1.3.0.tgz 8707ms (cache miss)
2121 http fetch GET 200 https://registry.npmjs.org/color-convert/-/color-convert-2.0.1.tgz 8752ms (cache miss)
2122 http fetch GET 200 https://registry.npmjs.org/minimatch/-/minimatch-3.1.5.tgz 8895ms (cache miss)
2123 http fetch GET 200 https://registry.npmjs.org/@istanbuljs/load-nyc-config/-/load-nyc-config-1.1.0.tgz 8931ms (cache miss)
2124 http fetch GET 200 https://registry.npmjs.org/@istanbuljs/schema/-/schema-0.1.6.tgz 9081ms (cache miss)
2125 http fetch GET 200 https://registry.npmjs.org/@types/istanbul-lib-report/-/istanbul-lib-report-3.0.3.tgz 9126ms (cache miss)
2126 http fetch GET 200 https://registry.npmjs.org/find-up/-/find-up-4.1.0.tgz 9199ms (cache miss)
2127 http fetch GET 200 https://registry.npmjs.org/@babel/helper-plugin-utils/-/helper-plugin-utils-7.29.7.tgz 9213ms (cache miss)
2128 http fetch GET 200 https://registry.npmjs.org/@jridgewell/resolve-uri/-/resolve-uri-3.1.2.tgz 9328ms (cache miss)
2129 http fetch GET 200 https://registry.npmjs.org/@types/yargs-parser/-/yargs-parser-21.0.3.tgz 9354ms (cache miss)
2130 http fetch GET 200 https://registry.npmjs.org/prompts/-/prompts-2.4.2.tgz 9478ms (cache miss)
2131 http fetch GET 200 https://registry.npmjs.org/@jridgewell/sourcemap-codec/-/sourcemap-codec-1.5.5.tgz 9588ms (cache miss)
2132 http fetch GET 200 https://registry.npmjs.org/baseline-browser-mapping/-/baseline-browser-mapping-2.11.12.tgz 9630ms (cache miss)
2133 http fetch GET 200 https://registry.npmjs.org/electron-to-chromium/-/electron-to-chromium-1.5.402.tgz 9665ms (cache miss)
2134 http fetch GET 200 https://registry.npmjs.org/@babel/helper-validator-option/-/helper-validator-option-7.29.7.tgz 9819ms (cache miss)
2135 http fetch GET 200 https://registry.npmjs.org/supports-color/-/supports-color-7.2.0.tgz 9956ms (cache miss)
2136 http fetch GET 200 https://registry.npmjs.org/ansi-styles/-/ansi-styles-4.3.0.tgz 9964ms (cache miss)
2137 http fetch GET 200 https://registry.npmjs.org/@types/istanbul-reports/-/istanbul-reports-3.0.4.tgz 10186ms (cache miss)
2138 http fetch GET 200 https://registry.npmjs.org/@jest/schemas/-/schemas-29.6.3.tgz 10215ms (cache miss)
2139 http fetch GET 200 https://registry.npmjs.org/@babel/compat-data/-/compat-data-7.29.7.tgz 10278ms (cache miss)
2140 http fetch GET 200 https://registry.npmjs.org/jsesc/-/jsesc-3.1.0.tgz 10668ms (cache miss)
2141 http fetch GET 200 https://registry.npmjs.org/js-tokens/-/js-tokens-4.0.0.tgz 10672ms (cache miss)
2142 http fetch GET 200 https://registry.npmjs.org/@types/yargs/-/yargs-17.0.35.tgz 10757ms (cache miss)
2143 http fetch GET 200 https://registry.npmjs.org/picocolors/-/picocolors-1.1.1.tgz 10859ms (cache miss)
2144 http fetch GET 200 https://registry.npmjs.org/@babel/helper-globals/-/helper-globals-7.29.7.tgz 10896ms (cache miss)
2145 http fetch GET 200 https://registry.npmjs.org/gensync/-/gensync-1.0.0-beta.2.tgz 10915ms (cache miss)
2146 http fetch GET 200 https://registry.npmjs.org/@babel/helper-string-parser/-/helper-string-parser-7.29.7.tgz 11164ms (cache miss)
2147 http fetch GET 200 https://registry.npmjs.org/semver/-/semver-6.3.1.tgz 11468ms (cache miss)
2148 http fetch GET 200 https://registry.npmjs.org/@babel/template/-/template-7.29.7.tgz 11641ms (cache miss)
2149 http fetch GET 200 https://registry.npmjs.org/@jridgewell/gen-mapping/-/gen-mapping-0.3.13.tgz 11932ms (cache miss)
2150 http fetch GET 200 https://registry.npmjs.org/type-fest/-/type-fest-0.21.3.tgz 11999ms (cache miss)
2151 http fetch GET 200 https://registry.npmjs.org/source-map/-/source-map-0.6.1.tgz 12221ms (cache miss)
2152 http fetch GET 200 https://registry.npmjs.org/@jridgewell/remapping/-/remapping-2.3.5.tgz 12389ms (cache miss)
2153 http fetch GET 200 https://registry.npmjs.org/debug/-/debug-4.4.3.tgz 12657ms (cache miss)
2154 http fetch GET 200 https://registry.npmjs.org/@babel/helper-module-imports/-/helper-module-imports-7.29.7.tgz 12917ms (cache miss)
2155 http fetch GET 200 https://registry.npmjs.org/undici-types/-/undici-types-8.3.0.tgz 12971ms (cache miss)
2156 http fetch GET 200 https://registry.npmjs.org/@babel/helper-compilation-targets/-/helper-compilation-targets-7.29.7.tgz 12970ms (cache miss)
2157 http fetch GET 200 https://registry.npmjs.org/@babel/helper-validator-identifier/-/helper-validator-identifier-7.29.7.tgz 13188ms (cache miss)
2158 http fetch GET 200 https://registry.npmjs.org/write-file-atomic/-/write-file-atomic-4.0.2.tgz 13275ms (cache miss)
2159 http fetch GET 200 https://registry.npmjs.org/@sinclair/typebox/-/typebox-0.27.12.tgz 13589ms (cache miss)
2160 http fetch GET 200 https://registry.npmjs.org/convert-source-map/-/convert-source-map-2.0.0.tgz 13800ms (cache miss)
2161 http fetch GET 200 https://registry.npmjs.org/@babel/generator/-/generator-7.29.8.tgz 13986ms (cache miss)
2162 http fetch GET 200 https://registry.npmjs.org/fast-json-stable-stringify/-/fast-json-stable-stringify-2.1.0.tgz 14112ms (cache miss)
2163 http fetch GET 200 https://registry.npmjs.org/@babel/code-frame/-/code-frame-7.29.7.tgz 14180ms (cache miss)
2164 http fetch GET 200 https://registry.npmjs.org/babel-plugin-istanbul/-/babel-plugin-istanbul-6.1.1.tgz 14182ms (cache miss)
2165 http fetch GET 200 https://registry.npmjs.org/pirates/-/pirates-4.0.7.tgz 14281ms (cache miss)
2166 http fetch GET 200 https://registry.npmjs.org/@types/istanbul-lib-coverage/-/istanbul-lib-coverage-2.0.6.tgz 14488ms (cache miss)
2167 http fetch GET 200 https://registry.npmjs.org/js-yaml/-/js-yaml-3.15.1.tgz 15324ms (cache miss)
2168 http fetch GET 200 https://registry.npmjs.org/jest-worker/-/jest-worker-29.7.0.tgz 15311ms (cache miss)
2169 http fetch GET 200 https://registry.npmjs.org/string-length/-/string-length-4.0.2.tgz 15424ms (cache miss)
2170 http fetch GET 200 https://registry.npmjs.org/json5/-/json5-2.2.3.tgz 15450ms (cache miss)
2171 http fetch GET 200 https://registry.npmjs.org/browserslist/-/browserslist-4.28.7.tgz 15514ms (cache miss)
2172 http fetch GET 200 https://registry.npmjs.org/lru-cache/-/lru-cache-5.1.1.tgz 15816ms (cache miss)
2173 http fetch GET 200 https://registry.npmjs.org/@babel/core/-/core-7.29.7.tgz 15964ms (cache miss)
2174 http fetch GET 200 https://registry.npmjs.org/istanbul-lib-instrument/-/istanbul-lib-instrument-6.0.3.tgz 16122ms (cache miss)
2175 http fetch GET 200 https://registry.npmjs.org/glob/-/glob-7.2.3.tgz 16136ms (cache miss)
2176 warn deprecated glob@7.2.3: Old versions of glob are not supported, and contain widely publicized security vulnerabilities, which have been fixed in the current version. Please update. Support for old versions may be purchased (at exorbitant rates) by contacting i@izs.me
2177 http fetch GET 200 https://registry.npmjs.org/v8-to-istanbul/-/v8-to-istanbul-9.3.0.tgz 16156ms (cache miss)
2178 http fetch GET 200 https://registry.npmjs.org/slash/-/slash-3.0.0.tgz 16354ms (cache miss)
2179 http fetch GET 200 https://registry.npmjs.org/istanbul-lib-coverage/-/istanbul-lib-coverage-3.2.2.tgz 16366ms (cache miss)
2180 http fetch GET 200 https://registry.npmjs.org/collect-v8-coverage/-/collect-v8-coverage-1.0.3.tgz 16487ms (cache miss)
2181 http fetch GET 200 https://registry.npmjs.org/@jridgewell/trace-mapping/-/trace-mapping-0.3.31.tgz 16803ms (cache miss)
2182 http fetch GET 200 https://registry.npmjs.org/istanbul-lib-source-maps/-/istanbul-lib-source-maps-4.0.1.tgz 16849ms (cache miss)
2183 http fetch GET 200 https://registry.npmjs.org/istanbul-lib-report/-/istanbul-lib-report-3.0.1.tgz 16986ms (cache miss)
2184 http fetch GET 200 https://registry.npmjs.org/strip-ansi/-/strip-ansi-6.0.1.tgz 17018ms (cache miss)
2185 http fetch GET 200 https://registry.npmjs.org/@babel/helper-module-transforms/-/helper-module-transforms-7.29.7.tgz 17274ms (cache miss)
2186 http fetch GET 200 https://registry.npmjs.org/jest-watcher/-/jest-watcher-29.7.0.tgz 17536ms (cache miss)
2187 http fetch GET 200 https://registry.npmjs.org/micromatch/-/micromatch-4.0.8.tgz 17682ms (cache miss)
2188 http fetch GET 200 https://registry.npmjs.org/@babel/traverse/-/traverse-7.29.8.tgz 17712ms (cache miss)
2189 http fetch GET 200 https://registry.npmjs.org/pretty-format/-/pretty-format-29.7.0.tgz 17718ms (cache miss)
2190 http fetch GET 200 https://registry.npmjs.org/jest-resolve-dependencies/-/jest-resolve-dependencies-29.7.0.tgz 18107ms (cache miss)
2191 http fetch GET 200 https://registry.npmjs.org/jest-validate/-/jest-validate-29.7.0.tgz 18138ms (cache miss)
2192 http fetch GET 200 https://registry.npmjs.org/@babel/helpers/-/helpers-7.29.7.tgz 18376ms (cache miss)
2193 http fetch GET 200 https://registry.npmjs.org/jest-snapshot/-/jest-snapshot-29.7.0.tgz 18577ms (cache miss)
2194 http fetch GET 200 https://registry.npmjs.org/jest-resolve/-/jest-resolve-29.7.0.tgz 18615ms (cache miss)
2195 http fetch GET 200 https://registry.npmjs.org/jest-util/-/jest-util-29.7.0.tgz 18635ms (cache miss)
2196 http fetch GET 200 https://registry.npmjs.org/jest-regex-util/-/jest-regex-util-29.6.3.tgz 18649ms (cache miss)
2197 http fetch GET 200 https://registry.npmjs.org/@bcoe/v8-coverage/-/v8-coverage-0.2.3.tgz 19109ms (cache miss)
2198 http fetch GET 200 https://registry.npmjs.org/exit/-/exit-0.1.2.tgz 19148ms (cache miss)
2199 http fetch GET 200 https://registry.npmjs.org/ci-info/-/ci-info-3.9.0.tgz 19180ms (cache miss)
2200 http fetch GET 200 https://registry.npmjs.org/jest-message-util/-/jest-message-util-29.7.0.tgz 19291ms (cache miss)
2201 http fetch GET 200 https://registry.npmjs.org/jest-runner/-/jest-runner-29.7.0.tgz 19450ms (cache miss)
2202 http fetch GET 200 https://registry.npmjs.org/jest-runtime/-/jest-runtime-29.7.0.tgz 19465ms (cache miss)
2203 http fetch GET 200 https://registry.npmjs.org/ansi-escapes/-/ansi-escapes-4.3.2.tgz 19475ms (cache miss)
2204 http fetch GET 200 https://registry.npmjs.org/@babel/types/-/types-7.29.8.tgz 19501ms (cache miss)
2205 http fetch GET 200 https://registry.npmjs.org/jest-haste-map/-/jest-haste-map-29.7.0.tgz 19567ms (cache miss)
2206 http fetch GET 200 https://registry.npmjs.org/import-local/-/import-local-3.2.0.tgz 19747ms (cache miss)
2207 http fetch GET 200 https://registry.npmjs.org/graceful-fs/-/graceful-fs-4.2.11.tgz 19772ms (cache miss)
2208 http fetch GET 200 https://registry.npmjs.org/chalk/-/chalk-4.1.2.tgz 19923ms (cache miss)
2209 http fetch GET 200 https://registry.npmjs.org/@jest/console/-/console-29.7.0.tgz 19973ms (cache miss)
2210 http fetch GET 200 https://registry.npmjs.org/jest-cli/-/jest-cli-29.7.0.tgz 20001ms (cache miss)
2211 http fetch GET 200 https://registry.npmjs.org/jest/-/jest-29.7.0.tgz 20016ms (cache miss)
2212 http fetch GET 200 https://registry.npmjs.org/@jest/types/-/types-29.6.3.tgz 20398ms (cache miss)
2213 http fetch GET 200 https://registry.npmjs.org/jest-changed-files/-/jest-changed-files-29.7.0.tgz 20414ms (cache miss)
2214 http fetch GET 200 https://registry.npmjs.org/@jest/test-result/-/test-result-29.7.0.tgz 20466ms (cache miss)
2215 http fetch GET 200 https://registry.npmjs.org/supports-color/-/supports-color-8.1.1.tgz 20519ms (cache miss)
2216 http fetch GET 200 https://registry.npmjs.org/jest-config/-/jest-config-29.7.0.tgz 20569ms (cache miss)
2217 http fetch GET 200 https://registry.npmjs.org/p-limit/-/p-limit-2.3.0.tgz 20849ms (cache miss)
2218 http fetch GET 200 https://registry.npmjs.org/@jest/core/-/core-29.7.0.tgz 20976ms (cache miss)
2219 http fetch GET 200 https://registry.npmjs.org/istanbul-reports/-/istanbul-reports-3.2.0.tgz 21067ms (cache miss)
2220 http fetch GET 200 https://registry.npmjs.org/@jest/transform/-/transform-29.7.0.tgz 21148ms (cache miss)
2221 http fetch GET 200 https://registry.npmjs.org/ansi-styles/-/ansi-styles-5.2.0.tgz 21286ms (cache miss)
2222 http fetch GET 200 https://registry.npmjs.org/istanbul-lib-instrument/-/istanbul-lib-instrument-5.2.1.tgz 21363ms (cache miss)
2223 http fetch GET 200 https://registry.npmjs.org/camelcase/-/camelcase-6.3.0.tgz 21396ms (cache miss)
2224 http fetch GET 200 https://registry.npmjs.org/semver/-/semver-7.8.5.tgz 22683ms (cache miss)
2225 http fetch GET 200 https://registry.npmjs.org/semver/-/semver-7.8.5.tgz 23380ms (cache miss)
2226 http fetch GET 200 https://registry.npmjs.org/@jest/reporters/-/reporters-29.7.0.tgz 23677ms (cache miss)
2227 http fetch GET 200 https://registry.npmjs.org/semver/-/semver-7.8.5.tgz 25118ms (cache miss)
2228 http fetch GET 200 https://registry.npmjs.org/@types/node/-/node-26.1.2.tgz 35262ms (cache miss)
2229 http fetch GET 200 https://registry.npmjs.org/caniuse-lite/-/caniuse-lite-1.0.30001809.tgz 36474ms (cache miss)
2230 http fetch GET 200 https://registry.npmjs.org/@babel/parser/-/parser-7.29.8.tgz 52750ms (cache miss)
2231 silly ADD node_modules/p-try
2232 silly ADD node_modules/is-fullwidth-code-point
2233 silly ADD node_modules/emoji-regex
2234 silly ADD node_modules/wrap-ansi
2235 silly ADD node_modules/yargs-parser
2236 silly ADD node_modules/y18n
2237 silly ADD node_modules/string-width
2238 silly ADD node_modules/require-directory
2239 silly ADD node_modules/get-caller-file
2240 silly ADD node_modules/cliui
2241 silly ADD node_modules/imurmurhash
2242 silly ADD node_modules/isexe
2243 silly ADD node_modules/tmpl
2244 silly ADD node_modules/makeerror
2245 silly ADD node_modules/escalade
2246 silly ADD node_modules/is-number
2247 silly ADD node_modules/has-flag
2248 silly ADD node_modules/ansi-regex
2249 silly ADD node_modules/char-regex
2250 silly ADD node_modules/escape-string-regexp
2251 silly ADD node_modules/buffer-from
2252 silly ADD node_modules/shebang-regex
2253 silly ADD node_modules/function-bind
2254 silly ADD node_modules/hasown
2255 silly ADD node_modules/supports-preserve-symlinks-flag
2256 silly ADD node_modules/path-parse
2257 silly ADD node_modules/is-core-module
2258 silly ADD node_modules/es-errors
2259 silly ADD node_modules/sisteransi
2260 silly ADD node_modules/kleur
2261 silly ADD node_modules/react-is
2262 silly ADD node_modules/is-arrayish
2263 silly ADD node_modules/lines-and-columns
2264 silly ADD node_modules/json-parse-even-better-errors
2265 silly ADD node_modules/error-ex
2266 silly ADD node_modules/yocto-queue
2267 silly ADD node_modules/mimic-fn
2268 silly ADD node_modules/concat-map
2269 silly ADD node_modules/balanced-match
2270 silly ADD node_modules/brace-expansion
2271 silly ADD node_modules/to-regex-range
2272 silly ADD node_modules/fill-range
2273 silly ADD node_modules/braces
2274 silly ADD node_modules/yallist
2275 silly ADD node_modules/p-locate
2276 silly ADD node_modules/p-locate/node_modules/p-limit
2277 silly ADD node_modules/sprintf-js
2278 silly ADD node_modules/esprima
2279 silly ADD node_modules/argparse
2280 silly ADD node_modules/leven
2281 silly ADD node_modules/natural-compare
2282 silly ADD node_modules/@babel/plugin-syntax-typescript
2283 silly ADD node_modules/@babel/plugin-syntax-jsx
2284 silly ADD node_modules/callsites
2285 silly ADD node_modules/strip-bom
2286 silly ADD node_modules/cjs-module-lexer
2287 silly ADD node_modules/@jest/source-map
2288 silly ADD node_modules/@jest/globals
2289 silly ADD node_modules/detect-newline
2290 silly ADD node_modules/source-map-support
2291 silly ADD node_modules/jest-leak-detector
2292 silly ADD node_modules/jest-docblock
2293 silly ADD node_modules/emittery
2294 silly ADD node_modules/resolve.exports
2295 silly ADD node_modules/resolve
2296 silly ADD node_modules/jest-pnp-resolver
2297 silly ADD node_modules/@types/stack-utils
2298 silly ADD node_modules/diff-sequences
2299 silly ADD node_modules/jest-diff
2300 silly ADD node_modules/node-int64
2301 silly ADD node_modules/bser
2302 silly ADD node_modules/picomatch
2303 silly ADD node_modules/normalize-path
2304 silly ADD node_modules/walker
2305 silly ADD
2306 silly ADD node_modules/fb-watchman
2307 silly ADD node_modules/anymatch
2308 silly ADD node_modules/@types/graceful-fs
2309 silly ADD node_modules/@jest/expect-utils
2310 silly ADD node_modules/type-detect
2311 silly ADD node_modules/@sinonjs/commons
2312 silly ADD node_modules/@sinonjs/fake-timers
2313 silly ADD node_modules/expect
2314 silly ADD node_modules/jest-mock
2315 silly ADD node_modules/@jest/fake-timers
2316 silly ADD node_modules/stack-utils
2317 silly ADD node_modules/pure-rand
2318 silly ADD node_modules/jest-matcher-utils
2319 silly ADD node_modules/jest-each
2320 silly ADD node_modules/is-generator-fn
2321 silly ADD node_modules/dedent
2322 silly ADD node_modules/co
2323 silly ADD node_modules/@jest/expect
2324 silly ADD node_modules/@jest/environment
2325 silly ADD node_modules/@babel/plugin-syntax-top-level-await
2326 silly ADD node_modules/@babel/plugin-syntax-private-property-in-object
2327 silly ADD node_modules/@babel/plugin-syntax-optional-chaining
2328 silly ADD node_modules/@babel/plugin-syntax-optional-catch-binding
2329 silly ADD node_modules/@babel/plugin-syntax-object-rest-spread
2330 silly ADD node_modules/@babel/plugin-syntax-numeric-separator
2331 silly ADD node_modules/@babel/plugin-syntax-nullish-coalescing-operator
2332 silly ADD node_modules/@babel/plugin-syntax-logical-assignment-operators
2333 silly ADD node_modules/@babel/plugin-syntax-json-strings
2334 silly ADD node_modules/@babel/plugin-syntax-import-meta
2335 silly ADD node_modules/@babel/plugin-syntax-import-attributes
2336 silly ADD node_modules/@babel/plugin-syntax-class-static-block
2337 silly ADD node_modules/@babel/plugin-syntax-class-properties
2338 silly ADD node_modules/@babel/plugin-syntax-bigint
2339 silly ADD node_modules/@babel/plugin-syntax-async-generators
2340 silly ADD node_modules/babel-preset-current-node-syntax
2341 silly ADD node_modules/babel-plugin-jest-hoist
2342 silly ADD node_modules/@types/babel__traverse
2343 silly ADD node_modules/@types/babel__template
2344 silly ADD node_modules/@types/babel__generator
2345 silly ADD node_modules/babel-preset-jest
2346 silly ADD node_modules/@types/babel__core
2347 silly ADD node_modules/strip-json-comments
2348 silly ADD node_modules/parse-json
2349 silly ADD node_modules/jest-get-type
2350 silly ADD node_modules/jest-environment-node
2351 silly ADD node_modules/jest-circus
2352 silly ADD node_modules/deepmerge
2353 silly ADD node_modules/babel-jest
2354 silly ADD node_modules/@jest/test-sequencer
2355 silly ADD node_modules/prompts
2356 silly ADD node_modules/yargs
2357 silly ADD node_modules/create-jest
2358 silly ADD node_modules/which
2359 silly ADD node_modules/shebang-command
2360 silly ADD node_modules/path-key
2361 silly ADD node_modules/strip-final-newline
2362 silly ADD node_modules/signal-exit
2363 silly ADD node_modules/onetime
2364 silly ADD node_modules/npm-run-path
2365 silly ADD node_modules/merge-stream
2366 silly ADD node_modules/is-stream
2367 silly ADD node_modules/human-signals
2368 silly ADD node_modules/get-stream
2369 silly ADD node_modules/cross-spawn
2370 silly ADD node_modules/p-limit
2371 silly ADD node_modules/execa
2372 silly ADD node_modules/html-escaper
2373 silly ADD node_modules/source-map
2374 silly ADD node_modules/make-dir
2375 silly ADD node_modules/make-dir/node_modules/semver
2376 silly ADD node_modules/wrappy
2377 silly ADD node_modules/resolve-cwd
2378 silly ADD node_modules/pkg-dir
2379 silly ADD node_modules/path-is-absolute
2380 silly ADD node_modules/once
2381 silly ADD node_modules/minimatch
2382 silly ADD node_modules/inherits
2383 silly ADD node_modules/inflight
2384 silly ADD node_modules/fs.realpath
2385 silly ADD node_modules/path-exists
2386 silly ADD node_modules/locate-path
2387 silly ADD node_modules/ms
2388 silly ADD node_modules/color-name
2389 silly ADD node_modules/color-convert
2390 silly ADD node_modules/supports-color
2391 silly ADD node_modules/ansi-styles
2392 silly ADD node_modules/update-browserslist-db
2393 silly ADD node_modules/node-releases
2394 silly ADD node_modules/electron-to-chromium
2395 silly ADD node_modules/caniuse-lite
2396 silly ADD node_modules/baseline-browser-mapping
2397 silly ADD node_modules/resolve-from
2398 silly ADD node_modules/js-yaml
2399 silly ADD node_modules/get-package-type
2400 silly ADD node_modules/find-up
2401 silly ADD node_modules/camelcase
2402 silly ADD node_modules/test-exclude
2403 silly ADD node_modules/@istanbuljs/schema
2404 silly ADD node_modules/@istanbuljs/load-nyc-config
2405 silly ADD node_modules/@babel/helper-plugin-utils
2406 silly ADD node_modules/type-fest
2407 silly ADD node_modules/@types/yargs-parser
2408 silly ADD node_modules/undici-types
2409 silly ADD node_modules/@types/istanbul-lib-report
2410 silly ADD node_modules/@jridgewell/resolve-uri
2411 silly ADD node_modules/@jridgewell/sourcemap-codec
2412 silly ADD node_modules/@sinclair/typebox
2413 silly ADD node_modules/@types/yargs
2414 silly ADD node_modules/@types/istanbul-reports
2415 silly ADD node_modules/@jest/schemas
2416 silly ADD node_modules/@babel/helper-string-parser
2417 silly ADD node_modules/@babel/helper-globals
2418 silly ADD node_modules/@babel/helper-module-imports
2419 silly ADD node_modules/lru-cache
2420 silly ADD node_modules/browserslist
2421 silly ADD node_modules/@babel/helper-validator-option
2422 silly ADD node_modules/@babel/compat-data
2423 silly ADD node_modules/jsesc
2424 silly ADD node_modules/@jridgewell/gen-mapping
2425 silly ADD node_modules/picocolors
2426 silly ADD node_modules/js-tokens
2427 silly ADD node_modules/@babel/helper-validator-identifier
2428 silly ADD node_modules/semver
2429 silly ADD node_modules/json5
2430 silly ADD node_modules/gensync
2431 silly ADD node_modules/debug
2432 silly ADD node_modules/@jridgewell/remapping
2433 silly ADD node_modules/@babel/types
2434 silly ADD node_modules/@babel/traverse
2435 silly ADD node_modules/@babel/template
2436 silly ADD node_modules/@babel/parser
2437 silly ADD node_modules/@babel/helpers
2438 silly ADD node_modules/@babel/helper-module-transforms
2439 silly ADD node_modules/@babel/helper-compilation-targets
2440 silly ADD node_modules/@babel/generator
2441 silly ADD node_modules/@babel/code-frame
2442 silly ADD node_modules/write-file-atomic
2443 silly ADD node_modules/pirates
2444 silly ADD node_modules/fast-json-stable-stringify
2445 silly ADD node_modules/convert-source-map
2446 silly ADD node_modules/babel-plugin-istanbul
2447 silly ADD node_modules/babel-plugin-istanbul/node_modules/istanbul-lib-instrument
2448 silly ADD node_modules/@babel/core
2449 silly ADD node_modules/@types/istanbul-lib-coverage
2450 silly ADD node_modules/v8-to-istanbul
2451 silly ADD node_modules/string-length
2452 silly ADD node_modules/jest-worker
2453 silly ADD node_modules/jest-worker/node_modules/supports-color
2454 silly ADD node_modules/istanbul-reports
2455 silly ADD node_modules/istanbul-lib-source-maps
2456 silly ADD node_modules/istanbul-lib-report
2457 silly ADD node_modules/istanbul-lib-instrument
2458 silly ADD node_modules/istanbul-lib-instrument/node_modules/semver
2459 silly ADD node_modules/istanbul-lib-coverage
2460 silly ADD node_modules/glob
2461 silly ADD node_modules/collect-v8-coverage
2462 silly ADD node_modules/@jridgewell/trace-mapping
2463 silly ADD node_modules/@bcoe/v8-coverage
2464 silly ADD node_modules/strip-ansi
2465 silly ADD node_modules/slash
2466 silly ADD node_modules/pretty-format
2467 silly ADD node_modules/pretty-format/node_modules/ansi-styles
2468 silly ADD node_modules/micromatch
2469 silly ADD node_modules/jest-watcher
2470 silly ADD node_modules/jest-validate
2471 silly ADD node_modules/jest-validate/node_modules/camelcase
2472 silly ADD node_modules/jest-util
2473 silly ADD node_modules/jest-snapshot
2474 silly ADD node_modules/jest-snapshot/node_modules/semver
2475 silly ADD node_modules/jest-runtime
2476 silly ADD node_modules/jest-runner
2477 silly ADD node_modules/jest-resolve-dependencies
2478 silly ADD node_modules/jest-resolve
2479 silly ADD node_modules/jest-regex-util
2480 silly ADD node_modules/jest-message-util
2481 silly ADD node_modules/jest-haste-map
2482 silly ADD node_modules/jest-config
2483 silly ADD node_modules/jest-changed-files
2484 silly ADD node_modules/graceful-fs
2485 silly ADD node_modules/exit
2486 silly ADD node_modules/ci-info
2487 silly ADD node_modules/chalk
2488 silly ADD node_modules/ansi-escapes
2489 silly ADD node_modules/@types/node
2490 silly ADD node_modules/@jest/transform
2491 silly ADD node_modules/@jest/test-result
2492 silly ADD node_modules/@jest/reporters
2493 silly ADD node_modules/@jest/console
2494 silly ADD node_modules/jest-cli
2495 silly ADD node_modules/import-local
2496 silly ADD node_modules/@jest/types
2497 silly ADD node_modules/@jest/core
2498 silly ADD node_modules/jest
2499 verbose cwd /workspace/wt-b19c772504
2500 verbose os Linux 5.15.0-177-generic
2501 verbose node v22.14.0
2502 verbose npm  v10.9.2
2503 verbose exit 0
2504 info ok
